{
    "time_var": 60,
    "max_cap": 9999999999,
    "max_shift_size": 24,
    "max_shift_blocks": 24,
    "hours_in_day": 24,
    "resources": [
        {
            "id": "677timetable",
            "constraints": {
                "global_constraints": {
                    "max_weekly_cap": 72.0,
                    "max_daily_cap": 14.0,
                    "max_consecutive_cap": 13.0,
                    "max_shifts_day": 24,
                    "max_shifts_week": 72.0,
                    "is_human": true
                },
                "daily_start_times": {
                    "monday": "00:00:00",
                    "tuesday": "00:00:00",
                    "wednesday": "00:00:00",
                    "thursday": "00:00:00",
                    "friday": "00:00:00",
                    "saturday": "00:00:00",
                    "sunday": "00:00:00"
                },
                "never_work_masks": {
                    "monday": 8388609,
                    "tuesday": 8388609,
                    "wednesday": 8388609,
                    "thursday": 8388609,
                    "friday": 8388609,
                    "saturday": 8388609,
                    "sunday": 8388609
                },
                "always_work_masks": {
                    "monday": 0,
                    "tuesday": 0,
                    "wednesday": 0,
                    "thursday": 0,
                    "friday": 0,
                    "saturday": 0,
                    "sunday": 0
                }
            }
        },
        {
            "id": "3445timetable",
            "constraints": {
                "global_constraints": {
                    "max_weekly_cap": 46.0,
                    "max_daily_cap": 11.0,
                    "max_consecutive_cap": 7.0,
                    "max_shifts_day": 24,
                    "max_shifts_week": 46.0,
                    "is_human": true
                },
                "daily_start_times": {
                    "monday": "00:00:00",
                    "tuesday": "00:00:00",
                    "wednesday": "00:00:00",
                    "thursday": "00:00:00",
                    "friday": "00:00:00",
                    "saturday": null,
                    "sunday": null
                },
                "never_work_masks": {
                    "monday": 8388609,
                    "tuesday": 8388609,
                    "wednesday": 8388609,
                    "thursday": 8388609,
                    "friday": 8388609,
                    "saturday": 16777215,
                    "sunday": 16777215
                },
                "always_work_masks": {
                    "monday": 0,
                    "tuesday": 0,
                    "wednesday": 0,
                    "thursday": 0,
                    "friday": 0,
                    "saturday": 0,
                    "sunday": 0
                }
            }
        },
        {
            "id": "Joint_Recepcion de documentos_0timetable",
            "constraints": {
                "global_constraints": {
                    "max_weekly_cap": 9.0,
                    "max_daily_cap": 2.0,
                    "max_consecutive_cap": 2.0,
                    "max_shifts_day": 24,
                    "max_shifts_week": 9.0,
                    "is_human": true
                },
                "daily_start_times": {
                    "monday": "12:00:00",
                    "tuesday": "12:00:00",
                    "wednesday": "12:00:00",
                    "thursday": "12:00:00",
                    "friday": "12:00:00",
                    "saturday": null,
                    "sunday": null
                },
                "never_work_masks": {
                    "monday": 8388609,
                    "tuesday": 8388609,
                    "wednesday": 8388609,
                    "thursday": 8388609,
                    "friday": 8388609,
                    "saturday": 16777215,
                    "sunday": 16777215
                },
                "always_work_masks": {
                    "monday": 0,
                    "tuesday": 0,
                    "wednesday": 0,
                    "thursday": 0,
                    "friday": 0,
                    "saturday": 0,
                    "sunday": 0
                }
            }
        },
        {
            "id": "Joint_Avanzar recepcion documentos_0timetable",
            "constraints": {
                "global_constraints": {
                    "max_weekly_cap": 4.0,
                    "max_daily_cap": 3.0,
                    "max_consecutive_cap": 2.0,
                    "max_shifts_day": 24,
                    "max_shifts_week": 4.0,
                    "is_human": true
                },
                "daily_start_times": {
                    "monday": null,
                    "tuesday": null,
                    "wednesday": "14:00:00",
                    "thursday": null,
                    "friday": "14:00:00",
                    "saturday": null,
                    "sunday": null
                },
                "never_work_masks": {
                    "monday": 16777215,
                    "tuesday": 16777215,
                    "wednesday": 8388609,
                    "thursday": 16777215,
                    "friday": 8388609,
                    "saturday": 16777215,
                    "sunday": 16777215
                },
                "always_work_masks": {
                    "monday": 0,
                    "tuesday": 0,
                    "wednesday": 0,
                    "thursday": 0,
                    "friday": 0,
                    "saturday": 0,
                    "sunday": 0
                }
            }
        },
        {
            "id": "Start_COPYa317e5fd5c_COPYe273c86f11timetable",
            "constraints": {
                "global_constraints": {
                    "max_weekly_cap": 95.0,
                    "max_daily_cap": 16.0,
                    "max_consecutive_cap": 14.0,
                    "max_shifts_day": 24,
                    "max_shifts_week": 95.0,
                    "is_human": true
                },
                "daily_start_times": {
                    "monday": "00:00:00",
                    "tuesday": "00:00:00",
                    "wednesday": "00:00:00",
                    "thursday": "00:00:00",
                    "friday": "00:00:00",
                    "saturday": "00:00:00",
                    "sunday": "00:00:00"
                },
                "never_work_masks": {
                    "monday": 8388609,
                    "tuesday": 8388609,
                    "wednesday": 8388609,
                    "thursday": 8388609,
                    "friday": 8388609,
                    "saturday": 8388609,
                    "sunday": 8388609
                },
                "always_work_masks": {
                    "monday": 0,
                    "tuesday": 0,
                    "wednesday": 0,
                    "thursday": 0,
                    "friday": 0,
                    "saturday": 0,
                    "sunday": 0
                }
            }
        },
        {
            "id": "Joint_Traer informacion estudiante - banner_0_COPY79cdc784aftimetable",
            "constraints": {
                "global_constraints": {
                    "max_weekly_cap": 94.0,
                    "max_daily_cap": 15.0,
                    "max_consecutive_cap": 13.0,
                    "max_shifts_day": 24,
                    "max_shifts_week": 94.0,
                    "is_human": true
                },
                "daily_start_times": {
                    "monday": "00:00:00",
                    "tuesday": "00:00:00",
                    "wednesday": "00:00:00",
                    "thursday": "00:00:00",
                    "friday": "00:00:00",
                    "saturday": "00:00:00",
                    "sunday": "00:00:00"
                },
                "never_work_masks": {
                    "monday": 8388609,
                    "tuesday": 8388609,
                    "wednesday": 8388609,
                    "thursday": 8388609,
                    "friday": 8388609,
                    "saturday": 8388609,
                    "sunday": 8388609
                },
                "always_work_masks": {
                    "monday": 0,
                    "tuesday": 0,
                    "wednesday": 0,
                    "thursday": 0,
                    "friday": 0,
                    "saturday": 0,
                    "sunday": 0
                }
            }
        },
        {
            "id": "End_COPY6426a4dfeftimetable",
            "constraints": {
                "global_constraints": {
                    "max_weekly_cap": 78.0,
                    "max_daily_cap": 13.0,
                    "max_consecutive_cap": 13.0,
                    "max_shifts_day": 24,
                    "max_shifts_week": 78.0,
                    "is_human": true
                },
                "daily_start_times": {
                    "monday": "00:00:00",
                    "tuesday": "00:00:00",
                    "wednesday": "00:00:00",
                    "thursday": "00:00:00",
                    "friday": "00:00:00",
                    "saturday": "00:00:00",
                    "sunday": "00:00:00"
                },
                "never_work_masks": {
                    "monday": 8388609,
                    "tuesday": 8388609,
                    "wednesday": 8388609,
                    "thursday": 8388609,
                    "friday": 8388609,
                    "saturday": 8388609,
                    "sunday": 8388609
                },
                "always_work_masks": {
                    "monday": 0,
                    "tuesday": 0,
                    "wednesday": 0,
                    "thursday": 0,
                    "friday": 0,
                    "saturday": 0,
                    "sunday": 0
                }
            }
        },
        {
            "id": "Joint_Cancelar Solicitud_0_COPY06ab5fd0f9_COPY4925d4da90timetable",
            "constraints": {
                "global_constraints": {
                    "max_weekly_cap": 76.0,
                    "max_daily_cap": 15.0,
                    "max_consecutive_cap": 10.0,
                    "max_shifts_day": 24,
                    "max_shifts_week": 76.0,
                    "is_human": true
                },
                "daily_start_times": {
                    "monday": "00:00:00",
                    "tuesday": "00:00:00",
                    "wednesday": "00:00:00",
                    "thursday": "00:00:00",
                    "friday": "00:00:00",
                    "saturday": "00:00:00",
                    "sunday": "00:00:00"
                },
                "never_work_masks": {
                    "monday": 8388609,
                    "tuesday": 8388609,
                    "wednesday": 8388609,
                    "thursday": 8388609,
                    "friday": 8388609,
                    "saturday": 8388609,
                    "sunday": 8388609
                },
                "always_work_masks": {
                    "monday": 0,
                    "tuesday": 0,
                    "wednesday": 0,
                    "thursday": 0,
                    "friday": 0,
                    "saturday": 0,
                    "sunday": 0
                }
            }
        },
        {
            "id": "Joint_Cancelar Solicitud_0_COPY06ab5fd0f9_COPY4925d4da90_COPYef6510a687timetable",
            "constraints": {
                "global_constraints": {
                    "max_weekly_cap": 76.0,
                    "max_daily_cap": 15.0,
                    "max_consecutive_cap": 10.0,
                    "max_shifts_day": 24,
                    "max_shifts_week": 76.0,
                    "is_human": true
                },
                "daily_start_times": {
                    "monday": "00:00:00",
                    "tuesday": "00:00:00",
                    "wednesday": "00:00:00",
                    "thursday": "00:00:00",
                    "friday": "00:00:00",
                    "saturday": "00:00:00",
                    "sunday": "00:00:00"
                },
                "never_work_masks": {
                    "monday": 8388609,
                    "tuesday": 8388609,
                    "wednesday": 8388609,
                    "thursday": 8388609,
                    "friday": 8388609,
                    "saturday": 8388609,
                    "sunday": 8388609
                },
                "always_work_masks": {
                    "monday": 0,
                    "tuesday": 0,
                    "wednesday": 0,
                    "thursday": 0,
                    "friday": 0,
                    "saturday": 0,
                    "sunday": 0
                }
            }
        },
        {
            "id": "Joint_Radicar Solicitud Homologacion_0_COPY9ec6be8ff9_COPYd26b4044f6timetable",
            "constraints": {
                "global_constraints": {
                    "max_weekly_cap": 95.0,
                    "max_daily_cap": 15.0,
                    "max_consecutive_cap": 13.0,
                    "max_shifts_day": 24,
                    "max_shifts_week": 95.0,
                    "is_human": true
                },
                "daily_start_times": {
                    "monday": "00:00:00",
                    "tuesday": "00:00:00",
                    "wednesday": "00:00:00",
                    "thursday": "00:00:00",
                    "friday": "00:00:00",
                    "saturday": "00:00:00",
                    "sunday": "00:00:00"
                },
                "never_work_masks": {
                    "monday": 8388609,
                    "tuesday": 8388609,
                    "wednesday": 8388609,
                    "thursday": 8388609,
                    "friday": 8388609,
                    "saturday": 8388609,
                    "sunday": 8388609
                },
                "always_work_masks": {
                    "monday": 0,
                    "tuesday": 0,
                    "wednesday": 0,
                    "thursday": 0,
                    "friday": 0,
                    "saturday": 0,
                    "sunday": 0
                }
            }
        },
        {
            "id": "Joint_Cancelar Solicitud_0_COPY06ab5fd0f9_COPY4925d4da90_COPYef6510a687_COPYeade5db5e3timetable",
            "constraints": {
                "global_constraints": {
                    "max_weekly_cap": 76.0,
                    "max_daily_cap": 15.0,
                    "max_consecutive_cap": 10.0,
                    "max_shifts_day": 24,
                    "max_shifts_week": 76.0,
                    "is_human": true
                },
                "daily_start_times": {
                    "monday": "00:00:00",
                    "tuesday": "00:00:00",
                    "wednesday": "00:00:00",
                    "thursday": "00:00:00",
                    "friday": "00:00:00",
                    "saturday": "00:00:00",
                    "sunday": "00:00:00"
                },
                "never_work_masks": {
                    "monday": 8388609,
                    "tuesday": 8388609,
                    "wednesday": 8388609,
                    "thursday": 8388609,
                    "friday": 8388609,
                    "saturday": 8388609,
                    "sunday": 8388609
                },
                "always_work_masks": {
                    "monday": 0,
                    "tuesday": 0,
                    "wednesday": 0,
                    "thursday": 0,
                    "friday": 0,
                    "saturday": 0,
                    "sunday": 0
                }
            }
        }
    ]
}