3_3_2_2_5,4750355.647005778,0.09722222222222222,2022-10-24 16:25:57.919866+00:00,2023-07-26 15:05:42.447938+00:00,1.045651912689209,0.0,0.0,2309531.829118111,42810.19237281475
utilization
3_3_2_2_5,RESOURCE1,0.3946449787105531
3_3_2_2_5,RESOURCE2,0.370038665201121
3_3_2_2_5,RESOURCE3,0.9955800499802231
3_3_2_2_5,RESOURCE4,0.8650764078036253
3_3_2_2_5,RESOURCE5,0.0002033909416843241
pool_time_cost
3_3_2_2_5,RESOURCE1,4322.400000116011,494899.67766816664
3_3_2_2_5,RESOURCE2,4581.600000120846,494899.67766816664
3_3_2_2_5,RESOURCE3,13400.514138920998,659866.2368908889
3_3_2_2_5,RESOURCE4,20505.678233656894,659866.2368908889
3_3_2_2_5,RESOURCE5,0.0,0.0

3_3_2_2_5,5773752.497584603,0.09722222222222222,2022-10-24 16:25:57.937885+00:00,2023-08-16 13:15:03.309011+00:00,1.0396513938903809,0.0,0.0,2485286.3555261386,40284.859789438255
utilization
3_3_2_2_5,RESOURCE1,0.3756510916600817
3_3_2_2_5,RESOURCE2,0.3458568160861467
3_3_2_2_5,RESOURCE3,0.9987573622709117
3_3_2_2_5,RESOURCE4,0.8026815829343568
3_3_2_2_5,RESOURCE5,0.00019728111305486533
pool_time_cost
3_3_2_2_5,RESOURCE1,3626.400000119588,532561.3618984583
3_3_2_2_5,RESOURCE2,5522.400000124558,532561.3618984583
3_3_2_2_5,RESOURCE3,14409.242618859902,710081.8158646111
3_3_2_2_5,RESOURCE4,16726.817170334205,710081.8158646111
3_3_2_2_5,RESOURCE5,0.0,0.0

3_3_2_2_5,4418349.801134559,0.09722222222222222,2022-10-24 16:25:57.952422+00:00,2023-07-28 15:50:15.726514+00:00,1.0591926574707031,0.0,0.0,2326591.728036722,43644.15506635688
utilization
3_3_2_2_5,RESOURCE1,0.3905746356363205
3_3_2_2_5,RESOURCE2,0.36241442911407995
3_3_2_2_5,RESOURCE3,0.9966274217630247
3_3_2_2_5,RESOURCE4,0.848993027653577
3_3_2_2_5,RESOURCE5,0.00019207547077393326
pool_time_cost
3_3_2_2_5,RESOURCE1,5392.800000127173,498555.3702935833
3_3_2_2_5,RESOURCE2,4281.600000112091,498555.3702935833
3_3_2_2_5,RESOURCE3,13724.560260696098,664740.4937247777
3_3_2_2_5,RESOURCE4,19355.0129872397,664740.4937247777
3_3_2_2_5,RESOURCE5,890.1818181818181,0.0

3_3_2_2_5,5050732.975288199,0.09722222222222222,2022-10-24 16:25:57.970022+00:00,2023-08-11 13:16:14.925103+00:00,1.0656023025512695,0.0,0.0,2443293.3150773193,40361.712831936245
utilization
3_3_2_2_5,RESOURCE1,0.37198566242317554
3_3_2_2_5,RESOURCE2,0.3548137353483355
3_3_2_2_5,RESOURCE3,0.9986980289330321
3_3_2_2_5,RESOURCE4,0.8169309590131807
3_3_2_2_5,RESOURCE5,0.00019544949841168792
pool_time_cost
3_3_2_2_5,RESOURCE1,4240.800000119038,523562.85323085415
3_3_2_2_5,RESOURCE2,3554.4000001252916,523562.85323085415
3_3_2_2_5,RESOURCE3,14150.609365091754,698083.8043078055
3_3_2_2_5,RESOURCE4,18170.169678204256,698083.8043078055
3_3_2_2_5,RESOURCE5,245.73378839590444,0.0

3_3_2_2_5,5196722.897777576,0.09722222222222222,2022-10-24 16:25:57.985046+00:00,2023-08-04 14:23:07.124111+00:00,1.0200326442718506,181089.5434688097,250964.16041000187,2384883.388520208,38793.01991462369
utilization
3_3_2_2_5,RESOURCE1,0.37494389239160897
3_3_2_2_5,RESOURCE2,0.3494468136717904
3_3_2_2_5,RESOURCE3,0.9980662669788954
3_3_2_2_5,RESOURCE4,0.836473350739719
3_3_2_2_5,RESOURCE5,0.00018838117218919487
pool_time_cost
3_3_2_2_5,RESOURCE1,3604.80000012191,511046.4403971875
3_3_2_2_5,RESOURCE2,4761.600000123304,511046.4403971875
3_3_2_2_5,RESOURCE3,13871.134020728368,681395.2538629166
3_3_2_2_5,RESOURCE4,16555.485893650115,681395.2538629166
3_3_2_2_5,RESOURCE5,0.0,0.0

3_3_2_2_5,4957516.281981095,0.09722222222222222,2022-10-24 16:25:58.959526+00:00,2023-08-02 16:08:27.804667+00:00,0.9533979892730713,0.0,0.0,2368697.8043887084,39500.65922991579
utilization
3_3_2_2_5,RESOURCE1,0.3974185509550082
3_3_2_2_5,RESOURCE2,0.36029771960847884
3_3_2_2_5,RESOURCE3,0.9960636897550106
3_3_2_2_5,RESOURCE4,0.8375505760595877
3_3_2_2_5,RESOURCE5,0.00020290610758419552
pool_time_cost
3_3_2_2_5,RESOURCE1,4108.800000125134,507578.1009404375
3_3_2_2_5,RESOURCE2,4730.4000001236345,507578.1009404375
3_3_2_2_5,RESOURCE3,13824.742268142521,676770.8012539167
3_3_2_2_5,RESOURCE4,16836.7169615245,676770.8012539167
3_3_2_2_5,RESOURCE5,0.0,0.0

3_3_2_2_5,4511121.978861034,0.09722222222222222,2022-10-24 16:25:58.978542+00:00,2023-08-01 16:00:47.515382+00:00,0.9955763816833496,0.0,0.0,2360253.0521927774,39545.054198109574
utilization
3_3_2_2_5,RESOURCE1,0.39405764652283737
3_3_2_2_5,RESOURCE2,0.3563379557513581
3_3_2_2_5,RESOURCE3,0.9987534662962453
3_3_2_2_5,RESOURCE4,0.8469594144127152
3_3_2_2_5,RESOURCE5,0.00019841759981081047
pool_time_cost
3_3_2_2_5,RESOURCE1,4056.000000119742,505768.51118416665
3_3_2_2_5,RESOURCE2,4447.200000116611,505768.51118416665
3_3_2_2_5,RESOURCE3,13714.285714388412,674358.0149122222
3_3_2_2_5,RESOURCE4,17327.568483484803,674358.0149122222
3_3_2_2_5,RESOURCE5,0.0,0.0

3_3_2_2_5,5015633.354308766,0.09722222222222222,2022-10-24 16:25:59.007081+00:00,2023-08-02 14:44:46.734386+00:00,0.9760432243347168,0.0,0.0,2368209.6401546528,39715.8475990519
utilization
3_3_2_2_5,RESOURCE1,0.3851341440515457
3_3_2_2_5,RESOURCE2,0.3610707377930372
3_3_2_2_5,RESOURCE3,0.9990170454673323
3_3_2_2_5,RESOURCE4,0.8449013468941129
3_3_2_2_5,RESOURCE5,0.00019154397250899298
pool_time_cost
3_3_2_2_5,RESOURCE1,4399.200000112457,507473.4943188541
3_3_2_2_5,RESOURCE2,4291.200000114734,507473.4943188541
3_3_2_2_5,RESOURCE3,13833.655706106045,676631.3257584722
3_3_2_2_5,RESOURCE4,17191.791892718655,676631.3257584722
3_3_2_2_5,RESOURCE5,0.0,0.0

3_3_2_2_5,5256437.923605868,0.09722222222222222,2022-10-24 16:25:59.012594+00:00,2023-08-03 16:11:52.632804+00:00,1.0356581211090088,0.0,0.0,2377117.713075972,38432.67426657019
utilization
3_3_2_2_5,RESOURCE1,0.3750371982128318
3_3_2_2_5,RESOURCE2,0.3485482311328539
3_3_2_2_5,RESOURCE3,0.9952739883124615
3_3_2_2_5,RESOURCE4,0.8486159854612819
3_3_2_2_5,RESOURCE5,0.00016972620854979135
pool_time_cost
3_3_2_2_5,RESOURCE1,4048.8000001155256,509382.3670877083
3_3_2_2_5,RESOURCE2,3400.8000001266573,509382.3670877083
3_3_2_2_5,RESOURCE3,13849.740932757097,679176.4894502778
3_3_2_2_5,RESOURCE4,17133.333333570903,679176.4894502778
3_3_2_2_5,RESOURCE5,0.0,0.0

3_3_2_2_5,5256142.455228542,0.09722222222222222,2022-10-24 16:25:59.038133+00:00,2023-08-04 15:10:33.162448+00:00,1.0025980472564697,0.0,0.0,2385159.984308403,42732.52781129792
utilization
3_3_2_2_5,RESOURCE1,0.38919570807055154
3_3_2_2_5,RESOURCE2,0.3553412450105309
3_3_2_2_5,RESOURCE3,0.9989728087498096
3_3_2_2_5,RESOURCE4,0.8293594431948758
3_3_2_2_5,RESOURCE5,0.00019774474678012276
pool_time_cost
3_3_2_2_5,RESOURCE1,3840.0000001138847,511105.71092322917
3_3_2_2_5,RESOURCE2,4922.400000116239,511105.71092322917
3_3_2_2_5,RESOURCE3,13953.48837219867,681474.2812309723
3_3_2_2_5,RESOURCE4,20016.639438869122,681474.2812309723
3_3_2_2_5,RESOURCE5,0.0,0.0

3_3_2_2_5,5226068.222477045,0.09722222222222222,2022-10-24 16:25:59.913410+00:00,2023-08-07 16:59:22.248165+00:00,1.0568225383758545,0.0,0.0,2410994.6714345138,43763.78239505157
utilization
3_3_2_2_5,RESOURCE1,0.39020939148816763
3_3_2_2_5,RESOURCE2,0.35524427089609634
3_3_2_2_5,RESOURCE3,0.9981773110831443
3_3_2_2_5,RESOURCE4,0.8178317543749226
3_3_2_2_5,RESOURCE5,0.0002098847359412875
pool_time_cost
3_3_2_2_5,RESOURCE1,3676.80000011938,516641.7153073958
3_3_2_2_5,RESOURCE2,5673.600000120261,516641.7153073958
3_3_2_2_5,RESOURCE3,14102.517753489956,688855.6204098611
3_3_2_2_5,RESOURCE4,20310.864641321965,688855.6204098611
3_3_2_2_5,RESOURCE5,0.0,0.0

3_3_2_2_5,5844275.404210239,0.09722222222222222,2022-10-24 16:25:59.973617+00:00,2023-08-17 13:37:08.561480+00:00,1.0361778736114502,0.0,0.0,2493815.0015977914,38985.344177321575
utilization
3_3_2_2_5,RESOURCE1,0.36687184471676304
3_3_2_2_5,RESOURCE2,0.3353864882813848
3_3_2_2_5,RESOURCE3,0.9957234493651447
3_3_2_2_5,RESOURCE4,0.8062879992709141
3_3_2_2_5,RESOURCE5,0.00017729402675223518
pool_time_cost
3_3_2_2_5,RESOURCE1,4615.200000120067,534388.9289138124
3_3_2_2_5,RESOURCE2,3676.80000012078,534388.9289138124
3_3_2_2_5,RESOURCE3,14437.041800751891,712518.5718850832
3_3_2_2_5,RESOURCE4,16256.30237632883,712518.5718850832
3_3_2_2_5,RESOURCE5,0.0,0.0

3_3_2_2_5,5013516.975959805,0.09722222222222222,2022-10-24 16:25:59.982632+00:00,2023-08-03 16:05:05.996086+00:00,1.0571913719177246,0.0,0.0,2377078.084641361,40735.51298533819
utilization
3_3_2_2_5,RESOURCE1,0.3888131253004388
3_3_2_2_5,RESOURCE2,0.35040709323234986
3_3_2_2_5,RESOURCE3,0.9958504747028151
3_3_2_2_5,RESOURCE4,0.8434047037333732
3_3_2_2_5,RESOURCE5,0.00018823071934510207
pool_time_cost
3_3_2_2_5,RESOURCE1,3830.400000116654,509373.87528029166
3_3_2_2_5,RESOURCE2,4958.400000131208,509373.87528029166
3_3_2_2_5,RESOURCE3,13789.203084943376,679165.1670403889
3_3_2_2_5,RESOURCE4,18157.509900146946,679165.1670403889
3_3_2_2_5,RESOURCE5,0.0,0.0

3_3_2_2_5,5309309.387454676,0.09722222222222222,2022-10-24 16:26:00.040252+00:00,2023-08-04 13:43:32.737502+00:00,1.0304746627807617,0.0,0.0,2384652.345565972,40590.309846646574
utilization
3_3_2_2_5,RESOURCE1,0.38323560249470445
3_3_2_2_5,RESOURCE2,0.3571550782448376
3_3_2_2_5,RESOURCE3,0.9983652531425863
3_3_2_2_5,RESOURCE4,0.827438601818791
3_3_2_2_5,RESOURCE5,0.00022063951530306098
pool_time_cost
3_3_2_2_5,RESOURCE1,4228.800000118975,510996.9311927083
3_3_2_2_5,RESOURCE2,5085.600000116673,510996.9311927083
3_3_2_2_5,RESOURCE3,13810.741688085018,681329.2415902778
3_3_2_2_5,RESOURCE4,17465.16815832591,681329.2415902778
3_3_2_2_5,RESOURCE5,0.0,0.0

3_3_2_2_5,5347001.547185369,0.09722222222222222,2022-10-24 16:26:00.051309+00:00,2023-08-08 13:34:00.008674+00:00,1.015434741973877,0.0,0.0,2418196.662521597,40930.57400913639
utilization
3_3_2_2_5,RESOURCE1,0.3819332704113028
3_3_2_2_5,RESOURCE2,0.3572342442090148
3_3_2_2_5,RESOURCE3,0.9933126015818788
3_3_2_2_5,RESOURCE4,0.8210607735644113
3_3_2_2_5,RESOURCE5,0.00019891207561385904
pool_time_cost
3_3_2_2_5,RESOURCE1,3369.6000001284065,518184.99911177077
3_3_2_2_5,RESOURCE2,5064.000000121931,518184.99911177077
3_3_2_2_5,RESOURCE3,13944.48030998261,690913.3321490277
3_3_2_2_5,RESOURCE4,18552.493698903447,690913.3321490277
3_3_2_2_5,RESOURCE5,0.0,0.0

3_3_3_2_5,4865002.155441952,0.1111111111111111,2022-10-24 16:26:04.495156+00:00,2023-07-31 15:13:17.460554+00:00,1.0637500286102295,0.0,0.0,2687514.7739331108,41408.56789991866
utilization
3_3_3_2_5,RESOURCE1,0.4008702767522563
3_3_3_2_5,RESOURCE2,0.3604179989510764
3_3_3_2_5,RESOURCE3,0.9989771050483599
3_3_3_2_5,RESOURCE4,0.8420688775480274
3_3_3_2_5,RESOURCE5,0.00021490920692462785
pool_time_cost
3_3_3_2_5,RESOURCE1,4826.400000117948,503909.02011245827
3_3_3_2_5,RESOURCE2,4795.200000123218,503909.02011245827
3_3_3_2_5,RESOURCE3,13714.285714395986,1007818.0402249165
3_3_3_2_5,RESOURCE4,18072.68218528151,671878.6934832777
3_3_3_2_5,RESOURCE5,0.0,0.0

3_3_3_2_5,5380289.296738792,0.1111111111111111,2022-10-24 16:26:04.495156+00:00,2023-08-14 13:03:57.189035+00:00,1.0707550048828125,0.0,0.0,2821052.521542111,39972.648491240376
utilization
3_3_3_2_5,RESOURCE1,0.3727843057921684
3_3_3_2_5,RESOURCE2,0.3405827864511844
3_3_3_2_5,RESOURCE3,0.9983192915954272
3_3_3_2_5,RESOURCE4,0.8150410597768893
3_3_3_2_5,RESOURCE5,0.00019456333635579012
pool_time_cost
3_3_3_2_5,RESOURCE1,5546.400000113403,528947.3477891458
3_3_3_2_5,RESOURCE2,3669.600000124339,528947.3477891458
3_3_3_2_5,RESOURCE3,14114.395393578683,1057894.6955782915
3_3_3_2_5,RESOURCE4,16642.253097423953,705263.1303855277
3_3_3_2_5,RESOURCE5,0.0,0.0

3_3_3_2_5,5314669.659797812,0.1111111111111111,2022-10-24 16:26:04.505669+00:00,2023-08-03 13:30:29.096616+00:00,1.0808258056640625,0.0,0.0,2715629.398994111,40878.98371118579
utilization
3_3_3_2_5,RESOURCE1,0.3841713267752269
3_3_3_2_5,RESOURCE2,0.35851918317570225
3_3_3_2_5,RESOURCE3,0.9983344681787948
3_3_3_2_5,RESOURCE4,0.8349896158484479
3_3_3_2_5,RESOURCE5,0.00021217685068196216
pool_time_cost
3_3_3_2_5,RESOURCE1,4648.800000122759,509180.5123113958
3_3_3_2_5,RESOURCE2,4694.400000120932,509180.5123113958
3_3_3_2_5,RESOURCE3,13753.846153951343,1018361.0246227916
3_3_3_2_5,RESOURCE4,17781.93755699076,678907.3497485277
3_3_3_2_5,RESOURCE5,0.0,0.0

3_3_3_2_5,4445561.008568634,0.1111111111111111,2022-10-24 16:26:04.514188+00:00,2023-07-25 16:52:20.406501+00:00,1.07431960105896,0.0,0.0,2630575.099145889,38674.35900896457
utilization
3_3_3_2_5,RESOURCE1,0.39640822927115493
3_3_3_2_5,RESOURCE2,0.3654684264732072
3_3_3_2_5,RESOURCE3,0.996400000395565
3_3_3_2_5,RESOURCE4,0.8637053310379555
3_3_3_2_5,RESOURCE5,0.00019688553344717258
pool_time_cost
3_3_3_2_5,RESOURCE1,4180.8000001181745,493232.8310898541
3_3_3_2_5,RESOURCE2,4771.2000001241895,493232.8310898541
3_3_3_2_5,RESOURCE3,13504.663212544314,986465.6621797082
3_3_3_2_5,RESOURCE4,16217.695796177893,657643.7747864722
3_3_3_2_5,RESOURCE5,0.0,0.0

3_3_3_2_5,4766095.315400031,0.1111111111111111,2022-10-24 16:26:04.522703+00:00,2023-08-01 13:20:55.655394+00:00,1.0552918910980225,0.0,0.0,2696365.681410111,37175.23932469967
utilization
3_3_3_2_5,RESOURCE1,0.3885255856384011
3_3_3_2_5,RESOURCE2,0.3629572157892475
3_3_3_2_5,RESOURCE3,0.9946759038144252
3_3_3_2_5,RESOURCE4,0.8370842855817453
3_3_3_2_5,RESOURCE5,0.00021364474541462006
pool_time_cost
3_3_3_2_5,RESOURCE1,3672.0000001155395,505568.5652643958
3_3_3_2_5,RESOURCE2,4648.8000001242735,505568.5652643958
3_3_3_2_5,RESOURCE3,13749.677419469366,1011137.1305287916
3_3_3_2_5,RESOURCE4,15104.761904990493,674091.4203525278
3_3_3_2_5,RESOURCE5,0.0,0.0

3_3_3_2_5,4934192.0608965475,0.1111111111111111,2022-10-24 16:26:05.552957+00:00,2023-08-03 14:35:44.855697+00:00,0.9682378768920898,0.0,0.0,2716064.366971111,41211.707232974746
utilization
3_3_3_2_5,RESOURCE1,0.39409408218173014
3_3_3_2_5,RESOURCE2,0.3540763435237632
3_3_3_2_5,RESOURCE3,0.9929152118318676
3_3_3_2_5,RESOURCE4,0.8367649997447376
3_3_3_2_5,RESOURCE5,0.00019817736464665793
pool_time_cost
3_3_3_2_5,RESOURCE1,4579.2000001136685,509262.0688070833
3_3_3_2_5,RESOURCE2,4303.200000129155,509262.0688070833
3_3_3_2_5,RESOURCE3,13705.466238053126,1018524.1376141666
3_3_3_2_5,RESOURCE4,18623.84099467879,679016.0917427777
3_3_3_2_5,RESOURCE5,0.0,0.0

3_3_3_2_5,5453172.245098408,0.1111111111111111,2022-10-24 16:26:05.560469+00:00,2023-08-03 16:40:20.151034+00:00,1.0473475456237793,0.0,0.0,2716894.954507222,37671.123686240884
utilization
3_3_3_2_5,RESOURCE1,0.38407548077256387
3_3_3_2_5,RESOURCE2,0.34904196399483073
3_3_3_2_5,RESOURCE3,0.9966795794199145
3_3_3_2_5,RESOURCE4,0.8346061956780862
3_3_3_2_5,RESOURCE5,0.00018330711120425125
pool_time_cost
3_3_3_2_5,RESOURCE1,3060.0000001214953,509417.80397010414
3_3_3_2_5,RESOURCE2,4908.000000115976,509417.80397010414
3_3_3_2_5,RESOURCE3,13932.467532577057,1018835.6079402083
3_3_3_2_5,RESOURCE4,15770.656153426364,679223.7386268055
3_3_3_2_5,RESOURCE5,0.0,0.0

3_3_3_2_5,5704568.622110267,0.1111111111111111,2022-10-24 16:26:05.578498+00:00,2023-08-14 13:27:53.179994+00:00,0.9822289943695068,0.0,0.0,2821211.9557217774,41159.092196031466
utilization
3_3_3_2_5,RESOURCE1,0.3729717719632078
3_3_3_2_5,RESOURCE2,0.3504376948195251
3_3_3_2_5,RESOURCE3,0.9945802319492598
3_3_3_2_5,RESOURCE4,0.8246046499999993
3_3_3_2_5,RESOURCE5,0.0001652668979936735
pool_time_cost
3_3_3_2_5,RESOURCE1,4051.2000001218144,528977.2416978333
3_3_3_2_5,RESOURCE2,4478.400000115576,528977.2416978333
3_3_3_2_5,RESOURCE3,14232.774193661066,1057954.4833956666
3_3_3_2_5,RESOURCE4,18396.71800213301,705302.9889304443
3_3_3_2_5,RESOURCE5,0.0,0.0

3_3_3_2_5,4865612.371613872,0.1111111111111111,2022-10-24 16:26:05.585498+00:00,2023-08-08 14:45:18.870494+00:00,1.006781816482544,0.0,0.0,2764128.142777333,40915.08416177736
utilization
3_3_3_2_5,RESOURCE1,0.38292807408333157
3_3_3_2_5,RESOURCE2,0.3527987459470289
3_3_3_2_5,RESOURCE3,0.9957877706438496
3_3_3_2_5,RESOURCE4,0.809706420810269
3_3_3_2_5,RESOURCE5,0.00021619041323335322
pool_time_cost
3_3_3_2_5,RESOURCE1,3568.800000120055,518274.02677074994
3_3_3_2_5,RESOURCE2,4605.600000124424,518274.02677074994
3_3_3_2_5,RESOURCE3,14028.865979483793,1036548.0535414999
3_3_3_2_5,RESOURCE4,18711.818182049086,691032.0356943333
3_3_3_2_5,RESOURCE5,0.0,0.0

3_3_3_2_5,5324252.611415365,0.1111111111111111,2022-10-24 16:26:05.586999+00:00,2023-08-03 16:18:08.695237+00:00,0.9812445640563965,0.0,0.0,2716747.0120264445,41005.81381030794
utilization
3_3_3_2_5,RESOURCE1,0.38028723200483144
3_3_3_2_5,RESOURCE2,0.363489827088179
3_3_3_2_5,RESOURCE3,0.9970679446931257
3_3_3_2_5,RESOURCE4,0.8245879876506637
3_3_3_2_5,RESOURCE5,0.0002230796335657901
pool_time_cost
3_3_3_2_5,RESOURCE1,5066.400000115057,509390.0647549583
3_3_3_2_5,RESOURCE2,3662.400000125725,509390.0647549583
3_3_3_2_5,RESOURCE3,13835.475578514206,1018780.1295099166
3_3_3_2_5,RESOURCE4,18441.53823155295,679186.7530066111
3_3_3_2_5,RESOURCE5,0.0,0.0

3_3_3_2_5,4777870.8283139095,0.1111111111111111,2022-10-24 16:26:06.518701+00:00,2023-07-24 14:40:20.865543+00:00,1.0363693237304688,0.0,0.0,2620094.9274268886,39303.93767063827
utilization
3_3_3_2_5,RESOURCE1,0.4025604238897706
3_3_3_2_5,RESOURCE2,0.3713190086350017
3_3_3_2_5,RESOURCE3,0.982860924448865
3_3_3_2_5,RESOURCE4,0.8745222521348834
3_3_3_2_5,RESOURCE5,0.00021058986118863788
pool_time_cost
3_3_3_2_5,RESOURCE1,4828.800000118251,491267.7988925416
3_3_3_2_5,RESOURCE2,3585.600000117686,491267.7988925416
3_3_3_2_5,RESOURCE3,13003.468208207616,982535.5977850832
3_3_3_2_5,RESOURCE4,17886.06946219472,655023.7318567222
3_3_3_2_5,RESOURCE5,0.0,0.0

3_3_3_2_5,5246667.010422637,0.1111111111111111,2022-10-24 16:26:06.561744+00:00,2023-08-09 14:33:11.400456+00:00,1.0209403038024902,312474.94952608924,426430.17675799876,2773647.204301333,41527.359057579626
utilization
3_3_3_2_5,RESOURCE1,0.3729657402931049
3_3_3_2_5,RESOURCE2,0.3496806002696041
3_3_3_2_5,RESOURCE3,0.9971259562741972
3_3_3_2_5,RESOURCE4,0.8174582627112946
3_3_3_2_5,RESOURCE5,0.0001970393765284713
pool_time_cost
3_3_3_2_5,RESOURCE1,4096.80000012291,520058.85080649995
3_3_3_2_5,RESOURCE2,5160.000000120153,520058.85080649995
3_3_3_2_5,RESOURCE3,14019.832582216153,1040117.7016129999
3_3_3_2_5,RESOURCE4,18250.726475120417,693411.8010753333
3_3_3_2_5,RESOURCE5,0.0,0.0

3_3_3_2_5,5377431.85165029,0.1111111111111111,2022-10-24 16:26:06.569253+00:00,2023-08-08 16:24:12.601488+00:00,1.1033878326416016,0.0,0.0,2764787.336915,42202.73291370122
utilization
3_3_3_2_5,RESOURCE1,0.38147472200608995
3_3_3_2_5,RESOURCE2,0.34566165618827843
3_3_3_2_5,RESOURCE3,0.9992731532959532
3_3_3_2_5,RESOURCE4,0.8253085186882896
3_3_3_2_5,RESOURCE5,0.0001894625109961331
pool_time_cost
3_3_3_2_5,RESOURCE1,5150.400000124395,518397.6256715625
3_3_3_2_5,RESOURCE2,3909.6000001251778,518397.6256715625
3_3_3_2_5,RESOURCE3,14039.074550238134,1036795.251343125
3_3_3_2_5,RESOURCE4,19103.658363213515,691196.83422875
3_3_3_2_5,RESOURCE5,0.0,0.0

3_3_3_2_5,5004286.99684604,0.1111111111111111,2022-10-24 16:26:06.593790+00:00,2023-08-03 15:01:19.219827+00:00,1.0130090713500977,0.0,0.0,2716234.7362263333,39251.35083904885
utilization
3_3_3_2_5,RESOURCE1,0.3795235918655761
3_3_3_2_5,RESOURCE2,0.3557580912106815
3_3_3_2_5,RESOURCE3,0.994772688387339
3_3_3_2_5,RESOURCE4,0.8262470005441906
3_3_3_2_5,RESOURCE5,0.00020972459888607474
pool_time_cost
3_3_3_2_5,RESOURCE1,4260.000000120435,509294.0130424375
3_3_3_2_5,RESOURCE2,3532.800000117519,509294.0130424375
3_3_3_2_5,RESOURCE3,13887.378640890158,1018588.026084875
3_3_3_2_5,RESOURCE4,17335.87808027368,679058.6840565833
3_3_3_2_5,RESOURCE5,235.2941176470588,0.0

3_3_3_2_5,5634441.198770188,0.1111111111111111,2022-10-24 16:26:06.609819+00:00,2023-08-17 14:55:24.830998+00:00,1.0447983741760254,0.0,0.0,2850595.357908778,41085.52631825753
utilization
3_3_3_2_5,RESOURCE1,0.36784780293364827
3_3_3_2_5,RESOURCE2,0.3321680593247984
3_3_3_2_5,RESOURCE3,0.9983410212581013
3_3_3_2_5,RESOURCE4,0.7944694608171134
3_3_3_2_5,RESOURCE5,0.00019596583291575398
pool_time_cost
3_3_3_2_5,RESOURCE1,3897.600000121245,534486.6296078959
3_3_3_2_5,RESOURCE2,4200.000000118429,534486.6296078959
3_3_3_2_5,RESOURCE3,14520.308483394077,1068973.2592157917
3_3_3_2_5,RESOURCE4,18467.61783462378,712648.8394771945
3_3_3_2_5,RESOURCE5,0.0,0.0

3_3_4_2_5,4783541.85808952,0.12499999999999999,2022-10-24 16:26:11.046261+00:00,2023-08-01 13:57:09.051317+00:00,1.1551833152770996,0.0,0.0,3033682.2506319997,40372.5828574189
utilization
3_3_4_2_5,RESOURCE1,0.38790609925881603
3_3_4_2_5,RESOURCE2,0.3616708490113058
3_3_4_2_5,RESOURCE3,0.995520745248985
3_3_4_2_5,RESOURCE4,0.8291113993249665
3_3_4_2_5,RESOURCE5,0.00022388126906302421
pool_time_cost
3_3_4_2_5,RESOURCE1,3302.4000001184722,505613.70843866665
3_3_4_2_5,RESOURCE2,4456.800000119248,505613.70843866665
3_3_4_2_5,RESOURCE3,13785.252264009094,1348303.222503111
3_3_4_2_5,RESOURCE4,18828.130593172085,674151.6112515555
3_3_4_2_5,RESOURCE5,0.0,0.0

3_3_4_2_5,5037881.279374024,0.12499999999999999,2022-10-24 16:26:11.046261+00:00,2023-08-03 14:18:14.475536+00:00,1.211106777191162,285463.1730017755,248715.9866460003,3055440.4286593744,38841.96957693327
utilization
3_3_4_2_5,RESOURCE1,0.39192401534550453
3_3_4_2_5,RESOURCE2,0.36221116801086867
3_3_4_2_5,RESOURCE3,0.9973240553274956
3_3_4_2_5,RESOURCE4,0.8379704999880094
3_3_4_2_5,RESOURCE5,0.00019276127036295225
pool_time_cost
3_3_4_2_5,RESOURCE1,4060.800000121385,509240.0714432291
3_3_4_2_5,RESOURCE2,5042.4000001207505,509240.0714432291
3_3_4_2_5,RESOURCE3,13682.330097194603,1357973.523848611
3_3_4_2_5,RESOURCE4,16056.439479496526,678986.7619243055
3_3_4_2_5,RESOURCE5,0.0,0.0

3_3_4_2_5,4715626.475468593,0.12499999999999999,2022-10-24 16:26:11.046261+00:00,2023-08-01 16:12:10.613611+00:00,1.1830439567565918,0.0,0.0,3034694.94591875,39081.60516925889
utilization
3_3_4_2_5,RESOURCE1,0.3929463389886293
3_3_4_2_5,RESOURCE2,0.3594334111555058
3_3_4_2_5,RESOURCE3,0.998134701471224
3_3_4_2_5,RESOURCE4,0.8481055993605167
3_3_4_2_5,RESOURCE5,0.00020251872697290774
pool_time_cost
3_3_4_2_5,RESOURCE1,4212.000000118913,505782.4909864583
3_3_4_2_5,RESOURCE2,3619.200000117608,505782.4909864583
3_3_4_2_5,RESOURCE3,13690.140845175181,1348753.3092972222
3_3_4_2_5,RESOURCE4,17560.26432384719,674376.6546486111
3_3_4_2_5,RESOURCE5,0.0,0.0

3_3_4_2_5,5323344.452375799,0.12499999999999999,2022-10-24 16:26:11.066282+00:00,2023-08-15 16:01:46.784048+00:00,1.1610238552093506,0.0,0.0,3185816.9647207498,41916.65844015159
utilization
3_3_4_2_5,RESOURCE1,0.3688684692504367
3_3_4_2_5,RESOURCE2,0.3362647905286155
3_3_4_2_5,RESOURCE3,0.9989365301409822
3_3_4_2_5,RESOURCE4,0.795089522009029
3_3_4_2_5,RESOURCE5,0.0001962504495941136
pool_time_cost
3_3_4_2_5,RESOURCE1,5162.400000121202,530969.494120125
3_3_4_2_5,RESOURCE2,4080.0000001196677,530969.494120125
3_3_4_2_5,RESOURCE3,14587.13450302888,1415918.650987
3_3_4_2_5,RESOURCE4,18087.123936881835,707959.3254935
3_3_4_2_5,RESOURCE5,0.0,0.0

3_3_4_2_5,5072816.9145429265,0.12499999999999999,2022-10-24 16:26:11.075797+00:00,2023-08-04 13:13:21.784964+00:00,1.1705434322357178,0.0,0.0,3065753.8386458745,38049.06485659882
utilization
3_3_4_2_5,RESOURCE1,0.3855228162285139
3_3_4_2_5,RESOURCE2,0.3598875006737359
3_3_4_2_5,RESOURCE3,0.9989168117340713
3_3_4_2_5,RESOURCE4,0.8338885858145126
3_3_4_2_5,RESOURCE5,0.00019958778907219906
pool_time_cost
3_3_4_2_5,RESOURCE1,3780.0000001191224,510958.9731076458
3_3_4_2_5,RESOURCE2,4670.400000123119,510958.9731076458
3_3_4_2_5,RESOURCE3,13889.032258168365,1362557.2616203888
3_3_4_2_5,RESOURCE4,15709.632598188224,681278.6308101944
3_3_4_2_5,RESOURCE5,0.0,0.0

3_3_4_2_5,4533009.881290164,0.12499999999999999,2022-10-24 16:26:12.192417+00:00,2023-08-04 13:50:28.846237+00:00,1.0290744304656982,0.0,0.0,3066032.0817274996,39272.05352139992
utilization
3_3_4_2_5,RESOURCE1,0.3838311633241702
3_3_4_2_5,RESOURCE2,0.3549555113549093
3_3_4_2_5,RESOURCE3,0.998052176090936
3_3_4_2_5,RESOURCE4,0.8362635809257867
3_3_4_2_5,RESOURCE5,0.00020353407179063345
pool_time_cost
3_3_4_2_5,RESOURCE1,3278.400000127044,511005.3469545833
3_3_4_2_5,RESOURCE2,4298.400000123265,511005.3469545833
3_3_4_2_5,RESOURCE3,13736.235595499393,1362680.9252122222
3_3_4_2_5,RESOURCE4,17959.017925650216,681340.4626061111
3_3_4_2_5,RESOURCE5,0.0,0.0

3_3_4_2_5,5686154.858139343,0.12499999999999999,2022-10-24 16:26:12.226306+00:00,2023-08-09 16:02:28.386770+00:00,0.9195718765258789,0.0,0.0,3121022.020058,40650.92672466798
utilization
3_3_4_2_5,RESOURCE1,0.37385110769671476
3_3_4_2_5,RESOURCE2,0.34632691331304605
3_3_4_2_5,RESOURCE3,0.9978016373585689
3_3_4_2_5,RESOURCE4,0.8158219578932291
3_3_4_2_5,RESOURCE5,0.0001899726551855919
pool_time_cost
3_3_4_2_5,RESOURCE1,5452.800000112951,520170.33667633333
3_3_4_2_5,RESOURCE2,4418.4000001248605,520170.33667633333
3_3_4_2_5,RESOURCE3,14259.922179098017,1387120.8978035555
3_3_4_2_5,RESOURCE4,16519.804545332157,693560.4489017777
3_3_4_2_5,RESOURCE5,0.0,0.0

3_3_4_2_5,4989451.522063294,0.12499999999999999,2022-10-24 16:26:12.226306+00:00,2023-07-31 15:46:29.592887+00:00,0.9365899562835693,0.0,0.0,3023702.170822625,38836.24246622616
utilization
3_3_4_2_5,RESOURCE1,0.39156878706271764
3_3_4_2_5,RESOURCE2,0.36579615536802856
3_3_4_2_5,RESOURCE3,0.9961183825946417
3_3_4_2_5,RESOURCE4,0.8506139308582993
3_3_4_2_5,RESOURCE5,0.0001994705782172805
pool_time_cost
3_3_4_2_5,RESOURCE1,4442.400000119362,503950.3618037708
3_3_4_2_5,RESOURCE2,4144.8000001219825,503950.3618037708
3_3_4_2_5,RESOURCE3,13574.226804226471,1343867.6314767222
3_3_4_2_5,RESOURCE4,16674.81566175834,671933.8157383611
3_3_4_2_5,RESOURCE5,0.0,0.0

3_3_4_2_5,4794532.492745745,0.12499999999999999,2022-10-24 16:26:12.246342+00:00,2023-07-31 13:12:38.388980+00:00,0.9240646362304688,0.0,0.0,3022548.26782975,42368.604891819385
utilization
3_3_4_2_5,RESOURCE1,0.39287526495353076
3_3_4_2_5,RESOURCE2,0.3579677781312328
3_3_4_2_5,RESOURCE3,0.9961485686058262
3_3_4_2_5,RESOURCE4,0.8502774015867391
3_3_4_2_5,RESOURCE5,0.00019662624624218122
pool_time_cost
3_3_4_2_5,RESOURCE1,3938.4000001199943,503758.0446382917
3_3_4_2_5,RESOURCE2,4701.600000120178,503758.0446382917
3_3_4_2_5,RESOURCE3,13626.908150178408,1343354.7857021112
3_3_4_2_5,RESOURCE4,20101.696741400803,671677.3928510556
3_3_4_2_5,RESOURCE5,0.0,0.0

3_3_4_2_5,4644474.793889088,0.12499999999999999,2022-10-24 16:26:12.251663+00:00,2023-08-01 16:08:06.974184+00:00,0.942096471786499,0.0,0.0,3034664.3403151245,40938.83193509368
utilization
3_3_4_2_5,RESOURCE1,0.3896657263201449
3_3_4_2_5,RESOURCE2,0.36043283506442214
3_3_4_2_5,RESOURCE3,0.9989508186601924
3_3_4_2_5,RESOURCE4,0.840811179329872
3_3_4_2_5,RESOURCE5,0.00021152209790255828
pool_time_cost
3_3_4_2_5,RESOURCE1,3715.2000001229726,505777.3900525208
3_3_4_2_5,RESOURCE2,5128.800000120824,505777.3900525208
3_3_4_2_5,RESOURCE3,13734.10404634479,1348739.706806722
3_3_4_2_5,RESOURCE4,18125.43377085804,674369.853403361
3_3_4_2_5,RESOURCE5,235.2941176470588,0.0

3_3_4_2_5,5288942.559597819,0.12499999999999999,2022-10-24 16:26:13.147380+00:00,2023-07-28 15:03:48.497577+00:00,0.9624881744384766,0.0,0.0,2990981.9187746244,39279.32187603349
utilization
3_3_4_2_5,RESOURCE1,0.3913851950758945
3_3_4_2_5,RESOURCE2,0.361735105471229
3_3_4_2_5,RESOURCE3,0.9985548708140912
3_3_4_2_5,RESOURCE4,0.8584674885038092
3_3_4_2_5,RESOURCE5,0.00019785676032627354
pool_time_cost
3_3_4_2_5,RESOURCE1,4327.200000118234,498496.98646243743
3_3_4_2_5,RESOURCE2,3938.4000001204263,498496.98646243743
3_3_4_2_5,RESOURCE3,13565.486155939221,1329325.2972331664
3_3_4_2_5,RESOURCE4,17448.23571985561,664662.6486165832
3_3_4_2_5,RESOURCE5,0.0,0.0

3_3_4_2_5,5072367.779713355,0.12499999999999999,2022-10-24 16:26:13.164928+00:00,2023-07-27 15:43:58.424677+00:00,0.9690077304840088,0.0,0.0,2980483.157468625,37867.91184272995
utilization
3_3_4_2_5,RESOURCE1,0.3925706860910058
3_3_4_2_5,RESOURCE2,0.36665141741467566
3_3_4_2_5,RESOURCE3,0.9975880187427293
3_3_4_2_5,RESOURCE4,0.8509766060743273
3_3_4_2_5,RESOURCE5,0.00020079579306218654
pool_time_cost
3_3_4_2_5,RESOURCE1,4346.4000001233535,496747.1929114375
3_3_4_2_5,RESOURCE2,4308.000000123694,496747.1929114375
3_3_4_2_5,RESOURCE3,13659.856864132322,1324659.1810971666
3_3_4_2_5,RESOURCE4,15553.654978350576,662329.5905485833
3_3_4_2_5,RESOURCE5,0.0,0.0

3_3_4_2_5,4576054.501538824,0.12499999999999999,2022-10-24 16:26:13.171414+00:00,2023-07-31 13:55:55.355404+00:00,0.9109251499176025,0.0,0.0,3022872.7729987497,43716.64892935932
utilization
3_3_4_2_5,RESOURCE1,0.3949839647082394
3_3_4_2_5,RESOURCE2,0.3642600705631409
3_3_4_2_5,RESOURCE3,0.9951165630506528
3_3_4_2_5,RESOURCE4,0.8498802814325531
3_3_4_2_5,RESOURCE5,0.00019714507570137233
pool_time_cost
3_3_4_2_5,RESOURCE1,5119.2000001155575,503812.128833125
3_3_4_2_5,RESOURCE2,3180.000000128597,503812.128833125
3_3_4_2_5,RESOURCE3,13626.908150170517,1343499.0102216667
3_3_4_2_5,RESOURCE4,21790.540778944647,671749.5051108333
3_3_4_2_5,RESOURCE5,0.0,0.0

3_3_4_2_5,5647607.981126646,0.12499999999999999,2022-10-24 16:26:13.194945+00:00,2023-07-28 15:56:11.553474+00:00,0.9560446739196777,0.0,0.0,2991374.794816125,40396.34002139469
utilization
3_3_4_2_5,RESOURCE1,0.39689989904476985
3_3_4_2_5,RESOURCE2,0.3658033117127067
3_3_4_2_5,RESOURCE3,0.9977918469287604
3_3_4_2_5,RESOURCE4,0.8467219331275352
3_3_4_2_5,RESOURCE5,0.00019833798643971388
pool_time_cost
3_3_4_2_5,RESOURCE1,3945.6000001195885,498562.4658026875
3_3_4_2_5,RESOURCE2,4276.800000127599,498562.4658026875
3_3_4_2_5,RESOURCE3,13697.789336918673,1329499.9088071666
3_3_4_2_5,RESOURCE4,18476.150684228836,664749.9544035833
3_3_4_2_5,RESOURCE5,0.0,0.0

3_3_4_2_5,5921092.5705368295,0.12499999999999999,2022-10-24 16:26:13.223491+00:00,2023-08-16 15:25:14.371862+00:00,0.9239957332611084,0.0,0.0,3196342.643546375,39664.56779628622
utilization
3_3_4_2_5,RESOURCE1,0.3603519545181341
3_3_4_2_5,RESOURCE2,0.3359148323461454
3_3_4_2_5,RESOURCE3,0.9988669501959275
3_3_4_2_5,RESOURCE4,0.8189177026564546
3_3_4_2_5,RESOURCE5,0.00016988390330068557
pool_time_cost
3_3_4_2_5,RESOURCE1,4161.6000001193,532723.7739243958
3_3_4_2_5,RESOURCE2,3693.6000001175576,532723.7739243958
3_3_4_2_5,RESOURCE3,14436.92307703298,1420596.7304650554
3_3_4_2_5,RESOURCE4,17372.44471901638,710298.3652325277
3_3_4_2_5,RESOURCE5,0.0,0.0

3_3_2_3_5,5239418.25580392,0.1111111111111111,2022-10-24 16:26:17.518984+00:00,2023-07-28 14:27:13.702333+00:00,1.0947511196136475,0.0,0.0,2658406.242594333,40807.810918879295
utilization
3_3_2_3_5,RESOURCE1,0.39877710930781185
3_3_2_3_5,RESOURCE2,0.3596210617367077
3_3_2_3_5,RESOURCE3,0.9980953190231449
3_3_2_3_5,RESOURCE4,0.856147601060377
3_3_2_3_5,RESOURCE5,0.00019521026883338158
pool_time_cost
3_3_2_3_5,RESOURCE1,6038.400000122349,498451.17048643745
3_3_2_3_5,RESOURCE2,2992.8000001212913,498451.17048643745
3_3_2_3_5,RESOURCE3,13507.553260272658,664601.5606485832
3_3_2_3_5,RESOURCE4,18269.057658362995,996902.3409728749
3_3_2_3_5,RESOURCE5,0.0,0.0

3_3_2_3_5,5227044.516930998,0.1111111111111111,2022-10-24 16:26:17.519989+00:00,2023-08-02 15:36:37.141401+00:00,1.140312910079956,273254.2311748592,436163.4380630031,2706868.8468235554,39749.639382637426
utilization
3_3_2_3_5,RESOURCE1,0.3868162990154978
3_3_2_3_5,RESOURCE2,0.3588916126517172
3_3_2_3_5,RESOURCE3,0.9973269776277374
3_3_2_3_5,RESOURCE4,0.8326782890925162
3_3_2_3_5,RESOURCE5,0.00020579391631660152
pool_time_cost
3_3_2_3_5,RESOURCE1,4737.600000122684,507537.9087794167
3_3_2_3_5,RESOURCE2,3969.6000001165453,507537.9087794167
3_3_2_3_5,RESOURCE3,13851.517107926145,676717.2117058889
3_3_2_3_5,RESOURCE4,17190.922274472054,1015075.8175588334
3_3_2_3_5,RESOURCE5,0.0,0.0

3_3_2_3_5,5350811.228060243,0.1111111111111111,2022-10-24 16:26:17.533502+00:00,2023-08-08 13:20:12.204121+00:00,1.1202802658081055,0.0,0.0,2763559.4078465556,39553.78886374146
utilization
3_3_2_3_5,RESOURCE1,0.37455668079815446
3_3_2_3_5,RESOURCE2,0.34873439023360187
3_3_2_3_5,RESOURCE3,0.9972776444514542
3_3_2_3_5,RESOURCE4,0.8274759360762735
3_3_2_3_5,RESOURCE5,0.0001881407272078128
pool_time_cost
3_3_2_3_5,RESOURCE1,4329.600000117714,518167.38897122914
3_3_2_3_5,RESOURCE2,4764.0000001235385,518167.38897122914
3_3_2_3_5,RESOURCE3,14046.967742038683,690889.8519616389
3_3_2_3_5,RESOURCE4,16413.221121461524,1036334.7779424583
3_3_2_3_5,RESOURCE5,0.0,0.0

3_3_2_3_5,5023614.184922198,0.1111111111111111,2022-10-24 16:26:17.534501+00:00,2023-08-07 13:13:18.986528+00:00,1.0967419147491455,0.0,0.0,2753913.4946696665,39414.97841536169
utilization
3_3_2_3_5,RESOURCE1,0.37976889105009304
3_3_2_3_5,RESOURCE2,0.3511799360951287
3_3_2_3_5,RESOURCE3,0.9978966271162757
3_3_2_3_5,RESOURCE4,0.836353769034467
3_3_2_3_5,RESOURCE5,0.0001904488894318057
pool_time_cost
3_3_2_3_5,RESOURCE1,4250.400000119061,516358.7802505625
3_3_2_3_5,RESOURCE2,4365.60000011244,516358.7802505625
3_3_2_3_5,RESOURCE3,13863.92811307594,688478.3736674166
3_3_2_3_5,RESOURCE4,16935.05030205425,1032717.560501125
3_3_2_3_5,RESOURCE5,0.0,0.0

3_3_2_3_5,4676063.707464509,0.1111111111111111,2022-10-24 16:26:17.546013+00:00,2023-07-27 13:14:24.981925+00:00,1.0556933879852295,0.0,0.0,2648320.8262124443,39757.588448293165
utilization
3_3_2_3_5,RESOURCE1,0.39295390498459704
3_3_2_3_5,RESOURCE2,0.3733243822456834
3_3_2_3_5,RESOURCE3,0.997536873332815
3_3_2_3_5,RESOURCE4,0.8461553040827388
3_3_2_3_5,RESOURCE5,0.0002141080713007182
pool_time_cost
3_3_2_3_5,RESOURCE1,3448.80000011675,496560.15491483326
3_3_2_3_5,RESOURCE2,4701.60000010831,496560.15491483326
3_3_2_3_5,RESOURCE3,13586.493506599963,662080.206553111
3_3_2_3_5,RESOURCE4,17783.852836204984,993120.3098296665
3_3_2_3_5,RESOURCE5,236.8421052631579,0.0

3_3_2_3_5,4948713.193614377,0.1111111111111111,2022-10-24 16:26:18.602219+00:00,2023-07-28 13:26:48.649186+00:00,1.0236997604370117,0.0,0.0,2658003.3385518887,38710.81132322655
utilization
3_3_2_3_5,RESOURCE1,0.38293027184762285
3_3_2_3_5,RESOURCE2,0.37293959804015586
3_3_2_3_5,RESOURCE3,0.9982665660714957
3_3_2_3_5,RESOURCE4,0.8532245544572403
3_3_2_3_5,RESOURCE5,0.00021157126345986712
pool_time_cost
3_3_2_3_5,RESOURCE1,3919.200000118787,498375.62597847916
3_3_2_3_5,RESOURCE2,5493.600000120661,498375.62597847916
3_3_2_3_5,RESOURCE3,13446.786632499081,664500.8346379722
3_3_2_3_5,RESOURCE4,15851.224690488021,996751.2519569583
3_3_2_3_5,RESOURCE5,0.0,0.0

3_3_2_3_5,5639978.948946316,0.1111111111111111,2022-10-24 16:26:18.610733+00:00,2023-08-04 15:28:34.602929+00:00,1.048269510269165,0.0,0.0,2726015.110244,40660.424860695915
utilization
3_3_2_3_5,RESOURCE1,0.37739129202841537
3_3_2_3_5,RESOURCE2,0.35887284901041294
3_3_2_3_5,RESOURCE3,0.9980767117057285
3_3_2_3_5,RESOURCE4,0.8333562124012687
3_3_2_3_5,RESOURCE5,0.00019562828768901073
pool_time_cost
3_3_2_3_5,RESOURCE1,5505.60000010866,511127.83317075
3_3_2_3_5,RESOURCE2,3804.000000119627,511127.83317075
3_3_2_3_5,RESOURCE3,13917.5257733068,681503.777561
3_3_2_3_5,RESOURCE4,17433.299087160827,1022255.6663415
3_3_2_3_5,RESOURCE5,0.0,0.0

3_3_2_3_5,5614336.518443637,0.1111111111111111,2022-10-24 16:26:18.631760+00:00,2023-08-11 14:46:12.290042+00:00,1.034759283065796,0.0,0.0,2792932.6286979998,43463.85504595637
utilization
3_3_2_3_5,RESOURCE1,0.36785979654556783
3_3_2_3_5,RESOURCE2,0.35193206372000563
3_3_2_3_5,RESOURCE3,0.9968887497251039
3_3_2_3_5,RESOURCE4,0.7977830582641554
3_3_2_3_5,RESOURCE5,0.00021108048295808294
pool_time_cost
3_3_2_3_5,RESOURCE1,3708.0000001341264,523674.867880875
3_3_2_3_5,RESOURCE2,5721.600000120122,523674.867880875
3_3_2_3_5,RESOURCE3,14260.374919301057,698233.1571744999
3_3_2_3_5,RESOURCE4,19773.880126401073,1047349.73576175
3_3_2_3_5,RESOURCE5,0.0,0.0

3_3_2_3_5,5640659.839667519,0.1111111111111111,2022-10-24 16:26:18.652787+00:00,2023-08-14 13:01:34.049772+00:00,1.0237350463867188,0.0,0.0,2821035.044109444,42882.36016069604
utilization
3_3_2_3_5,RESOURCE1,0.371558795081253
3_3_2_3_5,RESOURCE2,0.34179903261482547
3_3_2_3_5,RESOURCE3,0.9974795520745093
3_3_2_3_5,RESOURCE4,0.8114487188211419
3_3_2_3_5,RESOURCE5,0.00019789386493712175
pool_time_cost
3_3_2_3_5,RESOURCE1,4622.400000125859,528944.0707705208
3_3_2_3_5,RESOURCE2,4773.600000122111,528944.0707705208
3_3_2_3_5,RESOURCE3,14132.479180124368,705258.7610273611
3_3_2_3_5,RESOURCE4,19353.880980323695,1057888.1415410417
3_3_2_3_5,RESOURCE5,0.0,0.0

3_3_2_3_5,4378011.416925658,0.1111111111111111,2022-10-24 16:26:18.662306+00:00,2023-07-28 16:42:59.447272+00:00,1.0252325534820557,0.0,0.0,2659311.1983295553,38144.92421105199
utilization
3_3_2_3_5,RESOURCE1,0.3768702453697654
3_3_2_3_5,RESOURCE2,0.35686083389442375
3_3_2_3_5,RESOURCE3,0.9992397860121344
3_3_2_3_5,RESOURCE4,0.8476369496066547
3_3_2_3_5,RESOURCE5,0.00019186487455263973
pool_time_cost
3_3_2_3_5,RESOURCE1,2380.8000001159,498620.84968679165
3_3_2_3_5,RESOURCE2,6220.80000010907,498620.84968679165
3_3_2_3_5,RESOURCE3,13697.789336909063,664827.7995823888
3_3_2_3_5,RESOURCE4,15845.53487391796,997241.6993735833
3_3_2_3_5,RESOURCE5,0.0,0.0

3_3_2_3_5,5256102.607897121,0.1111111111111111,2022-10-24 16:26:19.628427+00:00,2023-08-02 16:58:41.981372+00:00,0.9198670387268066,0.0,0.0,2707415.816993889,39206.111758950254
utilization
3_3_2_3_5,RESOURCE1,0.3736713566410855
3_3_2_3_5,RESOURCE2,0.35905037024148617
3_3_2_3_5,RESOURCE3,0.9975009932386769
3_3_2_3_5,RESOURCE4,0.8330521856601988
3_3_2_3_5,RESOURCE5,0.00019651344249732998
pool_time_cost
3_3_2_3_5,RESOURCE1,4351.200000120404,507640.46568635415
3_3_2_3_5,RESOURCE2,2839.200000120022,507640.46568635415
3_3_2_3_5,RESOURCE3,13905.379131668933,676853.9542484722
3_3_2_3_5,RESOURCE4,18110.332627040894,1015280.9313727083
3_3_2_3_5,RESOURCE5,0.0,0.0

3_3_2_3_5,4980122.202642659,0.1111111111111111,2022-10-24 16:26:19.658999+00:00,2023-08-01 16:01:31.080114+00:00,0.9710147380828857,0.0,0.0,2697434.602346111,41763.0704034202
utilization
3_3_2_3_5,RESOURCE1,0.3883251772444777
3_3_2_3_5,RESOURCE2,0.35671405639886833
3_3_2_3_5,RESOURCE3,0.9957794602369582
3_3_2_3_5,RESOURCE4,0.8331554509863505
3_3_2_3_5,RESOURCE5,0.00022053907193400997
pool_time_cost
3_3_2_3_5,RESOURCE1,4495.2000001204515,505768.98793989583
3_3_2_3_5,RESOURCE2,3928.8000001314954,505768.98793989583
3_3_2_3_5,RESOURCE3,13731.958762999058,674358.6505865278
3_3_2_3_5,RESOURCE4,19607.111640169198,1011537.9758797917
3_3_2_3_5,RESOURCE5,0.0,0.0

3_3_2_3_5,4655712.914766941,0.1111111111111111,2022-10-24 16:26:19.666003+00:00,2023-07-31 15:55:03.567531+00:00,0.9153101444244385,0.0,0.0,2687791.5446142224,38494.55985653984
utilization
3_3_2_3_5,RESOURCE1,0.3921456154224029
3_3_2_3_5,RESOURCE2,0.3622219160229589
3_3_2_3_5,RESOURCE3,0.9978330099894861
3_3_2_3_5,RESOURCE4,0.8404762828692408
3_3_2_3_5,RESOURCE5,0.00020152016377476906
pool_time_cost
3_3_2_3_5,RESOURCE1,4876.8000001228,503960.91461516666
3_3_2_3_5,RESOURCE2,3480.000000112746,503960.91461516666
3_3_2_3_5,RESOURCE3,13803.108808398692,671947.8861535556
3_3_2_3_5,RESOURCE4,16334.651047905598,1007921.8292303333
3_3_2_3_5,RESOURCE5,0.0,0.0

3_3_2_3_5,5232740.228972893,0.1111111111111111,2022-10-24 16:26:19.675512+00:00,2023-08-08 16:22:00.375656+00:00,0.9329068660736084,0.0,0.0,2764771.188904889,42185.16956946311
utilization
3_3_2_3_5,RESOURCE1,0.37548848087535003
3_3_2_3_5,RESOURCE2,0.3632823830114548
3_3_2_3_5,RESOURCE3,0.9970194163939595
3_3_2_3_5,RESOURCE4,0.8284820795918904
3_3_2_3_5,RESOURCE5,0.000182729025623662
pool_time_cost
3_3_2_3_5,RESOURCE1,5270.400000119103,518394.5979196667
3_3_2_3_5,RESOURCE2,3696.0000001162575,518394.5979196667
3_3_2_3_5,RESOURCE3,14185.631068073102,691192.7972262222
3_3_2_3_5,RESOURCE4,19033.13850115465,1036789.1958393333
3_3_2_3_5,RESOURCE5,0.0,0.0

3_3_2_3_5,4953790.285756139,0.1111111111111111,2022-10-24 16:26:19.686022+00:00,2023-07-19 16:06:12.394312+00:00,0.9384596347808838,0.0,0.0,2572665.8564766664,41365.00695038771
utilization
3_3_2_3_5,RESOURCE1,0.4062973371486243
3_3_2_3_5,RESOURCE2,0.37835198806274595
3_3_2_3_5,RESOURCE3,0.9987141528129189
3_3_2_3_5,RESOURCE4,0.8828859971266737
3_3_2_3_5,RESOURCE5,0.00021276651882752692
pool_time_cost
3_3_2_3_5,RESOURCE1,3619.2000001291185,482374.84808937495
3_3_2_3_5,RESOURCE2,4956.000000119234,482374.84808937495
3_3_2_3_5,RESOURCE3,13121.235521339466,643166.4641191666
3_3_2_3_5,RESOURCE4,19668.571428799893,964749.6961787499
3_3_2_3_5,RESOURCE5,0.0,0.0

3_3_2_4_5,4734776.300131816,0.125,2022-10-24 16:26:24.003455+00:00,2023-08-01 15:27:22.038651+00:00,1.0419394969940186,0.0,0.0,3034357.2543995,39294.63083143485
utilization
3_3_2_4_5,RESOURCE1,0.3911794227067619
3_3_2_4_5,RESOURCE2,0.35166224566327303
3_3_2_4_5,RESOURCE3,0.9934275150647809
3_3_2_4_5,RESOURCE4,0.8312672488793887
3_3_2_4_5,RESOURCE5,0.000215161032616335
pool_time_cost
3_3_2_4_5,RESOURCE1,3756.000000114472,505726.2090665833
3_3_2_4_5,RESOURCE2,4521.600000116668,505726.2090665833
3_3_2_4_5,RESOURCE3,13738.680465818125,674301.6120887777
3_3_2_4_5,RESOURCE4,17278.350365385584,1348603.2241775554
3_3_2_4_5,RESOURCE5,0.0,0.0

3_3_2_4_5,5326030.030602211,0.125,2022-10-24 16:26:24.003455+00:00,2023-08-16 14:02:26.190346+00:00,1.0474598407745361,0.0,0.0,3195720.2733613746,41061.54880486206
utilization
3_3_2_4_5,RESOURCE1,0.368206990012726
3_3_2_4_5,RESOURCE2,0.3387921621119796
3_3_2_4_5,RESOURCE3,0.9950110578991854
3_3_2_4_5,RESOURCE4,0.797564860712536
3_3_2_4_5,RESOURCE5,0.00020432551283847575
pool_time_cost
3_3_2_4_5,RESOURCE1,3902.4000001065124,532620.0455602291
3_3_2_4_5,RESOURCE2,5796.000000117616,532620.0455602291
3_3_2_4_5,RESOURCE3,14307.633098252127,710160.0607469722
3_3_2_4_5,RESOURCE4,17055.515706385806,1420320.1214939444
3_3_2_4_5,RESOURCE5,0.0,0.0

3_3_2_4_5,4921480.060746551,0.125,2022-10-24 16:26:24.003455+00:00,2023-08-08 13:50:06.291352+00:00,1.0018670558929443,0.0,0.0,3109227.785987125,40122.220607737705
utilization
3_3_2_4_5,RESOURCE1,0.37434973393523496
3_3_2_4_5,RESOURCE2,0.3432853264295676
3_3_2_4_5,RESOURCE3,0.9980522387889966
3_3_2_4_5,RESOURCE4,0.8203120157195709
3_3_2_4_5,RESOURCE5,0.00019884868721032858
pool_time_cost
3_3_2_4_5,RESOURCE1,4339.20000011844,518204.6309978541
3_3_2_4_5,RESOURCE2,4591.200000127126,518204.6309978541
3_3_2_4_5,RESOURCE3,14083.311772415229,690939.5079971388
3_3_2_4_5,RESOURCE4,17108.508835076915,1381879.0159942775
3_3_2_4_5,RESOURCE5,0.0,0.0

3_3_2_4_5,5630551.290636953,0.125,2022-10-24 16:26:24.029209+00:00,2023-08-04 15:08:14.535403+00:00,1.0592215061187744,0.0,0.0,3066613.8132742494,39633.32179201706
utilization
3_3_2_4_5,RESOURCE1,0.38522556776684236
3_3_2_4_5,RESOURCE2,0.3628492064044182
3_3_2_4_5,RESOURCE3,0.9974510632387066
3_3_2_4_5,RESOURCE4,0.8255366699240858
3_3_2_4_5,RESOURCE5,0.0002168494397141798
pool_time_cost
3_3_2_4_5,RESOURCE1,3892.8000001251394,511102.302212375
3_3_2_4_5,RESOURCE2,5431.20000012476,511102.302212375
3_3_2_4_5,RESOURCE3,13782.33034580592,681469.7362831666
3_3_2_4_5,RESOURCE4,16526.991445961237,1362939.4725663331
3_3_2_4_5,RESOURCE5,0.0,0.0

3_3_2_4_5,4239931.960795103,0.125,2022-10-24 16:26:24.081638+00:00,2023-07-19 13:56:54.333182+00:00,0.979109525680542,0.0,0.0,2893278.781443,38941.93600565328
utilization
3_3_2_4_5,RESOURCE1,0.4030524614109395
3_3_2_4_5,RESOURCE2,0.38372850284854854
3_3_2_4_5,RESOURCE3,0.9959269154630799
3_3_2_4_5,RESOURCE4,0.8876836448910483
3_3_2_4_5,RESOURCE5,0.0001952224741340932
pool_time_cost
3_3_2_4_5,RESOURCE1,4444.800000115109,482213.1302405
3_3_2_4_5,RESOURCE2,4286.400000117697,482213.1302405
3_3_2_4_5,RESOURCE3,13112.95336798535,642950.8403206666
3_3_2_4_5,RESOURCE4,17097.78263743513,1285901.680641333
3_3_2_4_5,RESOURCE5,0.0,0.0

3_3_2_4_5,4949158.137209737,0.125,2022-10-24 16:26:25.003285+00:00,2023-08-07 15:34:39.313264+00:00,1.2215347290039062,0.0,0.0,3099211.788747375,42155.939895268646
utilization
3_3_2_4_5,RESOURCE1,0.37776865473107507
3_3_2_4_5,RESOURCE2,0.3491873480825888
3_3_2_4_5,RESOURCE3,0.9976470484349398
3_3_2_4_5,RESOURCE4,0.8168889292160818
3_3_2_4_5,RESOURCE5,0.00021363939625373924
pool_time_cost
3_3_2_4_5,RESOURCE1,4752.000000112168,516535.2981245625
3_3_2_4_5,RESOURCE2,4111.200000123243,516535.2981245625
3_3_2_4_5,RESOURCE3,13992.802056668612,688713.73083275
3_3_2_4_5,RESOURCE4,19299.937838364625,1377427.4616655
3_3_2_4_5,RESOURCE5,0.0,0.0

3_3_2_4_5,4567214.677872535,0.125,2022-10-24 16:26:25.040889+00:00,2023-07-21 13:51:52.227358+00:00,1.1689138412475586,0.0,0.0,2914840.8983086245,42008.97387237154
utilization
3_3_2_4_5,RESOURCE1,0.40928838825446884
3_3_2_4_5,RESOURCE2,0.3815364707837862
3_3_2_4_5,RESOURCE3,0.9962555981917838
3_3_2_4_5,RESOURCE4,0.8733990547917824
3_3_2_4_5,RESOURCE5,0.00021621022232068876
pool_time_cost
3_3_2_4_5,RESOURCE1,3412.800000115673,485806.8163847708
3_3_2_4_5,RESOURCE2,5356.800000113101,485806.8163847708
3_3_2_4_5,RESOURCE3,13079.153303510147,647742.421846361
3_3_2_4_5,RESOURCE4,20160.22056863262,1295484.843692722
3_3_2_4_5,RESOURCE5,0.0,0.0

3_3_2_4_5,4365154.930847624,0.125,2022-10-24 16:26:25.048385+00:00,2023-08-04 15:25:35.079711+00:00,1.2340209484100342,0.0,0.0,3066743.7539157495,38407.05811694336
utilization
3_3_2_4_5,RESOURCE1,0.3822407707627509
3_3_2_4_5,RESOURCE2,0.35183940358136395
3_3_2_4_5,RESOURCE3,0.9985885198863902
3_3_2_4_5,RESOURCE4,0.825699417636036
3_3_2_4_5,RESOURCE5,0.00020450246036699863
pool_time_cost
3_3_2_4_5,RESOURCE1,4147.200000126539,511123.9589859583
3_3_2_4_5,RESOURCE2,4701.600000111931,511123.9589859583
3_3_2_4_5,RESOURCE3,13897.998708952078,681498.6119812777
3_3_2_4_5,RESOURCE4,15660.25940775281,1362997.2239625554
3_3_2_4_5,RESOURCE5,0.0,0.0

3_3_2_4_5,5887779.613807696,0.125,2022-10-24 16:26:25.059893+00:00,2023-08-16 14:35:20.568462+00:00,1.2004857063293457,0.0,0.0,3195966.9385711243,40763.55216294123
utilization
3_3_2_4_5,RESOURCE1,0.37734903952591464
3_3_2_4_5,RESOURCE2,0.3392324225012808
3_3_2_4_5,RESOURCE3,0.9982643343948915
3_3_2_4_5,RESOURCE4,0.7995147874099767
3_3_2_4_5,RESOURCE5,0.0001989405915446894
pool_time_cost
3_3_2_4_5,RESOURCE1,4677.600000115966,532661.1564285208
3_3_2_4_5,RESOURCE2,4344.000000122713,532661.1564285208
3_3_2_4_5,RESOURCE3,14335.426009076495,710214.8752380277
3_3_2_4_5,RESOURCE4,17406.52615362606,1420429.7504760553
3_3_2_4_5,RESOURCE5,0.0,0.0

3_3_2_4_5,6077146.161774709,0.125,2022-10-24 16:26:25.090438+00:00,2023-08-18 15:57:03.644886+00:00,1.2390856742858887,0.0,0.0,3218179.819306,41865.47637126601
utilization
3_3_2_4_5,RESOURCE1,0.3639167209299863
3_3_2_4_5,RESOURCE2,0.33945840343138234
3_3_2_4_5,RESOURCE3,0.9968432549979763
3_3_2_4_5,RESOURCE4,0.7991330651922866
3_3_2_4_5,RESOURCE5,0.00018962032901256087
pool_time_cost
3_3_2_4_5,RESOURCE1,4308.000000124647,536363.3032176667
3_3_2_4_5,RESOURCE2,4960.800000119134,536363.3032176667
3_3_2_4_5,RESOURCE3,14510.627400882797,715151.0709568888
3_3_2_4_5,RESOURCE4,18086.048970139433,1430302.1419137777
3_3_2_4_5,RESOURCE5,0.0,0.0

3_3_2_4_5,5668689.764852181,0.125,2022-10-24 16:26:26.211307+00:00,2023-08-14 16:06:16.061583+00:00,0.9918015003204346,0.0,0.0,3175048.7312845,40485.86945241329
utilization
3_3_2_4_5,RESOURCE1,0.37729236361234236
3_3_2_4_5,RESOURCE2,0.33874569450443487
3_3_2_4_5,RESOURCE3,0.9989164538504828
3_3_2_4_5,RESOURCE4,0.8129134888418074
3_3_2_4_5,RESOURCE5,0.00018989080565676435
pool_time_cost
3_3_2_4_5,RESOURCE1,4425.600000122497,529174.7885474167
3_3_2_4_5,RESOURCE2,4092.0000001226017,529174.7885474167
3_3_2_4_5,RESOURCE3,14289.301729772362,705566.3847298889
3_3_2_4_5,RESOURCE4,17678.967722395824,1411132.7694597777
3_3_2_4_5,RESOURCE5,0.0,0.0

3_3_2_4_5,5302816.5152276205,0.125,2022-10-24 16:26:26.225817+00:00,2023-08-08 16:25:47.682512+00:00,0.9797627925872803,365873.2496245606,526405.2183820009,3110395.1820868747,40870.79442239442
utilization
3_3_2_4_5,RESOURCE1,0.378822941265085
3_3_2_4_5,RESOURCE2,0.3491285813835292
3_3_2_4_5,RESOURCE3,0.998408115774866
3_3_2_4_5,RESOURCE4,0.810389083536499
3_3_2_4_5,RESOURCE5,0.00019822264028980668
pool_time_cost
3_3_2_4_5,RESOURCE1,3633.6000001295142,518399.1970144792
3_3_2_4_5,RESOURCE2,4742.40000012058,518399.1970144792
3_3_2_4_5,RESOURCE3,14166.53696508256,691198.9293526389
3_3_2_4_5,RESOURCE4,18328.25745706177,1382397.8587052778
3_3_2_4_5,RESOURCE5,0.0,0.0

3_3_2_4_5,5196833.644695961,0.125,2022-10-24 16:26:26.261873+00:00,2023-08-08 13:52:50.893767+00:00,0.9632599353790283,0.0,0.0,3109248.07898675,42679.55469249456
utilization
3_3_2_4_5,RESOURCE1,0.3819308814639012
3_3_2_4_5,RESOURCE2,0.349234465826678
3_3_2_4_5,RESOURCE3,0.9982955990783442
3_3_2_4_5,RESOURCE4,0.8180421390380135
3_3_2_4_5,RESOURCE5,0.00021236414974799275
pool_time_cost
3_3_2_4_5,RESOURCE1,4934.400000116521,518208.01316445833
3_3_2_4_5,RESOURCE2,4060.800000120007,518208.01316445833
3_3_2_4_5,RESOURCE3,14057.142857246892,690944.0175526111
3_3_2_4_5,RESOURCE4,19627.21183501114,1381888.0351052221
3_3_2_4_5,RESOURCE5,0.0,0.0

3_3_2_4_5,5339003.542377967,0.125,2022-10-24 16:26:26.282907+00:00,2023-08-14 16:38:28.253594+00:00,0.9337430000305176,0.0,0.0,3175290.2463358743,38433.63346832156
utilization
3_3_2_4_5,RESOURCE1,0.37080810640835304
3_3_2_4_5,RESOURCE2,0.3473468946327475
3_3_2_4_5,RESOURCE3,0.996447904667467
3_3_2_4_5,RESOURCE4,0.8115220851229397
3_3_2_4_5,RESOURCE5,0.00018976950792922906
pool_time_cost
3_3_2_4_5,RESOURCE1,4113.600000115926,529215.0410559791
3_3_2_4_5,RESOURCE2,3878.400000126422,529215.0410559791
3_3_2_4_5,RESOURCE3,14372.254335362471,705620.0547413054
3_3_2_4_5,RESOURCE4,16069.379132716744,1411240.1094826108
3_3_2_4_5,RESOURCE5,0.0,0.0

3_3_2_4_5,5319208.240561184,0.125,2022-10-24 16:26:26.329518+00:00,2023-08-09 15:28:01.117931+00:00,0.9427464008331299,0.0,0.0,3120761.848551625,39350.31732640277
utilization
3_3_2_4_5,RESOURCE1,0.3791689158505864
3_3_2_4_5,RESOURCE2,0.3450501431038027
3_3_2_4_5,RESOURCE3,0.998704003089483
3_3_2_4_5,RESOURCE4,0.8104108761309295
3_3_2_4_5,RESOURCE5,0.00021092973475251515
pool_time_cost
3_3_2_4_5,RESOURCE1,3655.200000114622,520126.97475860413
3_3_2_4_5,RESOURCE2,4156.800000128226,520126.97475860413
3_3_2_4_5,RESOURCE3,14149.80694992061,693502.6330114722
3_3_2_4_5,RESOURCE4,17388.510376239312,1387005.2660229444
3_3_2_4_5,RESOURCE5,0.0,0.0

3_3_2_2_1,4493285.8272344805,0.09722222222222222,2022-10-24 16:26:30.663565+00:00,2023-07-28 14:09:59.087832+00:00,1.0565407276153564,0.0,0.0,2326003.596803736,37135.093724353595
utilization
3_3_2_2_1,RESOURCE1,0.39603219131366546
3_3_2_2_1,RESOURCE2,0.35484425766227623
3_3_2_2_1,RESOURCE3,0.9987063848902671
3_3_2_2_1,RESOURCE4,0.8467199812733405
3_3_2_2_1,RESOURCE5,0.0002253790513567212
pool_time_cost
3_3_2_2_1,RESOURCE1,3254.4000001243944,498429.3421722292
3_3_2_2_1,RESOURCE2,3496.800000117286,498429.3421722292
3_3_2_2_1,RESOURCE3,13504.615384729466,664572.4562296389
3_3_2_2_1,RESOURCE4,16879.27833938245,664572.4562296389
3_3_2_2_1,RESOURCE5,0.0,0.0

3_3_2_2_1,4998200.512613898,0.09722222222222222,2022-10-24 16:26:30.688672+00:00,2023-08-09 14:57:50.025288+00:00,1.0439732074737549,0.0,0.0,2427082.7132821106,40816.35213880565
utilization
3_3_2_2_1,RESOURCE1,0.37897532094789205
3_3_2_2_1,RESOURCE2,0.3498077964005838
3_3_2_2_1,RESOURCE3,0.9961443883917731
3_3_2_2_1,RESOURCE4,0.8247783202486397
3_3_2_2_1,RESOURCE5,0.00019559873692885621
pool_time_cost
3_3_2_2_1,RESOURCE1,5119.2000001214155,520089.15284616663
3_3_2_2_1,RESOURCE2,3566.400000120903,520089.15284616663
3_3_2_2_1,RESOURCE3,14058.242463232815,693452.2037948888
3_3_2_2_1,RESOURCE4,18072.50967533051,693452.2037948888
3_3_2_2_1,RESOURCE5,0.0,0.0

3_3_2_2_1,5609391.186758775,0.09722222222222222,2022-10-24 16:26:30.691681+00:00,2023-08-14 16:53:05.540095+00:00,1.0580413341522217,0.0,0.0,2469755.0547069167,38862.38997503799
utilization
3_3_2_2_1,RESOURCE1,0.37413519293900227
3_3_2_2_1,RESOURCE2,0.3440354246149001
3_3_2_2_1,RESOURCE3,0.9977749433900348
3_3_2_2_1,RESOURCE4,0.8078493465919626
3_3_2_2_1,RESOURCE5,0.00018640962463815848
pool_time_cost
3_3_2_2_1,RESOURCE1,4533.600000128189,529233.226008625
3_3_2_2_1,RESOURCE2,3909.6000001235598,529233.226008625
3_3_2_2_1,RESOURCE3,14455.813953592904,705644.3013448333
3_3_2_2_1,RESOURCE4,15963.376021193337,705644.3013448333
3_3_2_2_1,RESOURCE5,0.0,0.0

3_3_2_2_1,4695498.154925258,0.09722222222222222,2022-10-24 16:26:30.749159+00:00,2023-08-03 16:23:05.654669+00:00,1.0431323051452637,0.0,0.0,2377180.0602579163,40025.61435111877
utilization
3_3_2_2_1,RESOURCE1,0.3871914208269756
3_3_2_2_1,RESOURCE2,0.3631478408722116
3_3_2_2_1,RESOURCE3,0.9911254550325446
3_3_2_2_1,RESOURCE4,0.8290699639964367
3_3_2_2_1,RESOURCE5,0.00021621659305962051
pool_time_cost
3_3_2_2_1,RESOURCE1,5040.000000120401,509395.727198125
3_3_2_2_1,RESOURCE2,4744.800000122845,509395.727198125
3_3_2_2_1,RESOURCE3,13650.385604209941,679194.3029308333
3_3_2_2_1,RESOURCE4,16590.428746665584,679194.3029308333
3_3_2_2_1,RESOURCE5,0.0,0.0

3_3_2_2_1,4625664.48449651,0.09722222222222222,2022-10-24 16:26:30.760678+00:00,2023-08-03 16:53:00.661379+00:00,1.0631916522979736,0.0,0.0,2377354.5736792637,39020.97907582038
utilization
3_3_2_2_1,RESOURCE1,0.3773231179019797
3_3_2_2_1,RESOURCE2,0.3582847711256381
3_3_2_2_1,RESOURCE3,0.9987629305469313
3_3_2_2_1,RESOURCE4,0.8194273772375782
3_3_2_2_1,RESOURCE5,0.00022155437552785924
pool_time_cost
3_3_2_2_1,RESOURCE1,4008.0000001165577,509433.12293127086
3_3_2_2_1,RESOURCE2,4519.200000117918,509433.12293127086
3_3_2_2_1,RESOURCE3,13806.94980706196,679244.1639083611
3_3_2_2_1,RESOURCE4,16686.829268523947,679244.1639083611
3_3_2_2_1,RESOURCE5,0.0,0.0

3_3_2_2_1,5038574.159406617,0.09722222222222222,2022-10-24 16:26:31.717108+00:00,2023-08-10 16:08:09.557384+00:00,0.9807944297790527,0.0,0.0,2435892.845582389,40474.77886903989
utilization
3_3_2_2_1,RESOURCE1,0.3818907068320559
3_3_2_2_1,RESOURCE2,0.34298643031799253
3_3_2_2_1,RESOURCE3,0.997992730423319
3_3_2_2_1,RESOURCE4,0.8062542321424073
3_3_2_2_1,RESOURCE5,0.00020239819549254886
pool_time_cost
3_3_2_2_1,RESOURCE1,4080.000000121021,521977.0383390833
3_3_2_2_1,RESOURCE2,4809.600000116382,521977.0383390833
3_3_2_2_1,RESOURCE3,14241.962556590941,695969.3844521111
3_3_2_2_1,RESOURCE4,17343.21631221155,695969.3844521111
3_3_2_2_1,RESOURCE5,0.0,0.0

3_3_2_2_1,4967562.999754355,0.09722222222222222,2022-10-24 16:26:31.734156+00:00,2023-08-04 16:21:47.573414+00:00,0.952747106552124,250587.00022530556,517582.0010179989,2385572.373261194,39787.65494761249
utilization
3_3_2_2_1,RESOURCE1,0.38090204338373823
3_3_2_2_1,RESOURCE2,0.35314472767983046
3_3_2_2_1,RESOURCE3,0.9957495832389832
3_3_2_2_1,RESOURCE4,0.8288446252431275
3_3_2_2_1,RESOURCE5,0.00020222544408096438
pool_time_cost
3_3_2_2_1,RESOURCE1,3506.400000110229,511194.07998454163
3_3_2_2_1,RESOURCE2,4670.400000122378,511194.07998454163
3_3_2_2_1,RESOURCE3,13837.28379255673,681592.1066460555
3_3_2_2_1,RESOURCE4,17773.571154823152,681592.1066460555
3_3_2_2_1,RESOURCE5,0.0,0.0

3_3_2_2_1,4913066.258720115,0.09722222222222222,2022-10-24 16:26:31.750236+00:00,2023-07-24 15:27:23.772352+00:00,0.9496867656707764,0.0,0.0,2292855.0577057223,41320.40046357407
utilization
3_3_2_2_1,RESOURCE1,0.39544674372104477
3_3_2_2_1,RESOURCE2,0.37116160677726806
3_3_2_2_1,RESOURCE3,0.9988069153344241
3_3_2_2_1,RESOURCE4,0.8720018888774448
3_3_2_2_1,RESOURCE5,0.00019469044066157157
pool_time_cost
3_3_2_2_1,RESOURCE1,3988.8000001237124,491326.08379408333
3_3_2_2_1,RESOURCE2,5241.600000118347,491326.08379408333
3_3_2_2_1,RESOURCE3,13449.320388463366,655101.4450587778
3_3_2_2_1,RESOURCE4,18640.680074868644,655101.4450587778
3_3_2_2_1,RESOURCE5,0.0,0.0

3_3_2_2_1,5410590.016225269,0.09722222222222222,2022-10-24 16:26:31.791300+00:00,2023-08-15 15:49:17.128324+00:00,0.9657459259033203,0.0,0.0,2477782.7410995555,41002.918922536584
utilization
3_3_2_2_1,RESOURCE1,0.3657329407386298
3_3_2_2_1,RESOURCE2,0.33961455946697916
3_3_2_2_1,RESOURCE3,0.9951337185352023
3_3_2_2_1,RESOURCE4,0.8164982818153703
3_3_2_2_1,RESOURCE5,0.0001877368116450157
pool_time_cost
3_3_2_2_1,RESOURCE1,3388.800000113372,530953.4445213333
3_3_2_2_1,RESOURCE2,5428.800000125025,530953.4445213333
3_3_2_2_1,RESOURCE3,14289.6551725276,707937.9260284444
3_3_2_2_1,RESOURCE4,17895.663749770585,707937.9260284444
3_3_2_2_1,RESOURCE5,0.0,0.0

3_3_2_2_1,5218149.999979661,0.09722222222222222,2022-10-24 16:26:31.824359+00:00,2023-08-11 15:23:36.567907+00:00,1.0168046951293945,0.0,0.0,2444032.9611782776,43007.79762760513
utilization
3_3_2_2_1,RESOURCE1,0.37382887570989093
3_3_2_2_1,RESOURCE2,0.3499264976619296
3_3_2_2_1,RESOURCE3,0.9990037093859754
3_3_2_2_1,RESOURCE4,0.8159633605519152
3_3_2_2_1,RESOURCE5,0.0002022739353999503
pool_time_cost
3_3_2_2_1,RESOURCE1,4572.0000001183125,523721.34882391663
3_3_2_2_1,RESOURCE2,4188.000000118189,523721.34882391663
3_3_2_2_1,RESOURCE3,14151.40664972606,698295.1317652222
3_3_2_2_1,RESOURCE4,20096.390977642564,698295.1317652222
3_3_2_2_1,RESOURCE5,0.0,0.0

3_3_2_2_1,5034258.326437321,0.09722222222222222,2022-10-24 16:26:32.685879+00:00,2023-08-07 13:01:07.954278+00:00,1.0517194271087646,0.0,0.0,2409601.7622054582,40391.332031371094
utilization
3_3_2_2_1,RESOURCE1,0.3759606672212481
3_3_2_2_1,RESOURCE2,0.3508803298797987
3_3_2_2_1,RESOURCE3,0.9964077399257024
3_3_2_2_1,RESOURCE4,0.8325335978551723
3_3_2_2_1,RESOURCE5,0.0001857348006663884
pool_time_cost
3_3_2_2_1,RESOURCE1,5076.000000125951,516343.23475831246
3_3_2_2_1,RESOURCE2,3830.4000001168406,516343.23475831246
3_3_2_2_1,RESOURCE3,13887.378640886242,688457.6463444167
3_3_2_2_1,RESOURCE4,17597.553390242058,688457.6463444167
3_3_2_2_1,RESOURCE5,0.0,0.0

3_3_2_2_1,4809929.498957366,0.09722222222222222,2022-10-24 16:26:32.699455+00:00,2023-07-26 15:53:31.225873+00:00,1.0907676219940186,0.0,0.0,2309807.3567350833,39880.2778712483
utilization
3_3_2_2_1,RESOURCE1,0.39364140055016095
3_3_2_2_1,RESOURCE2,0.3652413542635591
3_3_2_2_1,RESOURCE3,0.9933771797516773
3_3_2_2_1,RESOURCE4,0.8674960430927554
3_3_2_2_1,RESOURCE5,0.00018484428372284983
pool_time_cost
3_3_2_2_1,RESOURCE1,3996.0000001208828,494958.71930037497
3_3_2_2_1,RESOURCE2,5246.4000001233735,494958.71930037497
3_3_2_2_1,RESOURCE3,13530.953926125474,659944.9590671667
3_3_2_2_1,RESOURCE4,16832.114784573216,659944.9590671667
3_3_2_2_1,RESOURCE5,274.80916030534354,0.0

3_3_2_2_1,5479130.911677794,0.09722222222222222,2022-10-24 16:26:32.700454+00:00,2023-08-09 15:32:33.190936+00:00,1.048720121383667,0.0,0.0,2427285.04768575,43759.30901659609
utilization
3_3_2_2_1,RESOURCE1,0.3843322622658067
3_3_2_2_1,RESOURCE2,0.3481923943146893
3_3_2_2_1,RESOURCE3,0.9977383858453522
3_3_2_2_1,RESOURCE4,0.8315122435290241
3_3_2_2_1,RESOURCE5,0.0001947903331784575
pool_time_cost
3_3_2_2_1,RESOURCE1,5109.600000117568,520132.51021837496
3_3_2_2_1,RESOURCE2,5068.800000124968,520132.51021837496
3_3_2_2_1,RESOURCE3,13959.745223032045,693510.0136244999
3_3_2_2_1,RESOURCE4,19621.16379332151,693510.0136244999
3_3_2_2_1,RESOURCE5,0.0,0.0

3_3_2_2_1,4463902.121371227,0.09722222222222222,2022-10-24 16:26:32.757038+00:00,2023-07-21 13:06:04.581857+00:00,1.0622875690460205,0.0,0.0,2266830.594079625,39370.38366703903
utilization
3_3_2_2_1,RESOURCE1,0.40498898749131007
3_3_2_2_1,RESOURCE2,0.37595222283366575
3_3_2_2_1,RESOURCE3,0.9968800078091968
3_3_2_2_1,RESOURCE4,0.8794607064117899
3_3_2_2_1,RESOURCE5,0.00019557287543182488
pool_time_cost
3_3_2_2_1,RESOURCE1,4485.600000121342,485749.41301706247
3_3_2_2_1,RESOURCE2,4545.600000120824,485749.41301706247
3_3_2_2_1,RESOURCE3,13218.604651273585,647665.88402275
3_3_2_2_1,RESOURCE4,17120.579015523275,647665.88402275
3_3_2_2_1,RESOURCE5,0.0,0.0

3_3_2_2_1,4898940.482568452,0.09722222222222222,2022-10-24 16:26:32.842682+00:00,2023-08-04 15:29:10.340935+00:00,1.025827169418335,0.0,0.0,2385265.3123301524,40537.42103169329
utilization
3_3_2_2_1,RESOURCE1,0.38269590406558585
3_3_2_2_1,RESOURCE2,0.3541875948425098
3_3_2_2_1,RESOURCE3,0.9959454813824051
3_3_2_2_1,RESOURCE4,0.8321500897346534
3_3_2_2_1,RESOURCE5,0.0002017614938368092
pool_time_cost
3_3_2_2_1,RESOURCE1,4922.400000121959,511128.28121360415
3_3_2_2_1,RESOURCE2,3619.200000119452,511128.28121360415
3_3_2_2_1,RESOURCE3,13806.94980706826,681504.3749514722
3_3_2_2_1,RESOURCE4,18188.87122438362,681504.3749514722
3_3_2_2_1,RESOURCE5,0.0,0.0

3_2_2_2_5,5292869.73612388,0.09027777777777778,2022-10-24 16:26:37.393856+00:00,2023-07-26 14:15:23.395737+00:00,1.0256030559539795,0.0,0.0,2144289.15294759,39559.1509708783
utilization
3_2_2_2_5,RESOURCE1,0.3984196900746388
3_2_2_2_5,RESOURCE2,0.3742714717578119
3_2_2_2_5,RESOURCE3,0.9956031129991946
3_2_2_2_5,RESOURCE4,0.8575178507536395
3_2_2_2_5,RESOURCE5,0.0002170434997563532
pool_time_cost
3_2_2_2_5,RESOURCE1,3324.0000001277303,494835.9583725208
3_2_2_2_5,RESOURCE2,5092.800000122499,329890.6389150139
3_2_2_2_5,RESOURCE3,13426.400515246292,659781.2778300277
3_2_2_2_5,RESOURCE4,17715.950455381782,659781.2778300277
3_2_2_2_5,RESOURCE5,0.0,0.0

3_2_2_2_5,5276299.356437254,0.09027777777777778,2022-10-24 16:26:37.395857+00:00,2023-08-02 14:33:55.871530+00:00,1.0581836700439453,0.0,0.0,2198989.584609368,41377.5428810435
utilization
3_2_2_2_5,RESOURCE1,0.38832475093075297
3_2_2_2_5,RESOURCE2,0.36044188291867024
3_2_2_2_5,RESOURCE3,0.997006270469339
3_2_2_2_5,RESOURCE4,0.8338646211784937
3_2_2_2_5,RESOURCE5,0.0002101970753018832
pool_time_cost
3_2_2_2_5,RESOURCE1,4281.6000001234415,507459.13490985415
3_2_2_2_5,RESOURCE2,4912.800000121118,338306.08993990277
3_2_2_2_5,RESOURCE3,13742.930591367587,676612.1798798055
3_2_2_2_5,RESOURCE4,18440.21228943135,676612.1798798055
3_2_2_2_5,RESOURCE5,0.0,0.0

3_2_2_2_5,4669029.772788184,0.09027777777777778,2022-10-24 16:26:37.420388+00:00,2023-08-04 14:43:26.737894+00:00,1.028627872467041,0.0,0.0,2214641.118941514,39724.883817621354
utilization
3_2_2_2_5,RESOURCE1,0.3942133340236688
3_2_2_2_5,RESOURCE2,0.35659876749219915
3_2_2_2_5,RESOURCE3,0.9989023042069448
3_2_2_2_5,RESOURCE4,0.8322246915426107
3_2_2_2_5,RESOURCE5,0.00020263290986103803
pool_time_cost
3_2_2_2_5,RESOURCE1,4380.000000116471,511071.02744804166
3_2_2_2_5,RESOURCE2,5006.400000121541,340714.01829869446
3_2_2_2_5,RESOURCE3,13881.748072096694,681428.0365973889
3_2_2_2_5,RESOURCE4,16456.735745286653,681428.0365973889
3_2_2_2_5,RESOURCE5,0.0,0.0

3_2_2_2_5,5181635.090251126,0.09027777777777778,2022-10-24 16:26:37.441412+00:00,2023-08-02 13:49:30.332665+00:00,1.0602827072143555,0.0,0.0,2198748.941571451,41621.921556526206
utilization
3_2_2_2_5,RESOURCE1,0.3973321817098843
3_2_2_2_5,RESOURCE2,0.35461480599722656
3_2_2_2_5,RESOURCE3,0.9953876181688002
3_2_2_2_5,RESOURCE4,0.8421416580710895
3_2_2_2_5,RESOURCE5,0.00021383934500817495
pool_time_cost
3_2_2_2_5,RESOURCE1,4639.200000117288,507403.6019011041
3_2_2_2_5,RESOURCE2,3936.0000001130866,338269.0679340694
3_2_2_2_5,RESOURCE3,13644.046094856758,676538.1358681388
3_2_2_2_5,RESOURCE4,19402.675461439074,676538.1358681388
3_2_2_2_5,RESOURCE5,0.0,0.0

3_2_2_2_5,4352509.023050842,0.09027777777777778,2022-10-24 16:26:37.450925+00:00,2023-07-27 13:50:06.440305+00:00,1.0467653274536133,0.0,0.0,2151952.200430139,40607.667115061486
utilization
3_2_2_2_5,RESOURCE1,0.38883009127610446
3_2_2_2_5,RESOURCE2,0.363831413256987
3_2_2_2_5,RESOURCE3,0.9981981112303505
3_2_2_2_5,RESOURCE4,0.8564258137563979
3_2_2_2_5,RESOURCE5,0.00020409534988716447
pool_time_cost
3_2_2_2_5,RESOURCE1,4848.000000116977,496604.35394541663
3_2_2_2_5,RESOURCE2,3422.400000119633,331069.5692969444
3_2_2_2_5,RESOURCE3,13481.443299073837,662139.1385938888
3_2_2_2_5,RESOURCE4,18855.823815751042,662139.1385938888
3_2_2_2_5,RESOURCE5,0.0,0.0

3_2_2_2_5,4733085.450007697,0.09027777777777778,2022-10-24 16:26:38.413951+00:00,2023-08-02 15:27:05.518758+00:00,0.9262280464172363,0.0,0.0,2199277.446961743,38194.92208611285
utilization
3_2_2_2_5,RESOURCE1,0.3885537064915016
3_2_2_2_5,RESOURCE2,0.3593922529514556
3_2_2_2_5,RESOURCE3,0.9967782972391906
3_2_2_2_5,RESOURCE4,0.8335177773300021
3_2_2_2_5,RESOURCE5,0.0002085895450298224
pool_time_cost
3_2_2_2_5,RESOURCE1,4516.800000119328,507525.56468347914
3_2_2_2_5,RESOURCE2,3986.4000001227373,338350.37645565276
3_2_2_2_5,RESOURCE3,13798.070739655688,676700.7529113055
3_2_2_2_5,RESOURCE4,15893.651346215092,676700.7529113055
3_2_2_2_5,RESOURCE5,0.0,0.0

3_2_2_2_5,4922198.298850282,0.09027777777777778,2022-10-24 16:26:38.451062+00:00,2023-08-01 13:41:42.963597+00:00,0.9802772998809814,0.0,0.0,2190906.657381632,37434.33797459775
utilization
3_2_2_2_5,RESOURCE1,0.3805931139238759
3_2_2_2_5,RESOURCE2,0.3589466020220932
3_2_2_2_5,RESOURCE3,0.998866972973377
3_2_2_2_5,RESOURCE4,0.8381882109302028
3_2_2_2_5,RESOURCE5,0.00020523455499112063
pool_time_cost
3_2_2_2_5,RESOURCE1,3948.00000012953,505593.84401114576
3_2_2_2_5,RESOURCE2,3926.400000122809,337062.5626740972
3_2_2_2_5,RESOURCE3,13840.776699140499,674125.1253481944
3_2_2_2_5,RESOURCE4,15719.161275204915,674125.1253481944
3_2_2_2_5,RESOURCE5,0.0,0.0

3_2_2_2_5,4938616.636029364,0.09027777777777778,2022-10-24 16:26:38.455018+00:00,2023-08-09 15:11:19.122554+00:00,0.9697203636169434,243018.45422176272,521029.48629300296,2253792.004708111,37903.8077161908
utilization
3_2_2_2_5,RESOURCE1,0.3795367642767976
3_2_2_2_5,RESOURCE2,0.3444434084540889
3_2_2_2_5,RESOURCE3,0.9966313073123807
3_2_2_2_5,RESOURCE4,0.8163661535104698
3_2_2_2_5,RESOURCE5,0.00018681033884492505
pool_time_cost
3_2_2_2_5,RESOURCE1,3470.400000118773,520105.8472403333
3_2_2_2_5,RESOURCE2,4360.8000001174305,346737.23149355553
3_2_2_2_5,RESOURCE3,14231.68831179714,693474.4629871111
3_2_2_2_5,RESOURCE4,15840.919404157461,693474.4629871111
3_2_2_2_5,RESOURCE5,0.0,0.0

3_2_2_2_5,5132805.327168133,0.09027777777777778,2022-10-24 16:26:38.496178+00:00,2023-08-15 16:56:04.802723+00:00,0.9461729526519775,0.0,0.0,2301159.458229757,40203.49091996608
utilization
3_2_2_2_5,RESOURCE1,0.3721432294643194
3_2_2_2_5,RESOURCE2,0.34151599309120473
3_2_2_2_5,RESOURCE3,0.9983021526974205
3_2_2_2_5,RESOURCE4,0.8016529770901115
3_2_2_2_5,RESOURCE5,0.0001920947544029876
pool_time_cost
3_2_2_2_5,RESOURCE1,4500.000000124149,531036.7980530208
3_2_2_2_5,RESOURCE2,3463.2000001184765,354024.5320353472
3_2_2_2_5,RESOURCE3,14464.948453718178,708049.0640706944
3_2_2_2_5,RESOURCE4,17775.34246600528,708049.0640706944
3_2_2_2_5,RESOURCE5,0.0,0.0

3_2_2_2_5,4938394.059006926,0.09027777777777778,2022-10-24 16:26:38.502690+00:00,2023-08-07 15:38:27.596707+00:00,0.9624612331390381,0.0,0.0,2238339.01543209,43528.651849073634
utilization
3_2_2_2_5,RESOURCE1,0.3782478290619473
3_2_2_2_5,RESOURCE2,0.35226157542484204
3_2_2_2_5,RESOURCE3,0.9975611646025758
3_2_2_2_5,RESOURCE4,0.8245292194502182
3_2_2_2_5,RESOURCE5,0.00018853151317053157
pool_time_cost
3_2_2_2_5,RESOURCE1,4552.800000122088,516539.7727920208
3_2_2_2_5,RESOURCE2,4742.400000125633,344359.84852801386
3_2_2_2_5,RESOURCE3,14129.007138330337,688719.6970560277
3_2_2_2_5,RESOURCE4,20104.444710495576,688719.6970560277
3_2_2_2_5,RESOURCE5,0.0,0.0

3_2_2_2_5,5891827.145244671,0.09027777777777778,2022-10-24 16:26:39.341689+00:00,2023-08-09 13:20:27.011135+00:00,0.995028018951416,0.0,0.0,2253191.386824986,39990.15451951055
utilization
3_2_2_2_5,RESOURCE1,0.37796568114272394
3_2_2_2_5,RESOURCE2,0.35385075775231084
3_2_2_2_5,RESOURCE3,0.9973743647187944
3_2_2_2_5,RESOURCE4,0.8229169292049494
3_2_2_2_5,RESOURCE5,0.00019261673976344297
pool_time_cost
3_2_2_2_5,RESOURCE1,5032.800000116349,519967.2431134583
3_2_2_2_5,RESOURCE2,3919.2000001196625,346644.8287423055
3_2_2_2_5,RESOURCE3,14084.332688691524,693289.657484611
3_2_2_2_5,RESOURCE4,16953.821830583016,693289.657484611
3_2_2_2_5,RESOURCE5,0.0,0.0

3_2_2_2_5,4363055.825464956,0.09027777777777778,2022-10-24 16:26:39.425782+00:00,2023-07-24 14:52:51.553690+00:00,1.008540153503418,0.0,0.0,2128891.9282139167,39100.45252371964
utilization
3_2_2_2_5,RESOURCE1,0.3956164547814943
3_2_2_2_5,RESOURCE2,0.3718964502135447
3_2_2_2_5,RESOURCE3,0.9981963749558812
3_2_2_2_5,RESOURCE4,0.8711546034505184
3_2_2_2_5,RESOURCE5,0.00019983070571646252
pool_time_cost
3_2_2_2_5,RESOURCE1,5049.600000119337,491282.75266475
3_2_2_2_5,RESOURCE2,4425.600000120726,327521.8351098333
3_2_2_2_5,RESOURCE3,13376.744186151956,655043.6702196666
3_2_2_2_5,RESOURCE4,16248.508337327625,655043.6702196666
3_2_2_2_5,RESOURCE5,0.0,0.0

3_2_2_2_5,4974709.678884124,0.09027777777777778,2022-10-24 16:26:39.429288+00:00,2023-08-10 14:33:39.058895+00:00,1.0330770015716553,0.0,0.0,2261387.8832284096,41195.71055027403
utilization
3_2_2_2_5,RESOURCE1,0.377192087311877
3_2_2_2_5,RESOURCE2,0.343925229620218
3_2_2_2_5,RESOURCE3,0.9983167684298407
3_2_2_2_5,RESOURCE4,0.8092059554667451
3_2_2_2_5,RESOURCE5,0.0002128215173327713
pool_time_cost
3_2_2_2_5,RESOURCE1,3840.000000122031,521858.74228347914
3_2_2_2_5,RESOURCE2,5095.200000119661,347905.8281889861
3_2_2_2_5,RESOURCE3,14086.354900811511,695811.6563779722
3_2_2_2_5,RESOURCE4,18174.15564922082,695811.6563779722
3_2_2_2_5,RESOURCE5,0.0,0.0

3_2_2_2_5,4466045.769468975,0.09027777777777778,2022-10-24 16:26:39.442350+00:00,2023-07-25 15:04:25.863637+00:00,1.0074894428253174,0.0,0.0,2136754.6074772985,39586.762275441775
utilization
3_2_2_2_5,RESOURCE1,0.40357963307716677
3_2_2_2_5,RESOURCE2,0.367513345527371
3_2_2_2_5,RESOURCE3,0.9965615954817924
3_2_2_2_5,RESOURCE4,0.865746367522836
3_2_2_2_5,RESOURCE5,0.00020159956324893532
pool_time_cost
3_2_2_2_5,RESOURCE1,2589.6000001254274,493097.21711014584
3_2_2_2_5,RESOURCE2,5740.800000113892,328731.47807343054
3_2_2_2_5,RESOURCE3,13385.391079616778,657462.9561468611
3_2_2_2_5,RESOURCE4,17870.97119558568,657462.9561468611
3_2_2_2_5,RESOURCE5,0.0,0.0

3_2_2_2_5,5106288.054779278,0.09027777777777778,2022-10-24 16:26:39.463149+00:00,2023-07-28 14:00:41.692317+00:00,1.0273003578186035,0.0,0.0,2159809.3679110003,38922.645794712254
utilization
3_2_2_2_5,RESOURCE1,0.3878084005634206
3_2_2_2_5,RESOURCE2,0.3700786261148117
3_2_2_2_5,RESOURCE3,0.997751071503702
3_2_2_2_5,RESOURCE4,0.8566349732421966
3_2_2_2_5,RESOURCE5,0.00020792187749653598
pool_time_cost
3_2_2_2_5,RESOURCE1,3782.400000118872,498417.546441
3_2_2_2_5,RESOURCE2,4430.400000124111,332278.364294
3_2_2_2_5,RESOURCE3,13441.229193447212,664556.728588
3_2_2_2_5,RESOURCE4,17268.61660102206,664556.728588
3_2_2_2_5,RESOURCE5,0.0,0.0

