{
    "time_var": 60,
    "max_cap": 9999999999,
    "max_shift_size": 24,
    "max_shift_blocks": 24,
    "hours_in_day": 24,
    "resources": [
        {
            "id": "Joint_W_Complete application_0timetable",
            "constraints": {
                "global_constraints": {
                    "max_weekly_cap": 89.0,
                    "max_daily_cap": 16.0,
                    "max_consecutive_cap": 16.0,
                    "max_shifts_day": 24,
                    "max_shifts_week": 89.0,
                    "is_human": true
                },
                "daily_start_times": {
                    "monday": "05:00:00",
                    "tuesday": "05:00:00",
                    "wednesday": "05:00:00",
                    "thursday": "05:00:00",
                    "friday": "05:00:00",
                    "saturday": "05:00:00",
                    "sunday": "05:00:00"
                },
                "never_work_masks": {
                    "monday": 8388609,
                    "tuesday": 8388609,
                    "wednesday": 8388609,
                    "thursday": 8388609,
                    "friday": 8388609,
                    "saturday": 8388609,
                    "sunday": 8388609
                },
                "always_work_masks": {
                    "monday": 0,
                    "tuesday": 0,
                    "wednesday": 0,
                    "thursday": 0,
                    "friday": 0,
                    "saturday": 0,
                    "sunday": 0
                }
            }
        },
        {
            "id": "Joint_W_Handle leads_0timetable",
            "constraints": {
                "global_constraints": {
                    "max_weekly_cap": 84.0,
                    "max_daily_cap": 15.0,
                    "max_consecutive_cap": 15.0,
                    "max_shifts_day": 24,
                    "max_shifts_week": 84.0,
                    "is_human": true
                },
                "daily_start_times": {
                    "monday": "05:00:00",
                    "tuesday": "05:00:00",
                    "wednesday": "05:00:00",
                    "thursday": "05:00:00",
                    "friday": "05:00:00",
                    "saturday": "05:00:00",
                    "sunday": "05:00:00"
                },
                "never_work_masks": {
                    "monday": 8388609,
                    "tuesday": 8388609,
                    "wednesday": 8388609,
                    "thursday": 8388609,
                    "friday": 8388609,
                    "saturday": 8388609,
                    "sunday": 8388609
                },
                "always_work_masks": {
                    "monday": 0,
                    "tuesday": 0,
                    "wednesday": 0,
                    "thursday": 0,
                    "friday": 0,
                    "saturday": 0,
                    "sunday": 0
                }
            }
        },
        {
            "id": "Joint_W_Assess potential fraud_0timetable",
            "constraints": {
                "global_constraints": {
                    "max_weekly_cap": 56.0,
                    "max_daily_cap": 11.0,
                    "max_consecutive_cap": 11.0,
                    "max_shifts_day": 24,
                    "max_shifts_week": 56.0,
                    "is_human": true
                },
                "daily_start_times": {
                    "monday": "05:00:00",
                    "tuesday": "05:00:00",
                    "wednesday": "05:00:00",
                    "thursday": "05:00:00",
                    "friday": "05:00:00",
                    "saturday": "05:00:00",
                    "sunday": "05:00:00"
                },
                "never_work_masks": {
                    "monday": 8388609,
                    "tuesday": 8388609,
                    "wednesday": 8388609,
                    "thursday": 8388609,
                    "friday": 8388609,
                    "saturday": 8388609,
                    "sunday": 8388609
                },
                "always_work_masks": {
                    "monday": 0,
                    "tuesday": 0,
                    "wednesday": 0,
                    "thursday": 0,
                    "friday": 0,
                    "saturday": 0,
                    "sunday": 0
                }
            }
        },
        {
            "id": "Joint_W_Shortened completion_0timetable",
            "constraints": {
                "global_constraints": {
                    "max_weekly_cap": 29.0,
                    "max_daily_cap": 8.0,
                    "max_consecutive_cap": 7.0,
                    "max_shifts_day": 24,
                    "max_shifts_week": 29.0,
                    "is_human": true
                },
                "daily_start_times": {
                    "monday": "07:00:00",
                    "tuesday": "07:00:00",
                    "wednesday": "07:00:00",
                    "thursday": "07:00:00",
                    "friday": "07:00:00",
                    "saturday": "07:00:00",
                    "sunday": null
                },
                "never_work_masks": {
                    "monday": 8388609,
                    "tuesday": 8388609,
                    "wednesday": 8388609,
                    "thursday": 8388609,
                    "friday": 8388609,
                    "saturday": 8388609,
                    "sunday": 16777215
                },
                "always_work_masks": {
                    "monday": 0,
                    "tuesday": 0,
                    "wednesday": 0,
                    "thursday": 0,
                    "friday": 0,
                    "saturday": 0,
                    "sunday": 0
                }
            }
        },
        {
            "id": "Joint_W_Personal Loan collection_0timetable",
            "constraints": {
                "global_constraints": {
                    "max_weekly_cap": 8.0,
                    "max_daily_cap": 2.0,
                    "max_consecutive_cap": 1.0,
                    "max_shifts_day": 24,
                    "max_shifts_week": 8.0,
                    "is_human": true
                },
                "daily_start_times": {
                    "monday": "07:00:00",
                    "tuesday": "07:00:00",
                    "wednesday": "07:00:00",
                    "thursday": "07:00:00",
                    "friday": null,
                    "saturday": "07:00:00",
                    "sunday": null
                },
                "never_work_masks": {
                    "monday": 8388609,
                    "tuesday": 8388609,
                    "wednesday": 8388609,
                    "thursday": 8388609,
                    "friday": 16777215,
                    "saturday": 8388609,
                    "sunday": 16777215
                },
                "always_work_masks": {
                    "monday": 0,
                    "tuesday": 0,
                    "wednesday": 0,
                    "thursday": 0,
                    "friday": 0,
                    "saturday": 0,
                    "sunday": 0
                }
            }
        },
        {
            "id": "Joint_W_Call incomplete files_0_COPYb6b86eebc8timetable",
            "constraints": {
                "global_constraints": {
                    "max_weekly_cap": 102.0,
                    "max_daily_cap": 16.0,
                    "max_consecutive_cap": 16.0,
                    "max_shifts_day": 24,
                    "max_shifts_week": 102.0,
                    "is_human": true
                },
                "daily_start_times": {
                    "monday": "05:00:00",
                    "tuesday": "05:00:00",
                    "wednesday": "05:00:00",
                    "thursday": "05:00:00",
                    "friday": "05:00:00",
                    "saturday": "05:00:00",
                    "sunday": "05:00:00"
                },
                "never_work_masks": {
                    "monday": 8388609,
                    "tuesday": 8388609,
                    "wednesday": 8388609,
                    "thursday": 8388609,
                    "friday": 8388609,
                    "saturday": 8388609,
                    "sunday": 8388609
                },
                "always_work_masks": {
                    "monday": 0,
                    "tuesday": 0,
                    "wednesday": 0,
                    "thursday": 0,
                    "friday": 0,
                    "saturday": 0,
                    "sunday": 0
                }
            }
        },
        {
            "id": "Joint_W_Validate application_0_COPY0e7b7ccb0atimetable",
            "constraints": {
                "global_constraints": {
                    "max_weekly_cap": 101.0,
                    "max_daily_cap": 16.0,
                    "max_consecutive_cap": 16.0,
                    "max_shifts_day": 24,
                    "max_shifts_week": 101.0,
                    "is_human": true
                },
                "daily_start_times": {
                    "monday": "04:00:00",
                    "tuesday": "04:00:00",
                    "wednesday": "04:00:00",
                    "thursday": "04:00:00",
                    "friday": "04:00:00",
                    "saturday": "04:00:00",
                    "sunday": "04:00:00"
                },
                "never_work_masks": {
                    "monday": 8388609,
                    "tuesday": 8388609,
                    "wednesday": 8388609,
                    "thursday": 8388609,
                    "friday": 8388609,
                    "saturday": 8388609,
                    "sunday": 8388609
                },
                "always_work_masks": {
                    "monday": 0,
                    "tuesday": 0,
                    "wednesday": 0,
                    "thursday": 0,
                    "friday": 0,
                    "saturday": 0,
                    "sunday": 0
                }
            }
        },
        {
            "id": "Joint_W_Validate application_0_COPY0e7b7ccb0a_COPYf9d4da87b4timetable",
            "constraints": {
                "global_constraints": {
                    "max_weekly_cap": 101.0,
                    "max_daily_cap": 16.0,
                    "max_consecutive_cap": 16.0,
                    "max_shifts_day": 24,
                    "max_shifts_week": 101.0,
                    "is_human": true
                },
                "daily_start_times": {
                    "monday": "04:00:00",
                    "tuesday": "04:00:00",
                    "wednesday": "04:00:00",
                    "thursday": "04:00:00",
                    "friday": "04:00:00",
                    "saturday": "04:00:00",
                    "sunday": "04:00:00"
                },
                "never_work_masks": {
                    "monday": 8388609,
                    "tuesday": 8388609,
                    "wednesday": 8388609,
                    "thursday": 8388609,
                    "friday": 8388609,
                    "saturday": 8388609,
                    "sunday": 8388609
                },
                "always_work_masks": {
                    "monday": 0,
                    "tuesday": 0,
                    "wednesday": 0,
                    "thursday": 0,
                    "friday": 0,
                    "saturday": 0,
                    "sunday": 0
                }
            }
        },
        {
            "id": "Joint_W_Call incomplete files_0_COPYb6b86eebc8_COPYadffb2e03btimetable",
            "constraints": {
                "global_constraints": {
                    "max_weekly_cap": 102.0,
                    "max_daily_cap": 16.0,
                    "max_consecutive_cap": 16.0,
                    "max_shifts_day": 24,
                    "max_shifts_week": 102.0,
                    "is_human": true
                },
                "daily_start_times": {
                    "monday": "05:00:00",
                    "tuesday": "05:00:00",
                    "wednesday": "05:00:00",
                    "thursday": "05:00:00",
                    "friday": "05:00:00",
                    "saturday": "05:00:00",
                    "sunday": "05:00:00"
                },
                "never_work_masks": {
                    "monday": 8388609,
                    "tuesday": 8388609,
                    "wednesday": 8388609,
                    "thursday": 8388609,
                    "friday": 8388609,
                    "saturday": 8388609,
                    "sunday": 8388609
                },
                "always_work_masks": {
                    "monday": 0,
                    "tuesday": 0,
                    "wednesday": 0,
                    "thursday": 0,
                    "friday": 0,
                    "saturday": 0,
                    "sunday": 0
                }
            }
        },
        {
            "id": "Joint_W_Complete application_0_COPY34d75dc053timetable",
            "constraints": {
                "global_constraints": {
                    "max_weekly_cap": 89.0,
                    "max_daily_cap": 16.0,
                    "max_consecutive_cap": 16.0,
                    "max_shifts_day": 24,
                    "max_shifts_week": 89.0,
                    "is_human": true
                },
                "daily_start_times": {
                    "monday": "05:00:00",
                    "tuesday": "05:00:00",
                    "wednesday": "05:00:00",
                    "thursday": "05:00:00",
                    "friday": "05:00:00",
                    "saturday": "05:00:00",
                    "sunday": "05:00:00"
                },
                "never_work_masks": {
                    "monday": 8388609,
                    "tuesday": 8388609,
                    "wednesday": 8388609,
                    "thursday": 8388609,
                    "friday": 8388609,
                    "saturday": 8388609,
                    "sunday": 8388609
                },
                "always_work_masks": {
                    "monday": 0,
                    "tuesday": 0,
                    "wednesday": 0,
                    "thursday": 0,
                    "friday": 0,
                    "saturday": 0,
                    "sunday": 0
                }
            }
        },
        {
            "id": "Joint_W_Call after offers_0_COPY24e25d3a0d_COPYe5d7c22d39timetable",
            "constraints": {
                "global_constraints": {
                    "max_weekly_cap": 89.0,
                    "max_daily_cap": 15.0,
                    "max_consecutive_cap": 15.0,
                    "max_shifts_day": 24,
                    "max_shifts_week": 89.0,
                    "is_human": true
                },
                "daily_start_times": {
                    "monday": "06:00:00",
                    "tuesday": "06:00:00",
                    "wednesday": "06:00:00",
                    "thursday": "06:00:00",
                    "friday": "06:00:00",
                    "saturday": "06:00:00",
                    "sunday": "06:00:00"
                },
                "never_work_masks": {
                    "monday": 8388609,
                    "tuesday": 8388609,
                    "wednesday": 8388609,
                    "thursday": 8388609,
                    "friday": 8388609,
                    "saturday": 8388609,
                    "sunday": 8388609
                },
                "always_work_masks": {
                    "monday": 0,
                    "tuesday": 0,
                    "wednesday": 0,
                    "thursday": 0,
                    "friday": 0,
                    "saturday": 0,
                    "sunday": 0
                }
            }
        }
    ]
}