{
    "resource_profiles": [
        {
            "id": "node_162a5edf-1a1b-4e16-8a95-d83f98ec4216",
            "name": "Validar solicitud",
            "resource_list": [
                {
                    "id": "677",
                    "name": "677",
                    "cost_per_hour": 1,
                    "amount": 1,
                    "calendar": "677timetable",
                    "assigned_tasks": [
                        "node_162a5edf-1a1b-4e16-8a95-d83f98ec4216",
                        "node_6849a690-c367-4f3b-a3ba-1a05f6b858f6",
                        "node_1cc4cd71-7447-4959-8c94-ec026bf52ab8",
                        "node_a28ec8c8-f0d2-4248-aa76-36000bfb1861",
                        "node_83ede9e8-344a-45ba-a81d-0240967f67ec",
                        "node_4c2e12ec-1f84-41c0-84b4-08f153ab250c",
                        "node_c3e9fb6d-ffd6-48df-9ddb-927e1d087be4",
                        "node_1355fcbb-63b0-44ff-a4e9-7e804aba355b",
                        "node_0c108c95-d47a-4686-b7eb-a0c8d98e1af8"
                    ]
                }
            ]
        },
        {
            "id": "node_6849a690-c367-4f3b-a3ba-1a05f6b858f6",
            "name": "Homologacion por grupo de cursos",
            "resource_list": [
                {
                    "id": "3445",
                    "name": "3445",
                    "cost_per_hour": 1,
                    "amount": 1,
                    "calendar": "3445timetable",
                    "assigned_tasks": [
                        "node_6849a690-c367-4f3b-a3ba-1a05f6b858f6",
                        "node_4c2e12ec-1f84-41c0-84b4-08f153ab250c",
                        "node_9afea88b-fb0b-4cc8-8306-044151c90d6e",
                        "node_86bb78d4-a45d-49db-adee-d48aaab1b6fd",
                        "node_0af1c37b-2fc4-4db1-b583-467097656ca3"
                    ]
                },
                {
                    "id": "677",
                    "name": "677",
                    "cost_per_hour": 1,
                    "amount": 1,
                    "calendar": "677timetable",
                    "assigned_tasks": [
                        "node_162a5edf-1a1b-4e16-8a95-d83f98ec4216",
                        "node_6849a690-c367-4f3b-a3ba-1a05f6b858f6",
                        "node_1cc4cd71-7447-4959-8c94-ec026bf52ab8",
                        "node_a28ec8c8-f0d2-4248-aa76-36000bfb1861",
                        "node_83ede9e8-344a-45ba-a81d-0240967f67ec",
                        "node_4c2e12ec-1f84-41c0-84b4-08f153ab250c",
                        "node_c3e9fb6d-ffd6-48df-9ddb-927e1d087be4",
                        "node_1355fcbb-63b0-44ff-a4e9-7e804aba355b",
                        "node_0c108c95-d47a-4686-b7eb-a0c8d98e1af8"
                    ]
                }
            ]
        },
        {
            "id": "node_1cc4cd71-7447-4959-8c94-ec026bf52ab8",
            "name": "Notificacion estudiante cancelacion soli",
            "resource_list": [
                {
                    "id": "677",
                    "name": "677",
                    "cost_per_hour": 1,
                    "amount": 1,
                    "calendar": "677timetable",
                    "assigned_tasks": [
                        "node_162a5edf-1a1b-4e16-8a95-d83f98ec4216",
                        "node_6849a690-c367-4f3b-a3ba-1a05f6b858f6",
                        "node_1cc4cd71-7447-4959-8c94-ec026bf52ab8",
                        "node_a28ec8c8-f0d2-4248-aa76-36000bfb1861",
                        "node_83ede9e8-344a-45ba-a81d-0240967f67ec",
                        "node_4c2e12ec-1f84-41c0-84b4-08f153ab250c",
                        "node_c3e9fb6d-ffd6-48df-9ddb-927e1d087be4",
                        "node_1355fcbb-63b0-44ff-a4e9-7e804aba355b",
                        "node_0c108c95-d47a-4686-b7eb-a0c8d98e1af8"
                    ]
                }
            ]
        },
        {
            "id": "node_6219f70b-9007-4b16-bd9a-aa16886fbb0a",
            "name": "Recepcion de documentos",
            "resource_list": [
                {
                    "id": "Joint_Recepcion de documentos_0",
                    "name": "Joint_Recepcion de documentos_0",
                    "cost_per_hour": 1,
                    "amount": 1,
                    "calendar": "Joint_Recepcion de documentos_0timetable",
                    "assigned_tasks": [
                        "node_6219f70b-9007-4b16-bd9a-aa16886fbb0a"
                    ]
                }
            ]
        },
        {
            "id": "node_83ede9e8-344a-45ba-a81d-0240967f67ec",
            "name": "Revisar curso",
            "resource_list": [
                {
                    "id": "677",
                    "name": "677",
                    "cost_per_hour": 1,
                    "amount": 1,
                    "calendar": "677timetable",
                    "assigned_tasks": [
                        "node_162a5edf-1a1b-4e16-8a95-d83f98ec4216",
                        "node_6849a690-c367-4f3b-a3ba-1a05f6b858f6",
                        "node_1cc4cd71-7447-4959-8c94-ec026bf52ab8",
                        "node_a28ec8c8-f0d2-4248-aa76-36000bfb1861",
                        "node_83ede9e8-344a-45ba-a81d-0240967f67ec",
                        "node_4c2e12ec-1f84-41c0-84b4-08f153ab250c",
                        "node_c3e9fb6d-ffd6-48df-9ddb-927e1d087be4",
                        "node_1355fcbb-63b0-44ff-a4e9-7e804aba355b",
                        "node_0c108c95-d47a-4686-b7eb-a0c8d98e1af8"
                    ]
                }
            ]
        },
        {
            "id": "node_4c2e12ec-1f84-41c0-84b4-08f153ab250c",
            "name": "Evaluacion curso",
            "resource_list": [
                {
                    "id": "677",
                    "name": "677",
                    "cost_per_hour": 1,
                    "amount": 1,
                    "calendar": "677timetable",
                    "assigned_tasks": [
                        "node_162a5edf-1a1b-4e16-8a95-d83f98ec4216",
                        "node_6849a690-c367-4f3b-a3ba-1a05f6b858f6",
                        "node_1cc4cd71-7447-4959-8c94-ec026bf52ab8",
                        "node_a28ec8c8-f0d2-4248-aa76-36000bfb1861",
                        "node_83ede9e8-344a-45ba-a81d-0240967f67ec",
                        "node_4c2e12ec-1f84-41c0-84b4-08f153ab250c",
                        "node_c3e9fb6d-ffd6-48df-9ddb-927e1d087be4",
                        "node_1355fcbb-63b0-44ff-a4e9-7e804aba355b",
                        "node_0c108c95-d47a-4686-b7eb-a0c8d98e1af8"
                    ]
                },
                {
                    "id": "3445",
                    "name": "3445",
                    "cost_per_hour": 1,
                    "amount": 1,
                    "calendar": "3445timetable",
                    "assigned_tasks": [
                        "node_6849a690-c367-4f3b-a3ba-1a05f6b858f6",
                        "node_4c2e12ec-1f84-41c0-84b4-08f153ab250c",
                        "node_9afea88b-fb0b-4cc8-8306-044151c90d6e",
                        "node_86bb78d4-a45d-49db-adee-d48aaab1b6fd",
                        "node_0af1c37b-2fc4-4db1-b583-467097656ca3"
                    ]
                }
            ]
        },
        {
            "id": "node_c3e9fb6d-ffd6-48df-9ddb-927e1d087be4",
            "name": "Validacion final",
            "resource_list": [
                {
                    "id": "677",
                    "name": "677",
                    "cost_per_hour": 1,
                    "amount": 1,
                    "calendar": "677timetable",
                    "assigned_tasks": [
                        "node_162a5edf-1a1b-4e16-8a95-d83f98ec4216",
                        "node_6849a690-c367-4f3b-a3ba-1a05f6b858f6",
                        "node_1cc4cd71-7447-4959-8c94-ec026bf52ab8",
                        "node_a28ec8c8-f0d2-4248-aa76-36000bfb1861",
                        "node_83ede9e8-344a-45ba-a81d-0240967f67ec",
                        "node_4c2e12ec-1f84-41c0-84b4-08f153ab250c",
                        "node_c3e9fb6d-ffd6-48df-9ddb-927e1d087be4",
                        "node_1355fcbb-63b0-44ff-a4e9-7e804aba355b",
                        "node_0c108c95-d47a-4686-b7eb-a0c8d98e1af8"
                    ]
                }
            ]
        },
        {
            "id": "node_9afea88b-fb0b-4cc8-8306-044151c90d6e",
            "name": "Visto Bueno Cierre Proceso",
            "resource_list": [
                {
                    "id": "3445",
                    "name": "3445",
                    "cost_per_hour": 1,
                    "amount": 1,
                    "calendar": "3445timetable",
                    "assigned_tasks": [
                        "node_6849a690-c367-4f3b-a3ba-1a05f6b858f6",
                        "node_4c2e12ec-1f84-41c0-84b4-08f153ab250c",
                        "node_9afea88b-fb0b-4cc8-8306-044151c90d6e",
                        "node_86bb78d4-a45d-49db-adee-d48aaab1b6fd",
                        "node_0af1c37b-2fc4-4db1-b583-467097656ca3"
                    ]
                }
            ]
        },
        {
            "id": "node_86bb78d4-a45d-49db-adee-d48aaab1b6fd",
            "name": "Transferir Creditos",
            "resource_list": [
                {
                    "id": "3445",
                    "name": "3445",
                    "cost_per_hour": 1,
                    "amount": 1,
                    "calendar": "3445timetable",
                    "assigned_tasks": [
                        "node_6849a690-c367-4f3b-a3ba-1a05f6b858f6",
                        "node_4c2e12ec-1f84-41c0-84b4-08f153ab250c",
                        "node_9afea88b-fb0b-4cc8-8306-044151c90d6e",
                        "node_86bb78d4-a45d-49db-adee-d48aaab1b6fd",
                        "node_0af1c37b-2fc4-4db1-b583-467097656ca3"
                    ]
                }
            ]
        },
        {
            "id": "node_0af1c37b-2fc4-4db1-b583-467097656ca3",
            "name": "Transferir creditos homologables",
            "resource_list": [
                {
                    "id": "3445",
                    "name": "3445",
                    "cost_per_hour": 1,
                    "amount": 1,
                    "calendar": "3445timetable",
                    "assigned_tasks": [
                        "node_6849a690-c367-4f3b-a3ba-1a05f6b858f6",
                        "node_4c2e12ec-1f84-41c0-84b4-08f153ab250c",
                        "node_9afea88b-fb0b-4cc8-8306-044151c90d6e",
                        "node_86bb78d4-a45d-49db-adee-d48aaab1b6fd",
                        "node_0af1c37b-2fc4-4db1-b583-467097656ca3"
                    ]
                }
            ]
        },
        {
            "id": "node_1355fcbb-63b0-44ff-a4e9-7e804aba355b",
            "name": "Cancelar curso",
            "resource_list": [
                {
                    "id": "677",
                    "name": "677",
                    "cost_per_hour": 1,
                    "amount": 1,
                    "calendar": "677timetable",
                    "assigned_tasks": [
                        "node_162a5edf-1a1b-4e16-8a95-d83f98ec4216",
                        "node_6849a690-c367-4f3b-a3ba-1a05f6b858f6",
                        "node_1cc4cd71-7447-4959-8c94-ec026bf52ab8",
                        "node_a28ec8c8-f0d2-4248-aa76-36000bfb1861",
                        "node_83ede9e8-344a-45ba-a81d-0240967f67ec",
                        "node_4c2e12ec-1f84-41c0-84b4-08f153ab250c",
                        "node_c3e9fb6d-ffd6-48df-9ddb-927e1d087be4",
                        "node_1355fcbb-63b0-44ff-a4e9-7e804aba355b",
                        "node_0c108c95-d47a-4686-b7eb-a0c8d98e1af8"
                    ]
                }
            ]
        },
        {
            "id": "node_b8dfe083-94ab-45b4-9f2f-507ccc271fab",
            "name": "Avanzar recepcion documentos",
            "resource_list": [
                {
                    "id": "Joint_Avanzar recepcion documentos_0",
                    "name": "Joint_Avanzar recepcion documentos_0",
                    "cost_per_hour": 1,
                    "amount": 1,
                    "calendar": "Joint_Avanzar recepcion documentos_0timetable",
                    "assigned_tasks": [
                        "node_b8dfe083-94ab-45b4-9f2f-507ccc271fab"
                    ]
                }
            ]
        },
        {
            "id": "node_0c108c95-d47a-4686-b7eb-a0c8d98e1af8",
            "name": "Validar solicitud / pre-homologacion",
            "resource_list": [
                {
                    "id": "677",
                    "name": "677",
                    "cost_per_hour": 1,
                    "amount": 1,
                    "calendar": "677timetable",
                    "assigned_tasks": [
                        "node_162a5edf-1a1b-4e16-8a95-d83f98ec4216",
                        "node_6849a690-c367-4f3b-a3ba-1a05f6b858f6",
                        "node_1cc4cd71-7447-4959-8c94-ec026bf52ab8",
                        "node_a28ec8c8-f0d2-4248-aa76-36000bfb1861",
                        "node_83ede9e8-344a-45ba-a81d-0240967f67ec",
                        "node_4c2e12ec-1f84-41c0-84b4-08f153ab250c",
                        "node_c3e9fb6d-ffd6-48df-9ddb-927e1d087be4",
                        "node_1355fcbb-63b0-44ff-a4e9-7e804aba355b",
                        "node_0c108c95-d47a-4686-b7eb-a0c8d98e1af8"
                    ]
                }
            ]
        },
        {
            "id": "node_4d2e050d-a93e-4632-9707-2843bc70a63f",
            "name": "Traer informacion estudiante - banner",
            "resource_list": [
                {
                    "id": "Joint_Traer informacion estudiante - banner_0_COPY79cdc784af",
                    "name": "Joint_Traer informacion estudiante - banner_0_COPY79cdc784af",
                    "cost_per_hour": 1,
                    "amount": 1,
                    "calendar": "Joint_Traer informacion estudiante - banner_0_COPY79cdc784aftimetable",
                    "assigned_tasks": [
                        "node_4d2e050d-a93e-4632-9707-2843bc70a63f"
                    ]
                }
            ]
        },
        {
            "id": "node_d5859324-bf19-4c0f-806b-2f6f7210402f",
            "name": "Start",
            "resource_list": [
                {
                    "id": "Start_COPYa317e5fd5c_COPYe273c86f11",
                    "name": "Start_COPYa317e5fd5c_COPYe273c86f11",
                    "cost_per_hour": 1,
                    "amount": 1,
                    "calendar": "Start_COPYa317e5fd5c_COPYe273c86f11timetable",
                    "assigned_tasks": [
                        "node_d5859324-bf19-4c0f-806b-2f6f7210402f"
                    ]
                }
            ]
        },
        {
            "id": "node_f5985d4c-a8ea-49e7-aa87-aab0597314e2",
            "name": "End",
            "resource_list": [
                {
                    "id": "End_COPY6426a4dfef",
                    "name": "End_COPY6426a4dfef",
                    "cost_per_hour": 1,
                    "amount": 1,
                    "calendar": "End_COPY6426a4dfeftimetable",
                    "assigned_tasks": [
                        "node_f5985d4c-a8ea-49e7-aa87-aab0597314e2"
                    ]
                }
            ]
        },
        {
            "id": "node_67ab9be4-6a92-4fa0-9a76-8b38da6f9be3",
            "name": "Radicar Solicitud Homologacion",
            "resource_list": [
                {
                    "id": "Joint_Radicar Solicitud Homologacion_0_COPY9ec6be8ff9_COPYd26b4044f6",
                    "name": "Joint_Radicar Solicitud Homologacion_0_COPY9ec6be8ff9_COPYd26b4044f6",
                    "cost_per_hour": 1,
                    "amount": 1,
                    "calendar": "Joint_Radicar Solicitud Homologacion_0_COPY9ec6be8ff9_COPYd26b4044f6timetable",
                    "assigned_tasks": [
                        "node_67ab9be4-6a92-4fa0-9a76-8b38da6f9be3"
                    ]
                }
            ]
        },
        {
            "id": "node_a28ec8c8-f0d2-4248-aa76-36000bfb1861",
            "name": "Cancelar Solicitud",
            "resource_list": [
                {
                    "id": "677",
                    "name": "677",
                    "cost_per_hour": 1,
                    "amount": 1,
                    "calendar": "677timetable",
                    "assigned_tasks": [
                        "node_162a5edf-1a1b-4e16-8a95-d83f98ec4216",
                        "node_6849a690-c367-4f3b-a3ba-1a05f6b858f6",
                        "node_1cc4cd71-7447-4959-8c94-ec026bf52ab8",
                        "node_a28ec8c8-f0d2-4248-aa76-36000bfb1861",
                        "node_83ede9e8-344a-45ba-a81d-0240967f67ec",
                        "node_4c2e12ec-1f84-41c0-84b4-08f153ab250c",
                        "node_c3e9fb6d-ffd6-48df-9ddb-927e1d087be4",
                        "node_1355fcbb-63b0-44ff-a4e9-7e804aba355b",
                        "node_0c108c95-d47a-4686-b7eb-a0c8d98e1af8"
                    ]
                }
            ]
        }
    ],
    "arrival_time_distribution": {
        "distribution_name": "lognorm",
        "distribution_params": [
            {
                "value": 1.5859369107974894
            },
            {
                "value": -18.655787036058165
            },
            {
                "value": 3061.8642747511713
            },
            {
                "value": 12
            },
            {
                "value": 74314.999
            }
        ]
    },
    "arrival_time_calendar": [
        {
            "from": "MONDAY",
            "to": "MONDAY",
            "beginTime": "00:00:00",
            "endTime": "04:00:00"
        },
        {
            "from": "MONDAY",
            "to": "MONDAY",
            "beginTime": "07:00:00",
            "endTime": "23:00:00"
        },
        {
            "from": "TUESDAY",
            "to": "TUESDAY",
            "beginTime": "00:00:00",
            "endTime": "02:00:00"
        },
        {
            "from": "TUESDAY",
            "to": "TUESDAY",
            "beginTime": "05:00:00",
            "endTime": "07:00:00"
        },
        {
            "from": "TUESDAY",
            "to": "TUESDAY",
            "beginTime": "08:00:00",
            "endTime": "23:00:00"
        },
        {
            "from": "WEDNESDAY",
            "to": "WEDNESDAY",
            "beginTime": "00:00:00",
            "endTime": "02:00:00"
        },
        {
            "from": "WEDNESDAY",
            "to": "WEDNESDAY",
            "beginTime": "03:00:00",
            "endTime": "04:00:00"
        },
        {
            "from": "WEDNESDAY",
            "to": "WEDNESDAY",
            "beginTime": "05:00:00",
            "endTime": "07:00:00"
        },
        {
            "from": "WEDNESDAY",
            "to": "WEDNESDAY",
            "beginTime": "08:00:00",
            "endTime": "23:00:00"
        },
        {
            "from": "THURSDAY",
            "to": "THURSDAY",
            "beginTime": "00:00:00",
            "endTime": "02:00:00"
        },
        {
            "from": "THURSDAY",
            "to": "THURSDAY",
            "beginTime": "03:00:00",
            "endTime": "06:00:00"
        },
        {
            "from": "THURSDAY",
            "to": "THURSDAY",
            "beginTime": "08:00:00",
            "endTime": "23:00:00"
        },
        {
            "from": "FRIDAY",
            "to": "FRIDAY",
            "beginTime": "00:00:00",
            "endTime": "02:00:00"
        },
        {
            "from": "FRIDAY",
            "to": "FRIDAY",
            "beginTime": "08:00:00",
            "endTime": "23:00:00"
        },
        {
            "from": "SATURDAY",
            "to": "SATURDAY",
            "beginTime": "00:00:00",
            "endTime": "02:00:00"
        },
        {
            "from": "SATURDAY",
            "to": "SATURDAY",
            "beginTime": "08:00:00",
            "endTime": "09:00:00"
        },
        {
            "from": "SATURDAY",
            "to": "SATURDAY",
            "beginTime": "10:00:00",
            "endTime": "13:00:00"
        },
        {
            "from": "SATURDAY",
            "to": "SATURDAY",
            "beginTime": "14:00:00",
            "endTime": "23:00:00"
        },
        {
            "from": "SUNDAY",
            "to": "SUNDAY",
            "beginTime": "00:00:00",
            "endTime": "02:00:00"
        },
        {
            "from": "SUNDAY",
            "to": "SUNDAY",
            "beginTime": "04:00:00",
            "endTime": "05:00:00"
        },
        {
            "from": "SUNDAY",
            "to": "SUNDAY",
            "beginTime": "10:00:00",
            "endTime": "23:00:00"
        }
    ],
    "gateway_branching_probabilities": [
        {
            "gateway_id": "node_dfd8b6b1-1a3c-4de3-9c4f-5f083599b85b",
            "probabilities": [
                {
                    "path_id": "node_685a85c3-ef66-411a-960e-a8cc52a1f6a9",
                    "value": 0.2916666666666667
                },
                {
                    "path_id": "node_2cf05def-e8c9-44e3-b6fa-bd4647e0a1c2",
                    "value": 0.08333333333333333
                },
                {
                    "path_id": "node_a249e906-6449-4fff-a633-a6f9f77da779",
                    "value": 0.625
                }
            ]
        },
        {
            "gateway_id": "node_7b93b431-f7ee-45ba-bad5-727846eb1952",
            "probabilities": [
                {
                    "path_id": "node_b64088a7-e620-4b15-9f51-964a0e856827",
                    "value": 0.49075081610446136
                },
                {
                    "path_id": "node_25854437-1116-4fcc-8b79-8232d852f1be",
                    "value": 0.5092491838955386
                }
            ]
        },
        {
            "gateway_id": "node_605c1488-14a4-4ee7-8ebf-639d87adfad1",
            "probabilities": [
                {
                    "path_id": "node_6e578ca9-0019-4893-958f-07f2d94aa978",
                    "value": 0.4444444444444444
                },
                {
                    "path_id": "node_3c6752b5-8371-4ed7-b4f4-a10045ec7df8",
                    "value": 0.5396825396825397
                },
                {
                    "path_id": "node_46816607-1a79-41e9-ba87-74806adf92b9",
                    "value": 0.015873015873015872
                }
            ]
        },
        {
            "gateway_id": "node_f3aa614a-b9af-46fa-a1f2-e705c7466021",
            "probabilities": [
                {
                    "path_id": "node_efdf1a94-7f73-4a08-a0b6-4bd7da0f8b0e",
                    "value": 0.06701570680628273
                },
                {
                    "path_id": "node_e028fe8a-5310-4260-a086-3eaba7cb6e2f",
                    "value": 0.9235602094240838
                },
                {
                    "path_id": "node_7e8c8db8-23ac-44ee-a851-047cc5981505",
                    "value": 0.009424083769633508
                }
            ]
        },
        {
            "gateway_id": "node_8f817385-ac82-4464-b6e6-0b44697fa277",
            "probabilities": [
                {
                    "path_id": "node_b6ef82a8-1f22-4f61-95c8-b0285bb1096b",
                    "value": 0.027139874739039668
                },
                {
                    "path_id": "node_dc8d3e0b-a48a-460b-937d-431e0d49226e",
                    "value": 0.941544885177453
                },
                {
                    "path_id": "node_9d414497-b8ba-4dd4-a148-1e88ca0e395d",
                    "value": 0.031315240083507306
                }
            ]
        },
        {
            "gateway_id": "node_f11d73c6-6914-4055-b0e3-773817c1b4dd",
            "probabilities": [
                {
                    "path_id": "node_43774c0a-adb7-479b-b454-a3454f474da7",
                    "value": 0.03017241379310345
                },
                {
                    "path_id": "node_1ad288b8-813f-4b3f-908f-acaada95d2c3",
                    "value": 0.9698275862068966
                }
            ]
        },
        {
            "gateway_id": "node_306f0161-fc6f-4a19-9879-2181b3722993",
            "probabilities": [
                {
                    "path_id": "node_8516f37c-718b-4b8d-bdee-343114a66463",
                    "value": 0.24866785079928952
                },
                {
                    "path_id": "node_98fd8b0d-15a4-49ab-bfdf-546517cc3acb",
                    "value": 0.03907637655417407
                },
                {
                    "path_id": "node_15c08f3a-16a9-47f1-9b3b-a92d0e4d9fe4",
                    "value": 0.605683836589698
                },
                {
                    "path_id": "node_deda62c0-faa5-4f49-857a-1f293e2fe393",
                    "value": 0.10657193605683836
                }
            ]
        },
        {
            "gateway_id": "node_decc3b88-ab0d-4103-898d-95e0b7cfaff1",
            "probabilities": [
                {
                    "path_id": "node_7dd21a41-3324-4da9-b8d3-8029571dee42",
                    "value": 0.09523809523809523
                },
                {
                    "path_id": "node_99cf96f5-7cd7-4ef4-a1cc-5fd158eeac40",
                    "value": 0.8095238095238095
                },
                {
                    "path_id": "node_597cded1-534c-4a64-8e12-615977ad684d",
                    "value": 0.047619047619047616
                },
                {
                    "path_id": "node_80fdb006-9de8-4dcf-8e72-f1cca5e0bd28",
                    "value": 0.047619047619047616
                }
            ]
        },
        {
            "gateway_id": "node_c934dbd5-4a29-4e46-b199-e49f6771afee",
            "probabilities": [
                {
                    "path_id": "node_9cd88305-5a6e-4f93-830d-1ecdf8c382ad",
                    "value": 0.02531645569620253
                },
                {
                    "path_id": "node_fed43c69-c6bb-4d34-ab6a-0ca880885811",
                    "value": 0.02531645569620253
                },
                {
                    "path_id": "node_3afb2455-1bf4-4e8e-b2ef-78a25d0e6b91",
                    "value": 0.7974683544303798
                },
                {
                    "path_id": "node_ceffd6eb-b300-48d8-88e8-0bbdb6a18f11",
                    "value": 0.1518987341772152
                }
            ]
        },
        {
            "gateway_id": "node_21bf38fa-ade6-48f5-9f0c-387140277694",
            "probabilities": [
                {
                    "path_id": "node_3b49c4ae-bb2a-4523-8107-92b081f720df",
                    "value": 0.03361344537815126
                },
                {
                    "path_id": "node_6b5a465c-3400-4e1f-a960-c77b6d6b6fac",
                    "value": 0.05042016806722689
                },
                {
                    "path_id": "node_f74b60c5-fec2-4a88-83c9-d5f193618e98",
                    "value": 0.004201680672268907
                },
                {
                    "path_id": "node_0c9aa4d3-e131-4e43-b991-7be251acf680",
                    "value": 0.8781512605042017
                },
                {
                    "path_id": "Flow_0expa57",
                    "value": 0.03361344537815126
                }
            ]
        },
        {
            "gateway_id": "node_9fef1aec-d13e-45ab-b914-e25d29964aee",
            "probabilities": [
                {
                    "path_id": "node_8f3e97f1-2ab4-472b-87d9-c2ed27f993a4",
                    "value": 0.025974025974025976
                },
                {
                    "path_id": "node_8c63abb2-8b09-4988-bef8-1eb105e21812",
                    "value": 0.44805194805194803
                },
                {
                    "path_id": "node_b13928d4-2479-4252-b96c-406bc2fcef22",
                    "value": 0.5194805194805194
                },
                {
                    "path_id": "node_941a1f33-2b7a-4c1d-be74-7c0824116ee3",
                    "value": 0.006493506493506494
                }
            ]
        },
        {
            "gateway_id": "node_f6b99161-bde5-41d5-a7aa-11cdc075a3e2",
            "probabilities": [
                {
                    "path_id": "node_55b07dee-fb52-488a-9b80-dcd16268624f",
                    "value": 0.01344364012409514
                },
                {
                    "path_id": "node_10eb1ced-b04d-4b9a-9d86-e7dd6b7d8246",
                    "value": 0.9503619441571872
                },
                {
                    "path_id": "node_8eb74276-ed57-4a19-83e5-2787f79e1fdd",
                    "value": 0.03619441571871768
                }
            ]
        },
        {
            "gateway_id": "node_2e7b6265-5e4e-4743-9d23-f8ceb7d05a1f",
            "probabilities": [
                {
                    "path_id": "node_5002dded-1789-4198-94a1-72c4ba5e05fa",
                    "value": 0.07142857142857142
                },
                {
                    "path_id": "node_31a50b25-7cbc-4449-8005-04d5d3e5f69b",
                    "value": 0.8571428571428571
                },
                {
                    "path_id": "node_708374ac-480a-4b01-b125-ada7ca9e97f7",
                    "value": 0.07142857142857142
                }
            ]
        },
        {
            "gateway_id": "node_fd30a5cb-a98a-4e4b-aed2-d1a657ca4228",
            "probabilities": [
                {
                    "path_id": "node_42b69c31-5823-4fd1-b9e9-ae76e7200d3f",
                    "value": 0.018115942028985508
                },
                {
                    "path_id": "node_99d4f70a-f16a-438c-8474-d4f6bc505035",
                    "value": 0.855072463768116
                },
                {
                    "path_id": "node_3e20cfba-3c6b-4715-99c8-2732ec3390a4",
                    "value": 0.10869565217391304
                },
                {
                    "path_id": "node_8d286f10-252d-4966-b8ea-531a98bae786",
                    "value": 0.010869565217391304
                },
                {
                    "path_id": "node_36528b10-3a5c-486e-bd65-d041e6a5cd2a",
                    "value": 0.007246376811594203
                }
            ]
        },
        {
            "gateway_id": "node_4029bbae-43b8-4639-8dc0-529e99a7a069",
            "probabilities": [
                {
                    "path_id": "node_b7da0064-c023-47a8-a986-e73633478095",
                    "value": 0.1016949152542373
                },
                {
                    "path_id": "node_deeef3c6-c561-444e-b244-67f1c10382a0",
                    "value": 0.864406779661017
                },
                {
                    "path_id": "node_ca8fa78d-8f0e-4ca6-9925-582e11207f3f",
                    "value": 0.03389830508474576
                }
            ]
        },
        {
            "gateway_id": "node_00eb5c8d-7bbb-408a-9835-ac387e8649a5",
            "probabilities": [
                {
                    "path_id": "node_5202388d-03a3-4b2c-9383-2114cf0404af",
                    "value": 0.002347417840375587
                },
                {
                    "path_id": "node_142496f3-866e-42d2-a0e9-2b55f9e89707",
                    "value": 0.007042253521126761
                },
                {
                    "path_id": "node_679ef740-9dbf-49bd-81f6-4b10f041dedc",
                    "value": 0.8826291079812206
                },
                {
                    "path_id": "node_951bfd94-5ca4-45e7-b4e9-8b0a9da2c4fa",
                    "value": 0.004694835680751174
                },
                {
                    "path_id": "node_52728d3b-4345-421d-8989-4a14fbe337ee",
                    "value": 0.018779342723004695
                },
                {
                    "path_id": "node_0d430cc2-e89d-4ccf-8bed-095f62fc6a9a",
                    "value": 0.08450704225352113
                }
            ]
        },
        {
            "gateway_id": "node_ee03a1f9-f313-4ff5-8685-164159306746",
            "probabilities": [
                {
                    "path_id": "node_7cfde794-2ec1-40f6-b2e6-14e4e751f979",
                    "value": 0.006535947712418301
                },
                {
                    "path_id": "node_4b0cf6c9-f6ee-42a9-b9a6-64e37a22e89a",
                    "value": 0.0915032679738562
                },
                {
                    "path_id": "Flow_0tythir",
                    "value": 0.9019607843137255
                }
            ]
        },
        {
            "gateway_id": "Gateway_1ga0ggk",
            "probabilities": [
                {
                    "path_id": "Flow_0n5988f",
                    "value": 0.4700854700854701
                },
                {
                    "path_id": "Flow_0dpvrsb",
                    "value": 0.5299145299145299
                }
            ]
        },
        {
            "gateway_id": "Gateway_0d3ozcc",
            "probabilities": [
                {
                    "path_id": "Flow_1d4yngg",
                    "value": 0.04487179487179487
                },
                {
                    "path_id": "Flow_0xah459",
                    "value": 0.9551282051282052
                }
            ]
        },
        {
            "gateway_id": "Gateway_1j6bj3g",
            "probabilities": [
                {
                    "path_id": "Flow_14w2po1",
                    "value": 0.5888767720828789
                },
                {
                    "path_id": "Flow_1shlq34",
                    "value": 0.411123227917121
                }
            ]
        },
        {
            "gateway_id": "Gateway_09p08zd",
            "probabilities": [
                {
                    "path_id": "Flow_0dot3ji",
                    "value": 0.00423728813559322
                },
                {
                    "path_id": "Flow_1b85hdn",
                    "value": 0.9957627118644068
                }
            ]
        },
        {
            "gateway_id": "Gateway_0uze7ts",
            "probabilities": [
                {
                    "path_id": "Flow_1xy5btn",
                    "value": 0.8851774530271399
                },
                {
                    "path_id": "Flow_0z7fmgz",
                    "value": 0.11482254697286012
                }
            ]
        },
        {
            "gateway_id": "Gateway_0qs3ybo",
            "probabilities": [
                {
                    "path_id": "Flow_0eedewg",
                    "value": 0.4533333333333333
                },
                {
                    "path_id": "Flow_1nvtecm",
                    "value": 0.5466666666666666
                }
            ]
        },
        {
            "gateway_id": "Gateway_0b1z8nq",
            "probabilities": [
                {
                    "path_id": "Flow_1dgoko6",
                    "value": 0.961864406779661
                },
                {
                    "path_id": "Flow_0svolhc",
                    "value": 0.038135593220338986
                }
            ]
        },
        {
            "gateway_id": "Gateway_1t7g31v",
            "probabilities": [
                {
                    "path_id": "Flow_0jtsjv7",
                    "value": 0.9685534591194969
                },
                {
                    "path_id": "Flow_1jbgyuv",
                    "value": 0.031446540880503145
                }
            ]
        },
        {
            "gateway_id": "Gateway_1gcjsfq",
            "probabilities": [
                {
                    "path_id": "Flow_16q8s4y",
                    "value": 0.625
                },
                {
                    "path_id": "Flow_10pqkgs",
                    "value": 0.375
                }
            ]
        },
        {
            "gateway_id": "Gateway_0fzudup",
            "probabilities": [
                {
                    "path_id": "Flow_1hfdl89",
                    "value": 0.4117647058823529
                },
                {
                    "path_id": "Flow_1ptt0tm",
                    "value": 0.5882352941176471
                }
            ]
        },
        {
            "gateway_id": "Gateway_0j6ragp",
            "probabilities": [
                {
                    "path_id": "Flow_0ubv8a3",
                    "value": 0.9117647058823529
                },
                {
                    "path_id": "Flow_1hx8w4m",
                    "value": 0.08823529411764706
                }
            ]
        },
        {
            "gateway_id": "Gateway_17h20bl",
            "probabilities": [
                {
                    "path_id": "Flow_1bbp87v",
                    "value": 0.9957264957264957
                },
                {
                    "path_id": "Flow_0oelivj",
                    "value": 0.004273504273504274
                }
            ]
        },
        {
            "gateway_id": "Gateway_0nze990",
            "probabilities": [
                {
                    "path_id": "Flow_0x356zb",
                    "value": 0.08333333333333333
                },
                {
                    "path_id": "Flow_1ewgpjf",
                    "value": 0.9166666666666666
                }
            ]
        },
        {
            "gateway_id": "Gateway_0t6cwb8",
            "probabilities": [
                {
                    "path_id": "Flow_1yoryh4",
                    "value": 0.09210526315789473
                },
                {
                    "path_id": "Flow_11km3rn",
                    "value": 0.9078947368421053
                }
            ]
        }
    ],
    "task_resource_distribution": [
        {
            "task_id": "node_162a5edf-1a1b-4e16-8a95-d83f98ec4216",
            "resources": [
                {
                    "resource_id": "677",
                    "distribution_name": "exponnorm",
                    "distribution_params": [
                        {
                            "value": 3221.5707750337588
                        },
                        {
                            "value": -1.1284912070442878
                        },
                        {
                            "value": 0.3651327338730467
                        },
                        {
                            "value": 0
                        },
                        {
                            "value": 6894
                        }
                    ]
                }
            ]
        },
        {
            "task_id": "node_6849a690-c367-4f3b-a3ba-1a05f6b858f6",
            "resources": [
                {
                    "resource_id": "3445",
                    "distribution_name": "expon",
                    "distribution_params": [
                        {
                            "value": 0
                        },
                        {
                            "value": 4679.499953125
                        },
                        {
                            "value": 0
                        },
                        {
                            "value": 17150.999
                        }
                    ]
                },
                {
                    "resource_id": "677",
                    "distribution_name": "gamma",
                    "distribution_params": [
                        {
                            "value": 0.838936325938794
                        },
                        {
                            "value": -7.753519310925734e-26
                        },
                        {
                            "value": 3734.761507444059
                        },
                        {
                            "value": 0
                        },
                        {
                            "value": 29483
                        }
                    ]
                }
            ]
        },
        {
            "task_id": "node_1cc4cd71-7447-4959-8c94-ec026bf52ab8",
            "resources": [
                {
                    "resource_id": "677",
                    "distribution_name": "fix",
                    "distribution_params": [
                        {
                            "value": 0
                        }
                    ]
                }
            ]
        },
        {
            "task_id": "node_6219f70b-9007-4b16-bd9a-aa16886fbb0a",
            "resources": [
                {
                    "resource_id": "Joint_Recepcion de documentos_0",
                    "distribution_name": "exponnorm",
                    "distribution_params": [
                        {
                            "value": 4.778861845953702
                        },
                        {
                            "value": 1768.7085669820935
                        },
                        {
                            "value": 1288.6427319306729
                        },
                        {
                            "value": 0
                        },
                        {
                            "value": 18862.999
                        }
                    ]
                }
            ]
        },
        {
            "task_id": "node_83ede9e8-344a-45ba-a81d-0240967f67ec",
            "resources": [
                {
                    "resource_id": "677",
                    "distribution_name": "fix",
                    "distribution_params": [
                        {
                            "value": 0
                        }
                    ]
                }
            ]
        },
        {
            "task_id": "node_4c2e12ec-1f84-41c0-84b4-08f153ab250c",
            "resources": [
                {
                    "resource_id": "677",
                    "distribution_name": "gamma",
                    "distribution_params": [
                        {
                            "value": 0.7588740386615127
                        },
                        {
                            "value": -1.709269817017693e-26
                        },
                        {
                            "value": 3471.5440415689654
                        },
                        {
                            "value": 0
                        },
                        {
                            "value": 22560
                        }
                    ]
                },
                {
                    "resource_id": "3445",
                    "distribution_name": "gamma",
                    "distribution_params": [
                        {
                            "value": 0.7588740386615127
                        },
                        {
                            "value": -1.709269817017693e-26
                        },
                        {
                            "value": 3471.5440415689654
                        },
                        {
                            "value": 0
                        },
                        {
                            "value": 22560
                        }
                    ]
                }
            ]
        },
        {
            "task_id": "node_c3e9fb6d-ffd6-48df-9ddb-927e1d087be4",
            "resources": [
                {
                    "resource_id": "677",
                    "distribution_name": "exponnorm",
                    "distribution_params": [
                        {
                            "value": 3668.250840569017
                        },
                        {
                            "value": -0.31937160994094504
                        },
                        {
                            "value": 0.09476616193191911
                        },
                        {
                            "value": 0
                        },
                        {
                            "value": 4402
                        }
                    ]
                }
            ]
        },
        {
            "task_id": "node_9afea88b-fb0b-4cc8-8306-044151c90d6e",
            "resources": [
                {
                    "resource_id": "3445",
                    "distribution_name": "gamma",
                    "distribution_params": [
                        {
                            "value": 0.4662078009345892
                        },
                        {
                            "value": -1.7520762766643572e-25
                        },
                        {
                            "value": 2510.4654502021967
                        },
                        {
                            "value": 0
                        },
                        {
                            "value": 11227
                        }
                    ]
                }
            ]
        },
        {
            "task_id": "node_86bb78d4-a45d-49db-adee-d48aaab1b6fd",
            "resources": [
                {
                    "resource_id": "3445",
                    "distribution_name": "fix",
                    "distribution_params": [
                        {
                            "value": 0
                        }
                    ]
                }
            ]
        },
        {
            "task_id": "node_0af1c37b-2fc4-4db1-b583-467097656ca3",
            "resources": [
                {
                    "resource_id": "3445",
                    "distribution_name": "fix",
                    "distribution_params": [
                        {
                            "value": 0
                        }
                    ]
                }
            ]
        },
        {
            "task_id": "node_1355fcbb-63b0-44ff-a4e9-7e804aba355b",
            "resources": [
                {
                    "resource_id": "677",
                    "distribution_name": "exponnorm",
                    "distribution_params": [
                        {
                            "value": 4986.41542834547
                        },
                        {
                            "value": -1.5733902514459785
                        },
                        {
                            "value": 0.40764842328001016
                        },
                        {
                            "value": 0
                        },
                        {
                            "value": 23243
                        }
                    ]
                }
            ]
        },
        {
            "task_id": "node_b8dfe083-94ab-45b4-9f2f-507ccc271fab",
            "resources": [
                {
                    "resource_id": "Joint_Avanzar recepcion documentos_0",
                    "distribution_name": "gamma",
                    "distribution_params": [
                        {
                            "value": 0.674521551863869
                        },
                        {
                            "value": -2.026851659576407e-24
                        },
                        {
                            "value": 2893.854682378591
                        },
                        {
                            "value": 0
                        },
                        {
                            "value": 14187.999
                        }
                    ]
                }
            ]
        },
        {
            "task_id": "node_0c108c95-d47a-4686-b7eb-a0c8d98e1af8",
            "resources": [
                {
                    "resource_id": "677",
                    "distribution_name": "exponnorm",
                    "distribution_params": [
                        {
                            "value": 4200.522267533511
                        },
                        {
                            "value": -0.5009487494096894
                        },
                        {
                            "value": 0.1373381821786548
                        },
                        {
                            "value": 0
                        },
                        {
                            "value": 9459.999
                        }
                    ]
                }
            ]
        },
        {
            "task_id": "node_4d2e050d-a93e-4632-9707-2843bc70a63f",
            "resources": [
                {
                    "resource_id": "Joint_Traer informacion estudiante - banner_0_COPY79cdc784af",
                    "distribution_name": "fix",
                    "distribution_params": [
                        {
                            "value": 0
                        }
                    ]
                }
            ]
        },
        {
            "task_id": "node_d5859324-bf19-4c0f-806b-2f6f7210402f",
            "resources": [
                {
                    "resource_id": "Start_COPYa317e5fd5c_COPYe273c86f11",
                    "distribution_name": "fix",
                    "distribution_params": [
                        {
                            "value": 0
                        }
                    ]
                }
            ]
        },
        {
            "task_id": "node_f5985d4c-a8ea-49e7-aa87-aab0597314e2",
            "resources": [
                {
                    "resource_id": "End_COPY6426a4dfef",
                    "distribution_name": "fix",
                    "distribution_params": [
                        {
                            "value": 0
                        }
                    ]
                }
            ]
        },
        {
            "task_id": "node_67ab9be4-6a92-4fa0-9a76-8b38da6f9be3",
            "resources": [
                {
                    "resource_id": "Joint_Radicar Solicitud Homologacion_0_COPY9ec6be8ff9_COPYd26b4044f6",
                    "distribution_name": "expon",
                    "distribution_params": [
                        {
                            "value": 0
                        },
                        {
                            "value": 216.9043348164627
                        },
                        {
                            "value": 0
                        },
                        {
                            "value": 8908
                        }
                    ]
                }
            ]
        },
        {
            "task_id": "node_a28ec8c8-f0d2-4248-aa76-36000bfb1861",
            "resources": [
                {
                    "resource_id": "677",
                    "distribution_name": "exponnorm",
                    "distribution_params": [
                        {
                            "value": 2768.0550569469815
                        },
                        {
                            "value": -2.390798714595546
                        },
                        {
                            "value": 0.7585472712841226
                        },
                        {
                            "value": 0
                        },
                        {
                            "value": 25834
                        }
                    ]
                }
            ]
        }
    ],
    "event_distribution": {},
    "resource_calendars": [
        {
            "id": "677timetable",
            "name": "677timetable",
            "time_periods": [
                {
                    "from": "MONDAY",
                    "to": "MONDAY",
                    "beginTime": "00:00:00",
                    "endTime": "01:00:00"
                },
                {
                    "from": "MONDAY",
                    "to": "MONDAY",
                    "beginTime": "09:00:00",
                    "endTime": "10:00:00"
                },
                {
                    "from": "MONDAY",
                    "to": "MONDAY",
                    "beginTime": "12:00:00",
                    "endTime": "23:00:00"
                },
                {
                    "from": "TUESDAY",
                    "to": "TUESDAY",
                    "beginTime": "00:00:00",
                    "endTime": "01:00:00"
                },
                {
                    "from": "TUESDAY",
                    "to": "TUESDAY",
                    "beginTime": "11:00:00",
                    "endTime": "14:00:00"
                },
                {
                    "from": "TUESDAY",
                    "to": "TUESDAY",
                    "beginTime": "15:00:00",
                    "endTime": "21:00:00"
                },
                {
                    "from": "TUESDAY",
                    "to": "TUESDAY",
                    "beginTime": "22:00:00",
                    "endTime": "23:00:00"
                },
                {
                    "from": "WEDNESDAY",
                    "to": "WEDNESDAY",
                    "beginTime": "00:00:00",
                    "endTime": "01:00:00"
                },
                {
                    "from": "WEDNESDAY",
                    "to": "WEDNESDAY",
                    "beginTime": "09:00:00",
                    "endTime": "10:00:00"
                },
                {
                    "from": "WEDNESDAY",
                    "to": "WEDNESDAY",
                    "beginTime": "12:00:00",
                    "endTime": "23:00:00"
                },
                {
                    "from": "THURSDAY",
                    "to": "THURSDAY",
                    "beginTime": "00:00:00",
                    "endTime": "01:00:00"
                },
                {
                    "from": "THURSDAY",
                    "to": "THURSDAY",
                    "beginTime": "09:00:00",
                    "endTime": "22:00:00"
                },
                {
                    "from": "FRIDAY",
                    "to": "FRIDAY",
                    "beginTime": "00:00:00",
                    "endTime": "01:00:00"
                },
                {
                    "from": "FRIDAY",
                    "to": "FRIDAY",
                    "beginTime": "10:00:00",
                    "endTime": "11:00:00"
                },
                {
                    "from": "FRIDAY",
                    "to": "FRIDAY",
                    "beginTime": "12:00:00",
                    "endTime": "23:00:00"
                },
                {
                    "from": "SATURDAY",
                    "to": "SATURDAY",
                    "beginTime": "00:00:00",
                    "endTime": "01:00:00"
                },
                {
                    "from": "SATURDAY",
                    "to": "SATURDAY",
                    "beginTime": "12:00:00",
                    "endTime": "13:00:00"
                },
                {
                    "from": "SATURDAY",
                    "to": "SATURDAY",
                    "beginTime": "20:00:00",
                    "endTime": "22:00:00"
                },
                {
                    "from": "SUNDAY",
                    "to": "SUNDAY",
                    "beginTime": "13:00:00",
                    "endTime": "14:00:00"
                },
                {
                    "from": "SUNDAY",
                    "to": "SUNDAY",
                    "beginTime": "17:00:00",
                    "endTime": "20:00:00"
                }
            ]
        },
        {
            "id": "3445timetable",
            "name": "3445timetable",
            "time_periods": [
                {
                    "from": "MONDAY",
                    "to": "MONDAY",
                    "beginTime": "12:00:00",
                    "endTime": "19:00:00"
                },
                {
                    "from": "MONDAY",
                    "to": "MONDAY",
                    "beginTime": "20:00:00",
                    "endTime": "21:00:00"
                },
                {
                    "from": "TUESDAY",
                    "to": "TUESDAY",
                    "beginTime": "11:00:00",
                    "endTime": "13:00:00"
                },
                {
                    "from": "TUESDAY",
                    "to": "TUESDAY",
                    "beginTime": "14:00:00",
                    "endTime": "21:00:00"
                },
                {
                    "from": "TUESDAY",
                    "to": "TUESDAY",
                    "beginTime": "22:00:00",
                    "endTime": "23:00:00"
                },
                {
                    "from": "WEDNESDAY",
                    "to": "WEDNESDAY",
                    "beginTime": "00:00:00",
                    "endTime": "01:00:00"
                },
                {
                    "from": "WEDNESDAY",
                    "to": "WEDNESDAY",
                    "beginTime": "12:00:00",
                    "endTime": "14:00:00"
                },
                {
                    "from": "WEDNESDAY",
                    "to": "WEDNESDAY",
                    "beginTime": "16:00:00",
                    "endTime": "17:00:00"
                },
                {
                    "from": "WEDNESDAY",
                    "to": "WEDNESDAY",
                    "beginTime": "19:00:00",
                    "endTime": "23:00:00"
                },
                {
                    "from": "THURSDAY",
                    "to": "THURSDAY",
                    "beginTime": "00:00:00",
                    "endTime": "02:00:00"
                },
                {
                    "from": "THURSDAY",
                    "to": "THURSDAY",
                    "beginTime": "04:00:00",
                    "endTime": "05:00:00"
                },
                {
                    "from": "THURSDAY",
                    "to": "THURSDAY",
                    "beginTime": "06:00:00",
                    "endTime": "07:00:00"
                },
                {
                    "from": "THURSDAY",
                    "to": "THURSDAY",
                    "beginTime": "12:00:00",
                    "endTime": "16:00:00"
                },
                {
                    "from": "THURSDAY",
                    "to": "THURSDAY",
                    "beginTime": "17:00:00",
                    "endTime": "20:00:00"
                },
                {
                    "from": "FRIDAY",
                    "to": "FRIDAY",
                    "beginTime": "10:00:00",
                    "endTime": "12:00:00"
                },
                {
                    "from": "FRIDAY",
                    "to": "FRIDAY",
                    "beginTime": "13:00:00",
                    "endTime": "15:00:00"
                },
                {
                    "from": "FRIDAY",
                    "to": "FRIDAY",
                    "beginTime": "16:00:00",
                    "endTime": "17:00:00"
                },
                {
                    "from": "FRIDAY",
                    "to": "FRIDAY",
                    "beginTime": "19:00:00",
                    "endTime": "23:00:00"
                }
            ]
        },
        {
            "id": "Joint_Recepcion de documentos_0timetable",
            "name": "Joint_Recepcion de documentos_0timetable",
            "time_periods": [
                {
                    "from": "MONDAY",
                    "to": "MONDAY",
                    "beginTime": "16:00:00",
                    "endTime": "17:00:00"
                },
                {
                    "from": "MONDAY",
                    "to": "MONDAY",
                    "beginTime": "20:00:00",
                    "endTime": "21:00:00"
                },
                {
                    "from": "TUESDAY",
                    "to": "TUESDAY",
                    "beginTime": "18:00:00",
                    "endTime": "19:00:00"
                },
                {
                    "from": "TUESDAY",
                    "to": "TUESDAY",
                    "beginTime": "22:00:00",
                    "endTime": "23:00:00"
                },
                {
                    "from": "WEDNESDAY",
                    "to": "WEDNESDAY",
                    "beginTime": "20:00:00",
                    "endTime": "22:00:00"
                },
                {
                    "from": "THURSDAY",
                    "to": "THURSDAY",
                    "beginTime": "12:00:00",
                    "endTime": "13:00:00"
                },
                {
                    "from": "THURSDAY",
                    "to": "THURSDAY",
                    "beginTime": "20:00:00",
                    "endTime": "21:00:00"
                },
                {
                    "from": "FRIDAY",
                    "to": "FRIDAY",
                    "beginTime": "18:00:00",
                    "endTime": "19:00:00"
                }
            ]
        },
        {
            "id": "Joint_Avanzar recepcion documentos_0timetable",
            "name": "Joint_Avanzar recepcion documentos_0timetable",
            "time_periods": [
                {
                    "from": "WEDNESDAY",
                    "to": "WEDNESDAY",
                    "beginTime": "21:00:00",
                    "endTime": "22:00:00"
                },
                {
                    "from": "FRIDAY",
                    "to": "FRIDAY",
                    "beginTime": "14:00:00",
                    "endTime": "15:00:00"
                },
                {
                    "from": "FRIDAY",
                    "to": "FRIDAY",
                    "beginTime": "18:00:00",
                    "endTime": "20:00:00"
                }
            ]
        },
        {
            "id": "Start_COPYa317e5fd5c_COPYe273c86f11timetable",
            "name": "Start_COPYa317e5fd5c_COPYe273c86f11timetable",
            "time_periods": [
                {
                    "from": "MONDAY",
                    "to": "MONDAY",
                    "beginTime": "01:00:00",
                    "endTime": "02:00:00"
                },
                {
                    "from": "MONDAY",
                    "to": "MONDAY",
                    "beginTime": "10:00:00",
                    "endTime": "23:00:00"
                },
                {
                    "from": "TUESDAY",
                    "to": "TUESDAY",
                    "beginTime": "00:00:00",
                    "endTime": "02:00:00"
                },
                {
                    "from": "TUESDAY",
                    "to": "TUESDAY",
                    "beginTime": "10:00:00",
                    "endTime": "23:00:00"
                },
                {
                    "from": "WEDNESDAY",
                    "to": "WEDNESDAY",
                    "beginTime": "00:00:00",
                    "endTime": "01:00:00"
                },
                {
                    "from": "WEDNESDAY",
                    "to": "WEDNESDAY",
                    "beginTime": "10:00:00",
                    "endTime": "23:00:00"
                },
                {
                    "from": "THURSDAY",
                    "to": "THURSDAY",
                    "beginTime": "00:00:00",
                    "endTime": "01:00:00"
                },
                {
                    "from": "THURSDAY",
                    "to": "THURSDAY",
                    "beginTime": "10:00:00",
                    "endTime": "23:00:00"
                },
                {
                    "from": "FRIDAY",
                    "to": "FRIDAY",
                    "beginTime": "00:00:00",
                    "endTime": "02:00:00"
                },
                {
                    "from": "FRIDAY",
                    "to": "FRIDAY",
                    "beginTime": "09:00:00",
                    "endTime": "23:00:00"
                },
                {
                    "from": "SATURDAY",
                    "to": "SATURDAY",
                    "beginTime": "00:00:00",
                    "endTime": "02:00:00"
                },
                {
                    "from": "SATURDAY",
                    "to": "SATURDAY",
                    "beginTime": "12:00:00",
                    "endTime": "13:00:00"
                },
                {
                    "from": "SATURDAY",
                    "to": "SATURDAY",
                    "beginTime": "14:00:00",
                    "endTime": "16:00:00"
                },
                {
                    "from": "SATURDAY",
                    "to": "SATURDAY",
                    "beginTime": "17:00:00",
                    "endTime": "18:00:00"
                },
                {
                    "from": "SATURDAY",
                    "to": "SATURDAY",
                    "beginTime": "19:00:00",
                    "endTime": "23:00:00"
                },
                {
                    "from": "SUNDAY",
                    "to": "SUNDAY",
                    "beginTime": "11:00:00",
                    "endTime": "23:00:00"
                }
            ]
        },
        {
            "id": "Joint_Traer informacion estudiante - banner_0_COPY79cdc784aftimetable",
            "name": "Joint_Traer informacion estudiante - banner_0_COPY79cdc784aftimetable",
            "time_periods": [
                {
                    "from": "MONDAY",
                    "to": "MONDAY",
                    "beginTime": "01:00:00",
                    "endTime": "02:00:00"
                },
                {
                    "from": "MONDAY",
                    "to": "MONDAY",
                    "beginTime": "11:00:00",
                    "endTime": "23:00:00"
                },
                {
                    "from": "TUESDAY",
                    "to": "TUESDAY",
                    "beginTime": "00:00:00",
                    "endTime": "02:00:00"
                },
                {
                    "from": "TUESDAY",
                    "to": "TUESDAY",
                    "beginTime": "10:00:00",
                    "endTime": "23:00:00"
                },
                {
                    "from": "WEDNESDAY",
                    "to": "WEDNESDAY",
                    "beginTime": "00:00:00",
                    "endTime": "02:00:00"
                },
                {
                    "from": "WEDNESDAY",
                    "to": "WEDNESDAY",
                    "beginTime": "10:00:00",
                    "endTime": "23:00:00"
                },
                {
                    "from": "THURSDAY",
                    "to": "THURSDAY",
                    "beginTime": "00:00:00",
                    "endTime": "01:00:00"
                },
                {
                    "from": "THURSDAY",
                    "to": "THURSDAY",
                    "beginTime": "10:00:00",
                    "endTime": "11:00:00"
                },
                {
                    "from": "THURSDAY",
                    "to": "THURSDAY",
                    "beginTime": "12:00:00",
                    "endTime": "23:00:00"
                },
                {
                    "from": "FRIDAY",
                    "to": "FRIDAY",
                    "beginTime": "00:00:00",
                    "endTime": "02:00:00"
                },
                {
                    "from": "FRIDAY",
                    "to": "FRIDAY",
                    "beginTime": "09:00:00",
                    "endTime": "11:00:00"
                },
                {
                    "from": "FRIDAY",
                    "to": "FRIDAY",
                    "beginTime": "12:00:00",
                    "endTime": "23:00:00"
                },
                {
                    "from": "SATURDAY",
                    "to": "SATURDAY",
                    "beginTime": "00:00:00",
                    "endTime": "02:00:00"
                },
                {
                    "from": "SATURDAY",
                    "to": "SATURDAY",
                    "beginTime": "12:00:00",
                    "endTime": "13:00:00"
                },
                {
                    "from": "SATURDAY",
                    "to": "SATURDAY",
                    "beginTime": "14:00:00",
                    "endTime": "18:00:00"
                },
                {
                    "from": "SATURDAY",
                    "to": "SATURDAY",
                    "beginTime": "19:00:00",
                    "endTime": "23:00:00"
                },
                {
                    "from": "SUNDAY",
                    "to": "SUNDAY",
                    "beginTime": "11:00:00",
                    "endTime": "23:00:00"
                }
            ]
        },
        {
            "id": "End_COPY6426a4dfeftimetable",
            "name": "End_COPY6426a4dfeftimetable",
            "time_periods": [
                {
                    "from": "MONDAY",
                    "to": "MONDAY",
                    "beginTime": "10:00:00",
                    "endTime": "23:00:00"
                },
                {
                    "from": "TUESDAY",
                    "to": "TUESDAY",
                    "beginTime": "11:00:00",
                    "endTime": "23:00:00"
                },
                {
                    "from": "WEDNESDAY",
                    "to": "WEDNESDAY",
                    "beginTime": "00:00:00",
                    "endTime": "01:00:00"
                },
                {
                    "from": "WEDNESDAY",
                    "to": "WEDNESDAY",
                    "beginTime": "12:00:00",
                    "endTime": "23:00:00"
                },
                {
                    "from": "THURSDAY",
                    "to": "THURSDAY",
                    "beginTime": "00:00:00",
                    "endTime": "02:00:00"
                },
                {
                    "from": "THURSDAY",
                    "to": "THURSDAY",
                    "beginTime": "12:00:00",
                    "endTime": "23:00:00"
                },
                {
                    "from": "FRIDAY",
                    "to": "FRIDAY",
                    "beginTime": "00:00:00",
                    "endTime": "01:00:00"
                },
                {
                    "from": "FRIDAY",
                    "to": "FRIDAY",
                    "beginTime": "11:00:00",
                    "endTime": "23:00:00"
                },
                {
                    "from": "SATURDAY",
                    "to": "SATURDAY",
                    "beginTime": "00:00:00",
                    "endTime": "02:00:00"
                },
                {
                    "from": "SATURDAY",
                    "to": "SATURDAY",
                    "beginTime": "03:00:00",
                    "endTime": "04:00:00"
                },
                {
                    "from": "SATURDAY",
                    "to": "SATURDAY",
                    "beginTime": "05:00:00",
                    "endTime": "06:00:00"
                },
                {
                    "from": "SATURDAY",
                    "to": "SATURDAY",
                    "beginTime": "15:00:00",
                    "endTime": "16:00:00"
                },
                {
                    "from": "SATURDAY",
                    "to": "SATURDAY",
                    "beginTime": "20:00:00",
                    "endTime": "21:00:00"
                },
                {
                    "from": "SUNDAY",
                    "to": "SUNDAY",
                    "beginTime": "02:00:00",
                    "endTime": "03:00:00"
                },
                {
                    "from": "SUNDAY",
                    "to": "SUNDAY",
                    "beginTime": "11:00:00",
                    "endTime": "12:00:00"
                },
                {
                    "from": "SUNDAY",
                    "to": "SUNDAY",
                    "beginTime": "14:00:00",
                    "endTime": "20:00:00"
                },
                {
                    "from": "SUNDAY",
                    "to": "SUNDAY",
                    "beginTime": "22:00:00",
                    "endTime": "23:00:00"
                }
            ]
        },
        {
            "id": "Joint_Radicar Solicitud Homologacion_0_COPY9ec6be8ff9_COPYd26b4044f6timetable",
            "name": "Joint_Radicar Solicitud Homologacion_0_COPY9ec6be8ff9_COPYd26b4044f6timetable",
            "time_periods": [
                {
                    "from": "MONDAY",
                    "to": "MONDAY",
                    "beginTime": "01:00:00",
                    "endTime": "02:00:00"
                },
                {
                    "from": "MONDAY",
                    "to": "MONDAY",
                    "beginTime": "11:00:00",
                    "endTime": "23:00:00"
                },
                {
                    "from": "TUESDAY",
                    "to": "TUESDAY",
                    "beginTime": "00:00:00",
                    "endTime": "02:00:00"
                },
                {
                    "from": "TUESDAY",
                    "to": "TUESDAY",
                    "beginTime": "10:00:00",
                    "endTime": "23:00:00"
                },
                {
                    "from": "WEDNESDAY",
                    "to": "WEDNESDAY",
                    "beginTime": "00:00:00",
                    "endTime": "02:00:00"
                },
                {
                    "from": "WEDNESDAY",
                    "to": "WEDNESDAY",
                    "beginTime": "10:00:00",
                    "endTime": "23:00:00"
                },
                {
                    "from": "THURSDAY",
                    "to": "THURSDAY",
                    "beginTime": "00:00:00",
                    "endTime": "01:00:00"
                },
                {
                    "from": "THURSDAY",
                    "to": "THURSDAY",
                    "beginTime": "10:00:00",
                    "endTime": "11:00:00"
                },
                {
                    "from": "THURSDAY",
                    "to": "THURSDAY",
                    "beginTime": "12:00:00",
                    "endTime": "23:00:00"
                },
                {
                    "from": "FRIDAY",
                    "to": "FRIDAY",
                    "beginTime": "00:00:00",
                    "endTime": "02:00:00"
                },
                {
                    "from": "FRIDAY",
                    "to": "FRIDAY",
                    "beginTime": "09:00:00",
                    "endTime": "11:00:00"
                },
                {
                    "from": "FRIDAY",
                    "to": "FRIDAY",
                    "beginTime": "12:00:00",
                    "endTime": "23:00:00"
                },
                {
                    "from": "SATURDAY",
                    "to": "SATURDAY",
                    "beginTime": "00:00:00",
                    "endTime": "02:00:00"
                },
                {
                    "from": "SATURDAY",
                    "to": "SATURDAY",
                    "beginTime": "11:00:00",
                    "endTime": "13:00:00"
                },
                {
                    "from": "SATURDAY",
                    "to": "SATURDAY",
                    "beginTime": "14:00:00",
                    "endTime": "18:00:00"
                },
                {
                    "from": "SATURDAY",
                    "to": "SATURDAY",
                    "beginTime": "19:00:00",
                    "endTime": "23:00:00"
                },
                {
                    "from": "SUNDAY",
                    "to": "SUNDAY",
                    "beginTime": "11:00:00",
                    "endTime": "23:00:00"
                }
            ]
        }
    ]
}