{
    "resource_profiles": [
        {
            "id": "Activity_0m4ng9s",
            "name": "EVENT 17 START",
            "resource_list": [
                {
                    "id": "D_SYSTEM",
                    "name": "D_SYSTEM",
                    "cost_per_hour": 1,
                    "amount": 1,
                    "calendar": "D_SYSTEMtimetable",
                    "assigned_tasks": [
                        "Activity_0m4ng9s",
                        "Activity_0wmpwru"
                    ]
                }
            ]
        },
        {
            "id": "sid-9703AD2C-3219-4B4A-9A91-F4A81EF91130",
            "name": "Check  application  form completeness",
            "resource_list": [
                {
                    "id": "Clerk-000001",
                    "name": "Clerk-000001",
                    "cost_per_hour": 1,
                    "amount": 1,
                    "calendar": "Clerk-000001timetable",
                    "assigned_tasks": [
                        "sid-9703AD2C-3219-4B4A-9A91-F4A81EF91130",
                        "sid-B27E434D-3A46-46FE-94DE-184C179BE525",
                        "sid-8BCCD9BA-2B23-44CA-BB32-4988807D3161",
                        "sid-16B45990-F522-4EA9-A01A-70EE8D0C9EC5",
                        "sid-034F28AB-5EBC-4336-82BD-4FE7A525CCE2",
                        "sid-30EFC8A9-15F6-45A1-B0FE-C9B37FC92D36",
                        "sid-43A3A3DC-EAE7-42F0-946E-845B3C981850"
                    ]
                },
                {
                    "id": "Clerk-000004",
                    "name": "Clerk-000004",
                    "cost_per_hour": 1,
                    "amount": 1,
                    "calendar": "Clerk-000004timetable",
                    "assigned_tasks": [
                        "sid-9703AD2C-3219-4B4A-9A91-F4A81EF91130",
                        "sid-B27E434D-3A46-46FE-94DE-184C179BE525",
                        "sid-8BCCD9BA-2B23-44CA-BB32-4988807D3161",
                        "sid-16B45990-F522-4EA9-A01A-70EE8D0C9EC5",
                        "sid-034F28AB-5EBC-4336-82BD-4FE7A525CCE2",
                        "sid-30EFC8A9-15F6-45A1-B0FE-C9B37FC92D36",
                        "sid-43A3A3DC-EAE7-42F0-946E-845B3C981850"
                    ]
                },
                {
                    "id": "Clerk-000006",
                    "name": "Clerk-000006",
                    "cost_per_hour": 1,
                    "amount": 1,
                    "calendar": "Clerk-000006timetable",
                    "assigned_tasks": [
                        "sid-9703AD2C-3219-4B4A-9A91-F4A81EF91130",
                        "sid-B27E434D-3A46-46FE-94DE-184C179BE525",
                        "sid-8BCCD9BA-2B23-44CA-BB32-4988807D3161",
                        "sid-16B45990-F522-4EA9-A01A-70EE8D0C9EC5",
                        "sid-034F28AB-5EBC-4336-82BD-4FE7A525CCE2",
                        "sid-30EFC8A9-15F6-45A1-B0FE-C9B37FC92D36",
                        "sid-43A3A3DC-EAE7-42F0-946E-845B3C981850"
                    ]
                },
                {
                    "id": "Clerk-000003",
                    "name": "Clerk-000003",
                    "cost_per_hour": 1,
                    "amount": 1,
                    "calendar": "Clerk-000003timetable",
                    "assigned_tasks": [
                        "sid-9703AD2C-3219-4B4A-9A91-F4A81EF91130",
                        "sid-B27E434D-3A46-46FE-94DE-184C179BE525",
                        "sid-8BCCD9BA-2B23-44CA-BB32-4988807D3161",
                        "sid-16B45990-F522-4EA9-A01A-70EE8D0C9EC5",
                        "sid-034F28AB-5EBC-4336-82BD-4FE7A525CCE2",
                        "sid-30EFC8A9-15F6-45A1-B0FE-C9B37FC92D36",
                        "sid-43A3A3DC-EAE7-42F0-946E-845B3C981850"
                    ]
                }
            ]
        },
        {
            "id": "sid-B27E434D-3A46-46FE-94DE-184C179BE525",
            "name": "Return application back to applicant",
            "resource_list": [
                {
                    "id": "Clerk-000001",
                    "name": "Clerk-000001",
                    "cost_per_hour": 1,
                    "amount": 1,
                    "calendar": "Clerk-000001timetable",
                    "assigned_tasks": [
                        "sid-9703AD2C-3219-4B4A-9A91-F4A81EF91130",
                        "sid-B27E434D-3A46-46FE-94DE-184C179BE525",
                        "sid-8BCCD9BA-2B23-44CA-BB32-4988807D3161",
                        "sid-16B45990-F522-4EA9-A01A-70EE8D0C9EC5",
                        "sid-034F28AB-5EBC-4336-82BD-4FE7A525CCE2",
                        "sid-30EFC8A9-15F6-45A1-B0FE-C9B37FC92D36",
                        "sid-43A3A3DC-EAE7-42F0-946E-845B3C981850"
                    ]
                },
                {
                    "id": "Clerk-000003",
                    "name": "Clerk-000003",
                    "cost_per_hour": 1,
                    "amount": 1,
                    "calendar": "Clerk-000003timetable",
                    "assigned_tasks": [
                        "sid-9703AD2C-3219-4B4A-9A91-F4A81EF91130",
                        "sid-B27E434D-3A46-46FE-94DE-184C179BE525",
                        "sid-8BCCD9BA-2B23-44CA-BB32-4988807D3161",
                        "sid-16B45990-F522-4EA9-A01A-70EE8D0C9EC5",
                        "sid-034F28AB-5EBC-4336-82BD-4FE7A525CCE2",
                        "sid-30EFC8A9-15F6-45A1-B0FE-C9B37FC92D36",
                        "sid-43A3A3DC-EAE7-42F0-946E-845B3C981850"
                    ]
                },
                {
                    "id": "Clerk-000006",
                    "name": "Clerk-000006",
                    "cost_per_hour": 1,
                    "amount": 1,
                    "calendar": "Clerk-000006timetable",
                    "assigned_tasks": [
                        "sid-9703AD2C-3219-4B4A-9A91-F4A81EF91130",
                        "sid-B27E434D-3A46-46FE-94DE-184C179BE525",
                        "sid-8BCCD9BA-2B23-44CA-BB32-4988807D3161",
                        "sid-16B45990-F522-4EA9-A01A-70EE8D0C9EC5",
                        "sid-034F28AB-5EBC-4336-82BD-4FE7A525CCE2",
                        "sid-30EFC8A9-15F6-45A1-B0FE-C9B37FC92D36",
                        "sid-43A3A3DC-EAE7-42F0-946E-845B3C981850"
                    ]
                },
                {
                    "id": "Clerk-000004",
                    "name": "Clerk-000004",
                    "cost_per_hour": 1,
                    "amount": 1,
                    "calendar": "Clerk-000004timetable",
                    "assigned_tasks": [
                        "sid-9703AD2C-3219-4B4A-9A91-F4A81EF91130",
                        "sid-B27E434D-3A46-46FE-94DE-184C179BE525",
                        "sid-8BCCD9BA-2B23-44CA-BB32-4988807D3161",
                        "sid-16B45990-F522-4EA9-A01A-70EE8D0C9EC5",
                        "sid-034F28AB-5EBC-4336-82BD-4FE7A525CCE2",
                        "sid-30EFC8A9-15F6-45A1-B0FE-C9B37FC92D36",
                        "sid-43A3A3DC-EAE7-42F0-946E-845B3C981850"
                    ]
                }
            ]
        },
        {
            "id": "sid-8BCCD9BA-2B23-44CA-BB32-4988807D3161",
            "name": "Check credit history",
            "resource_list": [
                {
                    "id": "Clerk-000006",
                    "name": "Clerk-000006",
                    "cost_per_hour": 1,
                    "amount": 1,
                    "calendar": "Clerk-000006timetable",
                    "assigned_tasks": [
                        "sid-9703AD2C-3219-4B4A-9A91-F4A81EF91130",
                        "sid-B27E434D-3A46-46FE-94DE-184C179BE525",
                        "sid-8BCCD9BA-2B23-44CA-BB32-4988807D3161",
                        "sid-16B45990-F522-4EA9-A01A-70EE8D0C9EC5",
                        "sid-034F28AB-5EBC-4336-82BD-4FE7A525CCE2",
                        "sid-30EFC8A9-15F6-45A1-B0FE-C9B37FC92D36",
                        "sid-43A3A3DC-EAE7-42F0-946E-845B3C981850"
                    ]
                },
                {
                    "id": "Clerk-000003",
                    "name": "Clerk-000003",
                    "cost_per_hour": 1,
                    "amount": 1,
                    "calendar": "Clerk-000003timetable",
                    "assigned_tasks": [
                        "sid-9703AD2C-3219-4B4A-9A91-F4A81EF91130",
                        "sid-B27E434D-3A46-46FE-94DE-184C179BE525",
                        "sid-8BCCD9BA-2B23-44CA-BB32-4988807D3161",
                        "sid-16B45990-F522-4EA9-A01A-70EE8D0C9EC5",
                        "sid-034F28AB-5EBC-4336-82BD-4FE7A525CCE2",
                        "sid-30EFC8A9-15F6-45A1-B0FE-C9B37FC92D36",
                        "sid-43A3A3DC-EAE7-42F0-946E-845B3C981850"
                    ]
                },
                {
                    "id": "Clerk-000004",
                    "name": "Clerk-000004",
                    "cost_per_hour": 1,
                    "amount": 1,
                    "calendar": "Clerk-000004timetable",
                    "assigned_tasks": [
                        "sid-9703AD2C-3219-4B4A-9A91-F4A81EF91130",
                        "sid-B27E434D-3A46-46FE-94DE-184C179BE525",
                        "sid-8BCCD9BA-2B23-44CA-BB32-4988807D3161",
                        "sid-16B45990-F522-4EA9-A01A-70EE8D0C9EC5",
                        "sid-034F28AB-5EBC-4336-82BD-4FE7A525CCE2",
                        "sid-30EFC8A9-15F6-45A1-B0FE-C9B37FC92D36",
                        "sid-43A3A3DC-EAE7-42F0-946E-845B3C981850"
                    ]
                },
                {
                    "id": "Clerk-000001",
                    "name": "Clerk-000001",
                    "cost_per_hour": 1,
                    "amount": 1,
                    "calendar": "Clerk-000001timetable",
                    "assigned_tasks": [
                        "sid-9703AD2C-3219-4B4A-9A91-F4A81EF91130",
                        "sid-B27E434D-3A46-46FE-94DE-184C179BE525",
                        "sid-8BCCD9BA-2B23-44CA-BB32-4988807D3161",
                        "sid-16B45990-F522-4EA9-A01A-70EE8D0C9EC5",
                        "sid-034F28AB-5EBC-4336-82BD-4FE7A525CCE2",
                        "sid-30EFC8A9-15F6-45A1-B0FE-C9B37FC92D36",
                        "sid-43A3A3DC-EAE7-42F0-946E-845B3C981850"
                    ]
                }
            ]
        },
        {
            "id": "sid-543CE27B-717A-4583-8BFE-09BF2267ACFC",
            "name": "Assess loan risk",
            "resource_list": [
                {
                    "id": "Loan Officer-000005",
                    "name": "Loan Officer-000005",
                    "cost_per_hour": 1,
                    "amount": 1,
                    "calendar": "Loan Officer-000005timetable",
                    "assigned_tasks": [
                        "sid-543CE27B-717A-4583-8BFE-09BF2267ACFC",
                        "sid-AD68767C-968B-4DCD-821E-3F5C5C3D0D04",
                        "sid-9726C026-BDE7-4467-B613-EB951D1FE613",
                        "sid-BA8B9C72-48FE-4FF1-A2F9-DE78C836A612"
                    ]
                },
                {
                    "id": "Loan Officer-000003",
                    "name": "Loan Officer-000003",
                    "cost_per_hour": 1,
                    "amount": 1,
                    "calendar": "Loan Officer-000003timetable",
                    "assigned_tasks": [
                        "sid-543CE27B-717A-4583-8BFE-09BF2267ACFC",
                        "sid-AD68767C-968B-4DCD-821E-3F5C5C3D0D04",
                        "sid-9726C026-BDE7-4467-B613-EB951D1FE613",
                        "sid-BA8B9C72-48FE-4FF1-A2F9-DE78C836A612"
                    ]
                },
                {
                    "id": "Loan Officer-000004",
                    "name": "Loan Officer-000004",
                    "cost_per_hour": 1,
                    "amount": 1,
                    "calendar": "Loan Officer-000004timetable",
                    "assigned_tasks": [
                        "sid-543CE27B-717A-4583-8BFE-09BF2267ACFC",
                        "sid-AD68767C-968B-4DCD-821E-3F5C5C3D0D04",
                        "sid-9726C026-BDE7-4467-B613-EB951D1FE613",
                        "sid-BA8B9C72-48FE-4FF1-A2F9-DE78C836A612"
                    ]
                }
            ]
        },
        {
            "id": "sid-5CEDFABE-7E6F-450C-B84E-11C9917AB563",
            "name": "Reject application",
            "resource_list": [
                {
                    "id": "Senior Officer-000002",
                    "name": "Senior Officer-000002",
                    "cost_per_hour": 1,
                    "amount": 1,
                    "calendar": "Senior Officer-000002timetable",
                    "assigned_tasks": [
                        "sid-5CEDFABE-7E6F-450C-B84E-11C9917AB563",
                        "Activity_1y2vzu0"
                    ]
                }
            ]
        },
        {
            "id": "Activity_0wmpwru",
            "name": "EVENT 23 END",
            "resource_list": [
                {
                    "id": "D_SYSTEM",
                    "name": "D_SYSTEM",
                    "cost_per_hour": 1,
                    "amount": 1,
                    "calendar": "D_SYSTEMtimetable",
                    "assigned_tasks": [
                        "Activity_0m4ng9s",
                        "Activity_0wmpwru"
                    ]
                }
            ]
        },
        {
            "id": "sid-AD68767C-968B-4DCD-821E-3F5C5C3D0D04",
            "name": "Design loan offer",
            "resource_list": [
                {
                    "id": "Loan Officer-000003",
                    "name": "Loan Officer-000003",
                    "cost_per_hour": 1,
                    "amount": 1,
                    "calendar": "Loan Officer-000003timetable",
                    "assigned_tasks": [
                        "sid-543CE27B-717A-4583-8BFE-09BF2267ACFC",
                        "sid-AD68767C-968B-4DCD-821E-3F5C5C3D0D04",
                        "sid-9726C026-BDE7-4467-B613-EB951D1FE613",
                        "sid-BA8B9C72-48FE-4FF1-A2F9-DE78C836A612"
                    ]
                },
                {
                    "id": "Loan Officer-000004",
                    "name": "Loan Officer-000004",
                    "cost_per_hour": 1,
                    "amount": 1,
                    "calendar": "Loan Officer-000004timetable",
                    "assigned_tasks": [
                        "sid-543CE27B-717A-4583-8BFE-09BF2267ACFC",
                        "sid-AD68767C-968B-4DCD-821E-3F5C5C3D0D04",
                        "sid-9726C026-BDE7-4467-B613-EB951D1FE613",
                        "sid-BA8B9C72-48FE-4FF1-A2F9-DE78C836A612"
                    ]
                },
                {
                    "id": "Loan Officer-000005",
                    "name": "Loan Officer-000005",
                    "cost_per_hour": 1,
                    "amount": 1,
                    "calendar": "Loan Officer-000005timetable",
                    "assigned_tasks": [
                        "sid-543CE27B-717A-4583-8BFE-09BF2267ACFC",
                        "sid-AD68767C-968B-4DCD-821E-3F5C5C3D0D04",
                        "sid-9726C026-BDE7-4467-B613-EB951D1FE613",
                        "sid-BA8B9C72-48FE-4FF1-A2F9-DE78C836A612"
                    ]
                }
            ]
        },
        {
            "id": "Activity_1y2vzu0",
            "name": "Approve Loan Offer",
            "resource_list": [
                {
                    "id": "Senior Officer-000002",
                    "name": "Senior Officer-000002",
                    "cost_per_hour": 1,
                    "amount": 1,
                    "calendar": "Senior Officer-000002timetable",
                    "assigned_tasks": [
                        "sid-5CEDFABE-7E6F-450C-B84E-11C9917AB563",
                        "Activity_1y2vzu0"
                    ]
                }
            ]
        },
        {
            "id": "sid-16B45990-F522-4EA9-A01A-70EE8D0C9EC5",
            "name": "Prepare home insurance quote",
            "resource_list": [
                {
                    "id": "Clerk-000006",
                    "name": "Clerk-000006",
                    "cost_per_hour": 1,
                    "amount": 1,
                    "calendar": "Clerk-000006timetable",
                    "assigned_tasks": [
                        "sid-9703AD2C-3219-4B4A-9A91-F4A81EF91130",
                        "sid-B27E434D-3A46-46FE-94DE-184C179BE525",
                        "sid-8BCCD9BA-2B23-44CA-BB32-4988807D3161",
                        "sid-16B45990-F522-4EA9-A01A-70EE8D0C9EC5",
                        "sid-034F28AB-5EBC-4336-82BD-4FE7A525CCE2",
                        "sid-30EFC8A9-15F6-45A1-B0FE-C9B37FC92D36",
                        "sid-43A3A3DC-EAE7-42F0-946E-845B3C981850"
                    ]
                },
                {
                    "id": "Clerk-000004",
                    "name": "Clerk-000004",
                    "cost_per_hour": 1,
                    "amount": 1,
                    "calendar": "Clerk-000004timetable",
                    "assigned_tasks": [
                        "sid-9703AD2C-3219-4B4A-9A91-F4A81EF91130",
                        "sid-B27E434D-3A46-46FE-94DE-184C179BE525",
                        "sid-8BCCD9BA-2B23-44CA-BB32-4988807D3161",
                        "sid-16B45990-F522-4EA9-A01A-70EE8D0C9EC5",
                        "sid-034F28AB-5EBC-4336-82BD-4FE7A525CCE2",
                        "sid-30EFC8A9-15F6-45A1-B0FE-C9B37FC92D36",
                        "sid-43A3A3DC-EAE7-42F0-946E-845B3C981850"
                    ]
                },
                {
                    "id": "Clerk-000003",
                    "name": "Clerk-000003",
                    "cost_per_hour": 1,
                    "amount": 1,
                    "calendar": "Clerk-000003timetable",
                    "assigned_tasks": [
                        "sid-9703AD2C-3219-4B4A-9A91-F4A81EF91130",
                        "sid-B27E434D-3A46-46FE-94DE-184C179BE525",
                        "sid-8BCCD9BA-2B23-44CA-BB32-4988807D3161",
                        "sid-16B45990-F522-4EA9-A01A-70EE8D0C9EC5",
                        "sid-034F28AB-5EBC-4336-82BD-4FE7A525CCE2",
                        "sid-30EFC8A9-15F6-45A1-B0FE-C9B37FC92D36",
                        "sid-43A3A3DC-EAE7-42F0-946E-845B3C981850"
                    ]
                },
                {
                    "id": "Clerk-000001",
                    "name": "Clerk-000001",
                    "cost_per_hour": 1,
                    "amount": 1,
                    "calendar": "Clerk-000001timetable",
                    "assigned_tasks": [
                        "sid-9703AD2C-3219-4B4A-9A91-F4A81EF91130",
                        "sid-B27E434D-3A46-46FE-94DE-184C179BE525",
                        "sid-8BCCD9BA-2B23-44CA-BB32-4988807D3161",
                        "sid-16B45990-F522-4EA9-A01A-70EE8D0C9EC5",
                        "sid-034F28AB-5EBC-4336-82BD-4FE7A525CCE2",
                        "sid-30EFC8A9-15F6-45A1-B0FE-C9B37FC92D36",
                        "sid-43A3A3DC-EAE7-42F0-946E-845B3C981850"
                    ]
                }
            ]
        },
        {
            "id": "sid-034F28AB-5EBC-4336-82BD-4FE7A525CCE2",
            "name": "Prepare acceptance pack",
            "resource_list": [
                {
                    "id": "Clerk-000003",
                    "name": "Clerk-000003",
                    "cost_per_hour": 1,
                    "amount": 1,
                    "calendar": "Clerk-000003timetable",
                    "assigned_tasks": [
                        "sid-9703AD2C-3219-4B4A-9A91-F4A81EF91130",
                        "sid-B27E434D-3A46-46FE-94DE-184C179BE525",
                        "sid-8BCCD9BA-2B23-44CA-BB32-4988807D3161",
                        "sid-16B45990-F522-4EA9-A01A-70EE8D0C9EC5",
                        "sid-034F28AB-5EBC-4336-82BD-4FE7A525CCE2",
                        "sid-30EFC8A9-15F6-45A1-B0FE-C9B37FC92D36",
                        "sid-43A3A3DC-EAE7-42F0-946E-845B3C981850"
                    ]
                },
                {
                    "id": "Clerk-000006",
                    "name": "Clerk-000006",
                    "cost_per_hour": 1,
                    "amount": 1,
                    "calendar": "Clerk-000006timetable",
                    "assigned_tasks": [
                        "sid-9703AD2C-3219-4B4A-9A91-F4A81EF91130",
                        "sid-B27E434D-3A46-46FE-94DE-184C179BE525",
                        "sid-8BCCD9BA-2B23-44CA-BB32-4988807D3161",
                        "sid-16B45990-F522-4EA9-A01A-70EE8D0C9EC5",
                        "sid-034F28AB-5EBC-4336-82BD-4FE7A525CCE2",
                        "sid-30EFC8A9-15F6-45A1-B0FE-C9B37FC92D36",
                        "sid-43A3A3DC-EAE7-42F0-946E-845B3C981850"
                    ]
                },
                {
                    "id": "Clerk-000001",
                    "name": "Clerk-000001",
                    "cost_per_hour": 1,
                    "amount": 1,
                    "calendar": "Clerk-000001timetable",
                    "assigned_tasks": [
                        "sid-9703AD2C-3219-4B4A-9A91-F4A81EF91130",
                        "sid-B27E434D-3A46-46FE-94DE-184C179BE525",
                        "sid-8BCCD9BA-2B23-44CA-BB32-4988807D3161",
                        "sid-16B45990-F522-4EA9-A01A-70EE8D0C9EC5",
                        "sid-034F28AB-5EBC-4336-82BD-4FE7A525CCE2",
                        "sid-30EFC8A9-15F6-45A1-B0FE-C9B37FC92D36",
                        "sid-43A3A3DC-EAE7-42F0-946E-845B3C981850"
                    ]
                },
                {
                    "id": "Clerk-000004",
                    "name": "Clerk-000004",
                    "cost_per_hour": 1,
                    "amount": 1,
                    "calendar": "Clerk-000004timetable",
                    "assigned_tasks": [
                        "sid-9703AD2C-3219-4B4A-9A91-F4A81EF91130",
                        "sid-B27E434D-3A46-46FE-94DE-184C179BE525",
                        "sid-8BCCD9BA-2B23-44CA-BB32-4988807D3161",
                        "sid-16B45990-F522-4EA9-A01A-70EE8D0C9EC5",
                        "sid-034F28AB-5EBC-4336-82BD-4FE7A525CCE2",
                        "sid-30EFC8A9-15F6-45A1-B0FE-C9B37FC92D36",
                        "sid-43A3A3DC-EAE7-42F0-946E-845B3C981850"
                    ]
                }
            ]
        },
        {
            "id": "sid-9726C026-BDE7-4467-B613-EB951D1FE613",
            "name": "Approve and post home insurance quote",
            "resource_list": [
                {
                    "id": "Loan Officer-000004",
                    "name": "Loan Officer-000004",
                    "cost_per_hour": 1,
                    "amount": 1,
                    "calendar": "Loan Officer-000004timetable",
                    "assigned_tasks": [
                        "sid-543CE27B-717A-4583-8BFE-09BF2267ACFC",
                        "sid-AD68767C-968B-4DCD-821E-3F5C5C3D0D04",
                        "sid-9726C026-BDE7-4467-B613-EB951D1FE613",
                        "sid-BA8B9C72-48FE-4FF1-A2F9-DE78C836A612"
                    ]
                },
                {
                    "id": "Loan Officer-000005",
                    "name": "Loan Officer-000005",
                    "cost_per_hour": 1,
                    "amount": 1,
                    "calendar": "Loan Officer-000005timetable",
                    "assigned_tasks": [
                        "sid-543CE27B-717A-4583-8BFE-09BF2267ACFC",
                        "sid-AD68767C-968B-4DCD-821E-3F5C5C3D0D04",
                        "sid-9726C026-BDE7-4467-B613-EB951D1FE613",
                        "sid-BA8B9C72-48FE-4FF1-A2F9-DE78C836A612"
                    ]
                },
                {
                    "id": "Loan Officer-000003",
                    "name": "Loan Officer-000003",
                    "cost_per_hour": 1,
                    "amount": 1,
                    "calendar": "Loan Officer-000003timetable",
                    "assigned_tasks": [
                        "sid-543CE27B-717A-4583-8BFE-09BF2267ACFC",
                        "sid-AD68767C-968B-4DCD-821E-3F5C5C3D0D04",
                        "sid-9726C026-BDE7-4467-B613-EB951D1FE613",
                        "sid-BA8B9C72-48FE-4FF1-A2F9-DE78C836A612"
                    ]
                }
            ]
        },
        {
            "id": "sid-BA8B9C72-48FE-4FF1-A2F9-DE78C836A612",
            "name": "Approve and send\u00c2\u00a0 acceptance pack",
            "resource_list": [
                {
                    "id": "Loan Officer-000003",
                    "name": "Loan Officer-000003",
                    "cost_per_hour": 1,
                    "amount": 1,
                    "calendar": "Loan Officer-000003timetable",
                    "assigned_tasks": [
                        "sid-543CE27B-717A-4583-8BFE-09BF2267ACFC",
                        "sid-AD68767C-968B-4DCD-821E-3F5C5C3D0D04",
                        "sid-9726C026-BDE7-4467-B613-EB951D1FE613",
                        "sid-BA8B9C72-48FE-4FF1-A2F9-DE78C836A612"
                    ]
                },
                {
                    "id": "Loan Officer-000004",
                    "name": "Loan Officer-000004",
                    "cost_per_hour": 1,
                    "amount": 1,
                    "calendar": "Loan Officer-000004timetable",
                    "assigned_tasks": [
                        "sid-543CE27B-717A-4583-8BFE-09BF2267ACFC",
                        "sid-AD68767C-968B-4DCD-821E-3F5C5C3D0D04",
                        "sid-9726C026-BDE7-4467-B613-EB951D1FE613",
                        "sid-BA8B9C72-48FE-4FF1-A2F9-DE78C836A612"
                    ]
                },
                {
                    "id": "Loan Officer-000005",
                    "name": "Loan Officer-000005",
                    "cost_per_hour": 1,
                    "amount": 1,
                    "calendar": "Loan Officer-000005timetable",
                    "assigned_tasks": [
                        "sid-543CE27B-717A-4583-8BFE-09BF2267ACFC",
                        "sid-AD68767C-968B-4DCD-821E-3F5C5C3D0D04",
                        "sid-9726C026-BDE7-4467-B613-EB951D1FE613",
                        "sid-BA8B9C72-48FE-4FF1-A2F9-DE78C836A612"
                    ]
                }
            ]
        },
        {
            "id": "sid-30EFC8A9-15F6-45A1-B0FE-C9B37FC92D36",
            "name": "Approve application",
            "resource_list": [
                {
                    "id": "Clerk-000003",
                    "name": "Clerk-000003",
                    "cost_per_hour": 1,
                    "amount": 1,
                    "calendar": "Clerk-000003timetable",
                    "assigned_tasks": [
                        "sid-9703AD2C-3219-4B4A-9A91-F4A81EF91130",
                        "sid-B27E434D-3A46-46FE-94DE-184C179BE525",
                        "sid-8BCCD9BA-2B23-44CA-BB32-4988807D3161",
                        "sid-16B45990-F522-4EA9-A01A-70EE8D0C9EC5",
                        "sid-034F28AB-5EBC-4336-82BD-4FE7A525CCE2",
                        "sid-30EFC8A9-15F6-45A1-B0FE-C9B37FC92D36",
                        "sid-43A3A3DC-EAE7-42F0-946E-845B3C981850"
                    ]
                },
                {
                    "id": "Clerk-000004",
                    "name": "Clerk-000004",
                    "cost_per_hour": 1,
                    "amount": 1,
                    "calendar": "Clerk-000004timetable",
                    "assigned_tasks": [
                        "sid-9703AD2C-3219-4B4A-9A91-F4A81EF91130",
                        "sid-B27E434D-3A46-46FE-94DE-184C179BE525",
                        "sid-8BCCD9BA-2B23-44CA-BB32-4988807D3161",
                        "sid-16B45990-F522-4EA9-A01A-70EE8D0C9EC5",
                        "sid-034F28AB-5EBC-4336-82BD-4FE7A525CCE2",
                        "sid-30EFC8A9-15F6-45A1-B0FE-C9B37FC92D36",
                        "sid-43A3A3DC-EAE7-42F0-946E-845B3C981850"
                    ]
                },
                {
                    "id": "Clerk-000001",
                    "name": "Clerk-000001",
                    "cost_per_hour": 1,
                    "amount": 1,
                    "calendar": "Clerk-000001timetable",
                    "assigned_tasks": [
                        "sid-9703AD2C-3219-4B4A-9A91-F4A81EF91130",
                        "sid-B27E434D-3A46-46FE-94DE-184C179BE525",
                        "sid-8BCCD9BA-2B23-44CA-BB32-4988807D3161",
                        "sid-16B45990-F522-4EA9-A01A-70EE8D0C9EC5",
                        "sid-034F28AB-5EBC-4336-82BD-4FE7A525CCE2",
                        "sid-30EFC8A9-15F6-45A1-B0FE-C9B37FC92D36",
                        "sid-43A3A3DC-EAE7-42F0-946E-845B3C981850"
                    ]
                },
                {
                    "id": "Clerk-000006",
                    "name": "Clerk-000006",
                    "cost_per_hour": 1,
                    "amount": 1,
                    "calendar": "Clerk-000006timetable",
                    "assigned_tasks": [
                        "sid-9703AD2C-3219-4B4A-9A91-F4A81EF91130",
                        "sid-B27E434D-3A46-46FE-94DE-184C179BE525",
                        "sid-8BCCD9BA-2B23-44CA-BB32-4988807D3161",
                        "sid-16B45990-F522-4EA9-A01A-70EE8D0C9EC5",
                        "sid-034F28AB-5EBC-4336-82BD-4FE7A525CCE2",
                        "sid-30EFC8A9-15F6-45A1-B0FE-C9B37FC92D36",
                        "sid-43A3A3DC-EAE7-42F0-946E-845B3C981850"
                    ]
                }
            ]
        },
        {
            "id": "sid-43A3A3DC-EAE7-42F0-946E-845B3C981850",
            "name": "Cancel application",
            "resource_list": [
                {
                    "id": "Clerk-000006",
                    "name": "Clerk-000006",
                    "cost_per_hour": 1,
                    "amount": 1,
                    "calendar": "Clerk-000006timetable",
                    "assigned_tasks": [
                        "sid-9703AD2C-3219-4B4A-9A91-F4A81EF91130",
                        "sid-B27E434D-3A46-46FE-94DE-184C179BE525",
                        "sid-8BCCD9BA-2B23-44CA-BB32-4988807D3161",
                        "sid-16B45990-F522-4EA9-A01A-70EE8D0C9EC5",
                        "sid-034F28AB-5EBC-4336-82BD-4FE7A525CCE2",
                        "sid-30EFC8A9-15F6-45A1-B0FE-C9B37FC92D36",
                        "sid-43A3A3DC-EAE7-42F0-946E-845B3C981850"
                    ]
                },
                {
                    "id": "Clerk-000001",
                    "name": "Clerk-000001",
                    "cost_per_hour": 1,
                    "amount": 1,
                    "calendar": "Clerk-000001timetable",
                    "assigned_tasks": [
                        "sid-9703AD2C-3219-4B4A-9A91-F4A81EF91130",
                        "sid-B27E434D-3A46-46FE-94DE-184C179BE525",
                        "sid-8BCCD9BA-2B23-44CA-BB32-4988807D3161",
                        "sid-16B45990-F522-4EA9-A01A-70EE8D0C9EC5",
                        "sid-034F28AB-5EBC-4336-82BD-4FE7A525CCE2",
                        "sid-30EFC8A9-15F6-45A1-B0FE-C9B37FC92D36",
                        "sid-43A3A3DC-EAE7-42F0-946E-845B3C981850"
                    ]
                },
                {
                    "id": "Clerk-000003",
                    "name": "Clerk-000003",
                    "cost_per_hour": 1,
                    "amount": 1,
                    "calendar": "Clerk-000003timetable",
                    "assigned_tasks": [
                        "sid-9703AD2C-3219-4B4A-9A91-F4A81EF91130",
                        "sid-B27E434D-3A46-46FE-94DE-184C179BE525",
                        "sid-8BCCD9BA-2B23-44CA-BB32-4988807D3161",
                        "sid-16B45990-F522-4EA9-A01A-70EE8D0C9EC5",
                        "sid-034F28AB-5EBC-4336-82BD-4FE7A525CCE2",
                        "sid-30EFC8A9-15F6-45A1-B0FE-C9B37FC92D36",
                        "sid-43A3A3DC-EAE7-42F0-946E-845B3C981850"
                    ]
                },
                {
                    "id": "Clerk-000004",
                    "name": "Clerk-000004",
                    "cost_per_hour": 1,
                    "amount": 1,
                    "calendar": "Clerk-000004timetable",
                    "assigned_tasks": [
                        "sid-9703AD2C-3219-4B4A-9A91-F4A81EF91130",
                        "sid-B27E434D-3A46-46FE-94DE-184C179BE525",
                        "sid-8BCCD9BA-2B23-44CA-BB32-4988807D3161",
                        "sid-16B45990-F522-4EA9-A01A-70EE8D0C9EC5",
                        "sid-034F28AB-5EBC-4336-82BD-4FE7A525CCE2",
                        "sid-30EFC8A9-15F6-45A1-B0FE-C9B37FC92D36",
                        "sid-43A3A3DC-EAE7-42F0-946E-845B3C981850"
                    ]
                }
            ]
        },
        {
            "id": "sid-9F775FDB-CD87-40D7-8B8D-DFD50176CE88",
            "name": "Appraise property",
            "resource_list": [
                {
                    "id": "Appraiser-000002",
                    "name": "Appraiser-000002",
                    "cost_per_hour": 1,
                    "amount": 1,
                    "calendar": "Appraiser-000002timetable",
                    "assigned_tasks": [
                        "sid-9F775FDB-CD87-40D7-8B8D-DFD50176CE88"
                    ]
                }
            ]
        },
        {
            "id": "Activity_065abi2",
            "name": "AML Check",
            "resource_list": [
                {
                    "id": "AML Investigator-000002_COPY111ed54acc",
                    "name": "AML Investigator-000002_COPY111ed54acc",
                    "cost_per_hour": 1,
                    "amount": 1,
                    "calendar": "AML Investigator-000002_COPY111ed54acctimetable",
                    "assigned_tasks": [
                        "Activity_065abi2"
                    ]
                },
                {
                    "id": "AML Investigator-000002_COPY111ed54acc_COPYe64c5336b9",
                    "name": "AML Investigator-000002_COPY111ed54acc_COPYe64c5336b9",
                    "cost_per_hour": 1,
                    "amount": 1,
                    "calendar": "AML Investigator-000002_COPY111ed54acc_COPYe64c5336b9timetable",
                    "assigned_tasks": [
                        "Activity_065abi2"
                    ]
                }
            ]
        }
    ],
    "arrival_time_distribution": {
        "distribution_name": "exponnorm",
        "distribution_params": [
            {
                "value": 920.9274577774163
            },
            {
                "value": 1.9292630403549484
            },
            {
                "value": 2.0100220417682095
            },
            {
                "value": 2.6520000000000437
            },
            {
                "value": 13859.024000000001
            }
        ]
    },
    "arrival_time_calendar": [
        {
            "from": "MONDAY",
            "to": "MONDAY",
            "beginTime": "09:00:00",
            "endTime": "17:00:00"
        },
        {
            "from": "TUESDAY",
            "to": "TUESDAY",
            "beginTime": "09:00:00",
            "endTime": "17:00:00"
        },
        {
            "from": "WEDNESDAY",
            "to": "WEDNESDAY",
            "beginTime": "09:00:00",
            "endTime": "17:00:00"
        },
        {
            "from": "THURSDAY",
            "to": "THURSDAY",
            "beginTime": "09:00:00",
            "endTime": "17:00:00"
        },
        {
            "from": "FRIDAY",
            "to": "FRIDAY",
            "beginTime": "09:00:00",
            "endTime": "17:00:00"
        }
    ],
    "gateway_branching_probabilities": [
        {
            "gateway_id": "sid-D537CF9E-CB8A-4188-80DE-1CA903F38436",
            "probabilities": [
                {
                    "path_id": "sid-92B5B1F2-7B5C-45A9-8C6B-BCC1E0490D99",
                    "value": 0.19549477071600965
                },
                {
                    "path_id": "sid-F4C85F4E-A227-4D05-AE55-5ACD9A2CF15F",
                    "value": 0.8045052292839904
                }
            ]
        },
        {
            "gateway_id": "sid-79AFF435-717A-4C1E-87FA-D002372D2251",
            "probabilities": [
                {
                    "path_id": "sid-B04F2DE9-EE3E-4AC6-8470-B22F242E48AE",
                    "value": 0.485
                },
                {
                    "path_id": "sid-20A44905-F224-4AC2-8D6E-B25B4416D362",
                    "value": 0.515
                }
            ]
        },
        {
            "gateway_id": "sid-B5A27A5A-671A-4D2B-9A75-33400841CC86",
            "probabilities": [
                {
                    "path_id": "sid-480AB19B-10F2-4B66-B988-43C2B48426CF",
                    "value": 0.4815533980582524
                },
                {
                    "path_id": "sid-290AEED6-5AC4-4042-AF51-143329457626",
                    "value": 0.5184466019417475
                }
            ]
        },
        {
            "gateway_id": "Gateway_0eqakhv",
            "probabilities": [
                {
                    "path_id": "Flow_0mpn0oz",
                    "value": 0.20647149460708783
                },
                {
                    "path_id": "Flow_1ltuf1s",
                    "value": 0.7935285053929122
                }
            ]
        }
    ],
    "task_resource_distribution": [
        {
            "task_id": "Activity_0m4ng9s",
            "resources": [
                {
                    "resource_id": "D_SYSTEM",
                    "distribution_name": "fix",
                    "distribution_params": [
                        {
                            "value": 0
                        }
                    ]
                }
            ]
        },
        {
            "task_id": "sid-9703AD2C-3219-4B4A-9A91-F4A81EF91130",
            "resources": [
                {
                    "resource_id": "Clerk-000001",
                    "distribution_name": "gamma",
                    "distribution_params": [
                        {
                            "value": 0.9343590547446459
                        },
                        {
                            "value": 12.345999999999998
                        },
                        {
                            "value": 1918.2263688971098
                        },
                        {
                            "value": 12.346
                        },
                        {
                            "value": 10159.797
                        }
                    ]
                },
                {
                    "resource_id": "Clerk-000004",
                    "distribution_name": "exponnorm",
                    "distribution_params": [
                        {
                            "value": 50.29155917483618
                        },
                        {
                            "value": 27.748038307211534
                        },
                        {
                            "value": 36.37255726690698
                        },
                        {
                            "value": 3.084
                        },
                        {
                            "value": 11131.447
                        }
                    ]
                },
                {
                    "resource_id": "Clerk-000006",
                    "distribution_name": "gamma",
                    "distribution_params": [
                        {
                            "value": 1.0429893575790583
                        },
                        {
                            "value": 12.296902162189786
                        },
                        {
                            "value": 2013.768921895476
                        },
                        {
                            "value": 12.963
                        },
                        {
                            "value": 8898.747
                        }
                    ]
                },
                {
                    "resource_id": "Clerk-000003",
                    "distribution_name": "gamma",
                    "distribution_params": [
                        {
                            "value": 1.0727126734189576
                        },
                        {
                            "value": 1.9282423357016967
                        },
                        {
                            "value": 1580.4532020369961
                        },
                        {
                            "value": 3.142
                        },
                        {
                            "value": 8252.655
                        }
                    ]
                }
            ]
        },
        {
            "task_id": "sid-B27E434D-3A46-46FE-94DE-184C179BE525",
            "resources": [
                {
                    "resource_id": "Clerk-000001",
                    "distribution_name": "exponnorm",
                    "distribution_params": [
                        {
                            "value": 20.0763034573048
                        },
                        {
                            "value": 102.09486468037262
                        },
                        {
                            "value": 85.85851647088963
                        },
                        {
                            "value": 16.426
                        },
                        {
                            "value": 16205.772
                        }
                    ]
                },
                {
                    "resource_id": "Clerk-000003",
                    "distribution_name": "exponnorm",
                    "distribution_params": [
                        {
                            "value": 20.0763034573048
                        },
                        {
                            "value": 102.09486468037262
                        },
                        {
                            "value": 85.85851647088963
                        },
                        {
                            "value": 16.426
                        },
                        {
                            "value": 16205.772
                        }
                    ]
                },
                {
                    "resource_id": "Clerk-000006",
                    "distribution_name": "exponnorm",
                    "distribution_params": [
                        {
                            "value": 20.0763034573048
                        },
                        {
                            "value": 102.09486468037262
                        },
                        {
                            "value": 85.85851647088963
                        },
                        {
                            "value": 16.426
                        },
                        {
                            "value": 16205.772
                        }
                    ]
                },
                {
                    "resource_id": "Clerk-000004",
                    "distribution_name": "exponnorm",
                    "distribution_params": [
                        {
                            "value": 20.0763034573048
                        },
                        {
                            "value": 102.09486468037262
                        },
                        {
                            "value": 85.85851647088963
                        },
                        {
                            "value": 16.426
                        },
                        {
                            "value": 16205.772
                        }
                    ]
                }
            ]
        },
        {
            "task_id": "sid-8BCCD9BA-2B23-44CA-BB32-4988807D3161",
            "resources": [
                {
                    "resource_id": "Clerk-000006",
                    "distribution_name": "exponnorm",
                    "distribution_params": [
                        {
                            "value": 891.3862083528725
                        },
                        {
                            "value": 36.42234866459461
                        },
                        {
                            "value": 1.8186492450696203
                        },
                        {
                            "value": 39.259
                        },
                        {
                            "value": 7205.427
                        }
                    ]
                },
                {
                    "resource_id": "Clerk-000003",
                    "distribution_name": "expon",
                    "distribution_params": [
                        {
                            "value": 2.975
                        },
                        {
                            "value": 1641.0505130434785
                        },
                        {
                            "value": 2.975
                        },
                        {
                            "value": 6781.887
                        }
                    ]
                },
                {
                    "resource_id": "Clerk-000004",
                    "distribution_name": "exponnorm",
                    "distribution_params": [
                        {
                            "value": 1008.5819720473937
                        },
                        {
                            "value": 20.85918248687065
                        },
                        {
                            "value": 1.6061651898575908
                        },
                        {
                            "value": 23.484
                        },
                        {
                            "value": 11210.071
                        }
                    ]
                },
                {
                    "resource_id": "Clerk-000001",
                    "distribution_name": "gamma",
                    "distribution_params": [
                        {
                            "value": 1.0880831508671833
                        },
                        {
                            "value": 6.597949984799992
                        },
                        {
                            "value": 1475.208469443728
                        },
                        {
                            "value": 8.05
                        },
                        {
                            "value": 8666.157999999989
                        }
                    ]
                }
            ]
        },
        {
            "task_id": "sid-543CE27B-717A-4583-8BFE-09BF2267ACFC",
            "resources": [
                {
                    "resource_id": "Loan Officer-000005",
                    "distribution_name": "expon",
                    "distribution_params": [
                        {
                            "value": 3.416
                        },
                        {
                            "value": 1813.231023364486
                        },
                        {
                            "value": 3.416
                        },
                        {
                            "value": 10753.971000000005
                        }
                    ]
                },
                {
                    "resource_id": "Loan Officer-000003",
                    "distribution_name": "gamma",
                    "distribution_params": [
                        {
                            "value": 0.9793521752995372
                        },
                        {
                            "value": 3.2549999999999994
                        },
                        {
                            "value": 1970.0539876434564
                        },
                        {
                            "value": 3.255
                        },
                        {
                            "value": 8651.613
                        }
                    ]
                },
                {
                    "resource_id": "Loan Officer-000004",
                    "distribution_name": "gamma",
                    "distribution_params": [
                        {
                            "value": 0.9551032481806634
                        },
                        {
                            "value": 7.105999999999999
                        },
                        {
                            "value": 1823.1646539267895
                        },
                        {
                            "value": 7.106
                        },
                        {
                            "value": 8581.979000000003
                        }
                    ]
                }
            ]
        },
        {
            "task_id": "sid-5CEDFABE-7E6F-450C-B84E-11C9917AB563",
            "resources": [
                {
                    "resource_id": "Senior Officer-000002",
                    "distribution_name": "expon",
                    "distribution_params": [
                        {
                            "value": 0.073
                        },
                        {
                            "value": 1156.4572267206477
                        },
                        {
                            "value": 0.073
                        },
                        {
                            "value": 7797.989
                        }
                    ]
                }
            ]
        },
        {
            "task_id": "Activity_0wmpwru",
            "resources": [
                {
                    "resource_id": "D_SYSTEM",
                    "distribution_name": "fix",
                    "distribution_params": [
                        {
                            "value": 0
                        }
                    ]
                }
            ]
        },
        {
            "task_id": "sid-AD68767C-968B-4DCD-821E-3F5C5C3D0D04",
            "resources": [
                {
                    "resource_id": "Loan Officer-000003",
                    "distribution_name": "gamma",
                    "distribution_params": [
                        {
                            "value": 1.07757266393577
                        },
                        {
                            "value": 4.453732473572197
                        },
                        {
                            "value": 1912.593642313729
                        },
                        {
                            "value": 6.225
                        },
                        {
                            "value": 7213.377
                        }
                    ]
                },
                {
                    "resource_id": "Loan Officer-000004",
                    "distribution_name": "gamma",
                    "distribution_params": [
                        {
                            "value": 0.8852181869837854
                        },
                        {
                            "value": 5.248999999999999
                        },
                        {
                            "value": 1965.6476550178925
                        },
                        {
                            "value": 5.249
                        },
                        {
                            "value": 8693.416
                        }
                    ]
                },
                {
                    "resource_id": "Loan Officer-000005",
                    "distribution_name": "exponnorm",
                    "distribution_params": [
                        {
                            "value": 987.2113636944314
                        },
                        {
                            "value": -1.6606067949623151
                        },
                        {
                            "value": 1.983388662421981
                        },
                        {
                            "value": 1.025
                        },
                        {
                            "value": 13852.939
                        }
                    ]
                }
            ]
        },
        {
            "task_id": "Activity_1y2vzu0",
            "resources": [
                {
                    "resource_id": "Senior Officer-000002",
                    "distribution_name": "expon",
                    "distribution_params": [
                        {
                            "value": 9.832
                        },
                        {
                            "value": 1767.2151700879763
                        },
                        {
                            "value": 9.832
                        },
                        {
                            "value": 15088.738
                        }
                    ]
                }
            ]
        },
        {
            "task_id": "sid-16B45990-F522-4EA9-A01A-70EE8D0C9EC5",
            "resources": [
                {
                    "resource_id": "Clerk-000006",
                    "distribution_name": "exponnorm",
                    "distribution_params": [
                        {
                            "value": 2063.7409919980573
                        },
                        {
                            "value": 4.402512915457661
                        },
                        {
                            "value": 0.7823395881770843
                        },
                        {
                            "value": 6.152
                        },
                        {
                            "value": 10462.824
                        }
                    ]
                },
                {
                    "resource_id": "Clerk-000004",
                    "distribution_name": "exponnorm",
                    "distribution_params": [
                        {
                            "value": 1818.7568766536933
                        },
                        {
                            "value": 5.587562017445936
                        },
                        {
                            "value": 1.0683332221802342
                        },
                        {
                            "value": 7.884
                        },
                        {
                            "value": 6930.635
                        }
                    ]
                },
                {
                    "resource_id": "Clerk-000003",
                    "distribution_name": "gamma",
                    "distribution_params": [
                        {
                            "value": 0.8734470069629607
                        },
                        {
                            "value": 48.278999999999996
                        },
                        {
                            "value": 1990.6154391091854
                        },
                        {
                            "value": 48.279
                        },
                        {
                            "value": 6757.449
                        }
                    ]
                },
                {
                    "resource_id": "Clerk-000001",
                    "distribution_name": "gamma",
                    "distribution_params": [
                        {
                            "value": 0.8949122845915345
                        },
                        {
                            "value": 0.023999999999999997
                        },
                        {
                            "value": 1940.3566753826221
                        },
                        {
                            "value": 0.024
                        },
                        {
                            "value": 8676.34
                        }
                    ]
                }
            ]
        },
        {
            "task_id": "sid-034F28AB-5EBC-4336-82BD-4FE7A525CCE2",
            "resources": [
                {
                    "resource_id": "Clerk-000003",
                    "distribution_name": "exponnorm",
                    "distribution_params": [
                        {
                            "value": 1674.3626724012383
                        },
                        {
                            "value": 23.21421837158796
                        },
                        {
                            "value": 0.9316064556540535
                        },
                        {
                            "value": 25.427
                        },
                        {
                            "value": 6426.564
                        }
                    ]
                },
                {
                    "resource_id": "Clerk-000006",
                    "distribution_name": "gamma",
                    "distribution_params": [
                        {
                            "value": 0.4539648683561326
                        },
                        {
                            "value": 25.486999999999995
                        },
                        {
                            "value": 3260.785876150013
                        },
                        {
                            "value": 25.487
                        },
                        {
                            "value": 7487.037
                        }
                    ]
                },
                {
                    "resource_id": "Clerk-000001",
                    "distribution_name": "exponnorm",
                    "distribution_params": [
                        {
                            "value": 2032.7847854269014
                        },
                        {
                            "value": 12.494504418689196
                        },
                        {
                            "value": 0.9167179638886345
                        },
                        {
                            "value": 14.757
                        },
                        {
                            "value": 10967.240000000005
                        }
                    ]
                },
                {
                    "resource_id": "Clerk-000004",
                    "distribution_name": "gamma",
                    "distribution_params": [
                        {
                            "value": 0.6867300863496193
                        },
                        {
                            "value": 4.800999999999999
                        },
                        {
                            "value": 2147.698804464484
                        },
                        {
                            "value": 4.801
                        },
                        {
                            "value": 9200.292
                        }
                    ]
                }
            ]
        },
        {
            "task_id": "sid-9726C026-BDE7-4467-B613-EB951D1FE613",
            "resources": [
                {
                    "resource_id": "Loan Officer-000004",
                    "distribution_name": "exponnorm",
                    "distribution_params": [
                        {
                            "value": 986.0934253919986
                        },
                        {
                            "value": 12.547935917153119
                        },
                        {
                            "value": 1.7621484172817787
                        },
                        {
                            "value": 15.425
                        },
                        {
                            "value": 9091.32
                        }
                    ]
                },
                {
                    "resource_id": "Loan Officer-000005",
                    "distribution_name": "exponnorm",
                    "distribution_params": [
                        {
                            "value": 843.6570936408671
                        },
                        {
                            "value": -0.1737013325362422
                        },
                        {
                            "value": 1.9795598843964006
                        },
                        {
                            "value": 2.754
                        },
                        {
                            "value": 7194.287
                        }
                    ]
                },
                {
                    "resource_id": "Loan Officer-000003",
                    "distribution_name": "exponnorm",
                    "distribution_params": [
                        {
                            "value": 73.10266638895727
                        },
                        {
                            "value": 25.91447759817222
                        },
                        {
                            "value": 25.004677934408157
                        },
                        {
                            "value": 14.734
                        },
                        {
                            "value": 12517.141000000003
                        }
                    ]
                }
            ]
        },
        {
            "task_id": "sid-BA8B9C72-48FE-4FF1-A2F9-DE78C836A612",
            "resources": [
                {
                    "resource_id": "Loan Officer-000003",
                    "distribution_name": "gamma",
                    "distribution_params": [
                        {
                            "value": 0.9065508477551101
                        },
                        {
                            "value": 14.733999999999998
                        },
                        {
                            "value": 1611.4542000173
                        },
                        {
                            "value": 14.734
                        },
                        {
                            "value": 6601.496
                        }
                    ]
                },
                {
                    "resource_id": "Loan Officer-000004",
                    "distribution_name": "gamma",
                    "distribution_params": [
                        {
                            "value": 0.9098464567266313
                        },
                        {
                            "value": 3.6849999999999996
                        },
                        {
                            "value": 1864.7750566603004
                        },
                        {
                            "value": 3.685
                        },
                        {
                            "value": 9227.999
                        }
                    ]
                },
                {
                    "resource_id": "Loan Officer-000005",
                    "distribution_name": "gamma",
                    "distribution_params": [
                        {
                            "value": 0.9564761573196519
                        },
                        {
                            "value": 18.055999999999997
                        },
                        {
                            "value": 1644.436252898393
                        },
                        {
                            "value": 18.056
                        },
                        {
                            "value": 8662.71
                        }
                    ]
                }
            ]
        },
        {
            "task_id": "sid-30EFC8A9-15F6-45A1-B0FE-C9B37FC92D36",
            "resources": [
                {
                    "resource_id": "Clerk-000003",
                    "distribution_name": "exponnorm",
                    "distribution_params": [
                        {
                            "value": 39.417997871655295
                        },
                        {
                            "value": 44.340579864365345
                        },
                        {
                            "value": 43.61742242028926
                        },
                        {
                            "value": 3.749
                        },
                        {
                            "value": 9871.459000000006
                        }
                    ]
                },
                {
                    "resource_id": "Clerk-000004",
                    "distribution_name": "exponnorm",
                    "distribution_params": [
                        {
                            "value": 39.417997871655295
                        },
                        {
                            "value": 44.340579864365345
                        },
                        {
                            "value": 43.61742242028926
                        },
                        {
                            "value": 3.749
                        },
                        {
                            "value": 9871.459000000006
                        }
                    ]
                },
                {
                    "resource_id": "Clerk-000001",
                    "distribution_name": "exponnorm",
                    "distribution_params": [
                        {
                            "value": 39.417997871655295
                        },
                        {
                            "value": 44.340579864365345
                        },
                        {
                            "value": 43.61742242028926
                        },
                        {
                            "value": 3.749
                        },
                        {
                            "value": 9871.459000000006
                        }
                    ]
                },
                {
                    "resource_id": "Clerk-000006",
                    "distribution_name": "exponnorm",
                    "distribution_params": [
                        {
                            "value": 39.417997871655295
                        },
                        {
                            "value": 44.340579864365345
                        },
                        {
                            "value": 43.61742242028926
                        },
                        {
                            "value": 3.749
                        },
                        {
                            "value": 9871.459000000006
                        }
                    ]
                }
            ]
        },
        {
            "task_id": "sid-43A3A3DC-EAE7-42F0-946E-845B3C981850",
            "resources": [
                {
                    "resource_id": "Clerk-000006",
                    "distribution_name": "gamma",
                    "distribution_params": [
                        {
                            "value": 1.135514461657172
                        },
                        {
                            "value": 3.015552215694062
                        },
                        {
                            "value": 1580.3081765241272
                        },
                        {
                            "value": 4.531
                        },
                        {
                            "value": 8599.877
                        }
                    ]
                },
                {
                    "resource_id": "Clerk-000001",
                    "distribution_name": "gamma",
                    "distribution_params": [
                        {
                            "value": 1.135514461657172
                        },
                        {
                            "value": 3.015552215694062
                        },
                        {
                            "value": 1580.3081765241272
                        },
                        {
                            "value": 4.531
                        },
                        {
                            "value": 8599.877
                        }
                    ]
                },
                {
                    "resource_id": "Clerk-000003",
                    "distribution_name": "gamma",
                    "distribution_params": [
                        {
                            "value": 1.135514461657172
                        },
                        {
                            "value": 3.015552215694062
                        },
                        {
                            "value": 1580.3081765241272
                        },
                        {
                            "value": 4.531
                        },
                        {
                            "value": 8599.877
                        }
                    ]
                },
                {
                    "resource_id": "Clerk-000004",
                    "distribution_name": "gamma",
                    "distribution_params": [
                        {
                            "value": 1.135514461657172
                        },
                        {
                            "value": 3.015552215694062
                        },
                        {
                            "value": 1580.3081765241272
                        },
                        {
                            "value": 4.531
                        },
                        {
                            "value": 8599.877
                        }
                    ]
                }
            ]
        },
        {
            "task_id": "sid-9F775FDB-CD87-40D7-8B8D-DFD50176CE88",
            "resources": [
                {
                    "resource_id": "Appraiser-000002",
                    "distribution_name": "gamma",
                    "distribution_params": [
                        {
                            "value": 0.9442143618671492
                        },
                        {
                            "value": 0.17999999999999997
                        },
                        {
                            "value": 1866.5451485780447
                        },
                        {
                            "value": 0.18
                        },
                        {
                            "value": 9516.244
                        }
                    ]
                }
            ]
        },
        {
            "task_id": "Activity_065abi2",
            "resources": [
                {
                    "resource_id": "AML Investigator-000002_COPY111ed54acc",
                    "distribution_name": "gamma",
                    "distribution_params": [
                        {
                            "value": 0.9568854071565405
                        },
                        {
                            "value": 1.6429999999999998
                        },
                        {
                            "value": 1960.6932064913149
                        },
                        {
                            "value": 1.643
                        },
                        {
                            "value": 12594.845
                        }
                    ]
                },
                {
                    "resource_id": "AML Investigator-000002_COPY111ed54acc_COPYe64c5336b9",
                    "distribution_name": "gamma",
                    "distribution_params": [
                        {
                            "value": 0.9568854071565405
                        },
                        {
                            "value": 1.6429999999999998
                        },
                        {
                            "value": 1960.6932064913149
                        },
                        {
                            "value": 1.643
                        },
                        {
                            "value": 12594.845
                        }
                    ]
                }
            ]
        }
    ],
    "event_distribution": {},
    "resource_calendars": [
        {
            "id": "D_SYSTEMtimetable",
            "name": "D_SYSTEMtimetable",
            "time_periods": [
                {
                    "from": "MONDAY",
                    "to": "MONDAY",
                    "beginTime": "09:00:00",
                    "endTime": "17:00:00"
                },
                {
                    "from": "TUESDAY",
                    "to": "TUESDAY",
                    "beginTime": "09:00:00",
                    "endTime": "17:00:00"
                },
                {
                    "from": "WEDNESDAY",
                    "to": "WEDNESDAY",
                    "beginTime": "09:00:00",
                    "endTime": "17:00:00"
                },
                {
                    "from": "THURSDAY",
                    "to": "THURSDAY",
                    "beginTime": "09:00:00",
                    "endTime": "17:00:00"
                },
                {
                    "from": "FRIDAY",
                    "to": "FRIDAY",
                    "beginTime": "09:00:00",
                    "endTime": "17:00:00"
                }
            ]
        },
        {
            "id": "Clerk-000001timetable",
            "name": "Clerk-000001timetable",
            "time_periods": [
                {
                    "from": "MONDAY",
                    "to": "MONDAY",
                    "beginTime": "09:00:00",
                    "endTime": "17:00:00"
                },
                {
                    "from": "TUESDAY",
                    "to": "TUESDAY",
                    "beginTime": "09:00:00",
                    "endTime": "17:00:00"
                },
                {
                    "from": "WEDNESDAY",
                    "to": "WEDNESDAY",
                    "beginTime": "09:00:00",
                    "endTime": "17:00:00"
                },
                {
                    "from": "THURSDAY",
                    "to": "THURSDAY",
                    "beginTime": "09:00:00",
                    "endTime": "17:00:00"
                },
                {
                    "from": "FRIDAY",
                    "to": "FRIDAY",
                    "beginTime": "09:00:00",
                    "endTime": "17:00:00"
                }
            ]
        },
        {
            "id": "Clerk-000004timetable",
            "name": "Clerk-000004timetable",
            "time_periods": [
                {
                    "from": "MONDAY",
                    "to": "MONDAY",
                    "beginTime": "09:00:00",
                    "endTime": "17:00:00"
                },
                {
                    "from": "TUESDAY",
                    "to": "TUESDAY",
                    "beginTime": "09:00:00",
                    "endTime": "17:00:00"
                },
                {
                    "from": "WEDNESDAY",
                    "to": "WEDNESDAY",
                    "beginTime": "09:00:00",
                    "endTime": "17:00:00"
                },
                {
                    "from": "THURSDAY",
                    "to": "THURSDAY",
                    "beginTime": "09:00:00",
                    "endTime": "17:00:00"
                },
                {
                    "from": "FRIDAY",
                    "to": "FRIDAY",
                    "beginTime": "09:00:00",
                    "endTime": "17:00:00"
                }
            ]
        },
        {
            "id": "Clerk-000006timetable",
            "name": "Clerk-000006timetable",
            "time_periods": [
                {
                    "from": "MONDAY",
                    "to": "MONDAY",
                    "beginTime": "09:00:00",
                    "endTime": "17:00:00"
                },
                {
                    "from": "TUESDAY",
                    "to": "TUESDAY",
                    "beginTime": "09:00:00",
                    "endTime": "17:00:00"
                },
                {
                    "from": "WEDNESDAY",
                    "to": "WEDNESDAY",
                    "beginTime": "09:00:00",
                    "endTime": "17:00:00"
                },
                {
                    "from": "THURSDAY",
                    "to": "THURSDAY",
                    "beginTime": "09:00:00",
                    "endTime": "17:00:00"
                },
                {
                    "from": "FRIDAY",
                    "to": "FRIDAY",
                    "beginTime": "09:00:00",
                    "endTime": "17:00:00"
                }
            ]
        },
        {
            "id": "Clerk-000003timetable",
            "name": "Clerk-000003timetable",
            "time_periods": [
                {
                    "from": "MONDAY",
                    "to": "MONDAY",
                    "beginTime": "09:00:00",
                    "endTime": "17:00:00"
                },
                {
                    "from": "TUESDAY",
                    "to": "TUESDAY",
                    "beginTime": "09:00:00",
                    "endTime": "17:00:00"
                },
                {
                    "from": "WEDNESDAY",
                    "to": "WEDNESDAY",
                    "beginTime": "09:00:00",
                    "endTime": "17:00:00"
                },
                {
                    "from": "THURSDAY",
                    "to": "THURSDAY",
                    "beginTime": "09:00:00",
                    "endTime": "17:00:00"
                },
                {
                    "from": "FRIDAY",
                    "to": "FRIDAY",
                    "beginTime": "09:00:00",
                    "endTime": "17:00:00"
                }
            ]
        },
        {
            "id": "Appraiser-000002timetable",
            "name": "Appraiser-000002timetable",
            "time_periods": [
                {
                    "from": "MONDAY",
                    "to": "MONDAY",
                    "beginTime": "09:00:00",
                    "endTime": "17:00:00"
                },
                {
                    "from": "TUESDAY",
                    "to": "TUESDAY",
                    "beginTime": "09:00:00",
                    "endTime": "17:00:00"
                },
                {
                    "from": "WEDNESDAY",
                    "to": "WEDNESDAY",
                    "beginTime": "09:00:00",
                    "endTime": "17:00:00"
                },
                {
                    "from": "THURSDAY",
                    "to": "THURSDAY",
                    "beginTime": "09:00:00",
                    "endTime": "17:00:00"
                },
                {
                    "from": "FRIDAY",
                    "to": "FRIDAY",
                    "beginTime": "09:00:00",
                    "endTime": "17:00:00"
                }
            ]
        },
        {
            "id": "Loan Officer-000005timetable",
            "name": "Loan Officer-000005timetable",
            "time_periods": [
                {
                    "from": "MONDAY",
                    "to": "MONDAY",
                    "beginTime": "09:00:00",
                    "endTime": "17:00:00"
                },
                {
                    "from": "TUESDAY",
                    "to": "TUESDAY",
                    "beginTime": "09:00:00",
                    "endTime": "17:00:00"
                },
                {
                    "from": "WEDNESDAY",
                    "to": "WEDNESDAY",
                    "beginTime": "09:00:00",
                    "endTime": "17:00:00"
                },
                {
                    "from": "THURSDAY",
                    "to": "THURSDAY",
                    "beginTime": "09:00:00",
                    "endTime": "17:00:00"
                },
                {
                    "from": "FRIDAY",
                    "to": "FRIDAY",
                    "beginTime": "09:00:00",
                    "endTime": "17:00:00"
                }
            ]
        },
        {
            "id": "Loan Officer-000003timetable",
            "name": "Loan Officer-000003timetable",
            "time_periods": [
                {
                    "from": "MONDAY",
                    "to": "MONDAY",
                    "beginTime": "09:00:00",
                    "endTime": "17:00:00"
                },
                {
                    "from": "TUESDAY",
                    "to": "TUESDAY",
                    "beginTime": "09:00:00",
                    "endTime": "17:00:00"
                },
                {
                    "from": "WEDNESDAY",
                    "to": "WEDNESDAY",
                    "beginTime": "09:00:00",
                    "endTime": "17:00:00"
                },
                {
                    "from": "THURSDAY",
                    "to": "THURSDAY",
                    "beginTime": "09:00:00",
                    "endTime": "17:00:00"
                },
                {
                    "from": "FRIDAY",
                    "to": "FRIDAY",
                    "beginTime": "09:00:00",
                    "endTime": "17:00:00"
                }
            ]
        },
        {
            "id": "Loan Officer-000004timetable",
            "name": "Loan Officer-000004timetable",
            "time_periods": [
                {
                    "from": "MONDAY",
                    "to": "MONDAY",
                    "beginTime": "09:00:00",
                    "endTime": "17:00:00"
                },
                {
                    "from": "TUESDAY",
                    "to": "TUESDAY",
                    "beginTime": "09:00:00",
                    "endTime": "17:00:00"
                },
                {
                    "from": "WEDNESDAY",
                    "to": "WEDNESDAY",
                    "beginTime": "09:00:00",
                    "endTime": "17:00:00"
                },
                {
                    "from": "THURSDAY",
                    "to": "THURSDAY",
                    "beginTime": "09:00:00",
                    "endTime": "17:00:00"
                },
                {
                    "from": "FRIDAY",
                    "to": "FRIDAY",
                    "beginTime": "09:00:00",
                    "endTime": "17:00:00"
                }
            ]
        },
        {
            "id": "Senior Officer-000002timetable",
            "name": "Senior Officer-000002timetable",
            "time_periods": [
                {
                    "from": "MONDAY",
                    "to": "MONDAY",
                    "beginTime": "09:00:00",
                    "endTime": "17:00:00"
                },
                {
                    "from": "TUESDAY",
                    "to": "TUESDAY",
                    "beginTime": "09:00:00",
                    "endTime": "17:00:00"
                },
                {
                    "from": "WEDNESDAY",
                    "to": "WEDNESDAY",
                    "beginTime": "09:00:00",
                    "endTime": "17:00:00"
                },
                {
                    "from": "THURSDAY",
                    "to": "THURSDAY",
                    "beginTime": "09:00:00",
                    "endTime": "17:00:00"
                },
                {
                    "from": "FRIDAY",
                    "to": "FRIDAY",
                    "beginTime": "09:00:00",
                    "endTime": "17:00:00"
                }
            ]
        },
        {
            "id": "AML Investigator-000002_COPY111ed54acctimetable",
            "name": "AML Investigator-000002_COPY111ed54acctimetable",
            "time_periods": [
                {
                    "from": "MONDAY",
                    "to": "MONDAY",
                    "beginTime": "09:00:00",
                    "endTime": "17:00:00"
                },
                {
                    "from": "TUESDAY",
                    "to": "TUESDAY",
                    "beginTime": "09:00:00",
                    "endTime": "17:00:00"
                },
                {
                    "from": "WEDNESDAY",
                    "to": "WEDNESDAY",
                    "beginTime": "09:00:00",
                    "endTime": "17:00:00"
                },
                {
                    "from": "THURSDAY",
                    "to": "THURSDAY",
                    "beginTime": "09:00:00",
                    "endTime": "17:00:00"
                },
                {
                    "from": "FRIDAY",
                    "to": "FRIDAY",
                    "beginTime": "09:00:00",
                    "endTime": "17:00:00"
                }
            ]
        },
        {
            "id": "AML Investigator-000002_COPY111ed54acc_COPYe64c5336b9timetable",
            "name": "AML Investigator-000002_COPY111ed54acc_COPYe64c5336b9timetable",
            "time_periods": [
                {
                    "from": "MONDAY",
                    "to": "MONDAY",
                    "beginTime": "09:00:00",
                    "endTime": "17:00:00"
                },
                {
                    "from": "TUESDAY",
                    "to": "TUESDAY",
                    "beginTime": "09:00:00",
                    "endTime": "17:00:00"
                },
                {
                    "from": "WEDNESDAY",
                    "to": "WEDNESDAY",
                    "beginTime": "09:00:00",
                    "endTime": "17:00:00"
                },
                {
                    "from": "THURSDAY",
                    "to": "THURSDAY",
                    "beginTime": "09:00:00",
                    "endTime": "17:00:00"
                },
                {
                    "from": "FRIDAY",
                    "to": "FRIDAY",
                    "beginTime": "09:00:00",
                    "endTime": "17:00:00"
                }
            ]
        }
    ]
}