{
    "time_var": 60,
    "max_cap": 9999999999,
    "max_shift_size": 24,
    "max_shift_blocks": 24,
    "hours_in_day": 24,
    "resources": [
        {
            "id": "D_SYSTEMtimetable",
            "constraints": {
                "global_constraints": {
                    "max_weekly_cap": 40.0,
                    "max_daily_cap": 8.0,
                    "max_consecutive_cap": 8.0,
                    "max_shifts_day": 24,
                    "max_shifts_week": 40.0,
                    "is_human": false
                },
                "daily_start_times": {
                    "monday": "09:00:00",
                    "tuesday": "09:00:00",
                    "wednesday": "09:00:00",
                    "thursday": "09:00:00",
                    "friday": "09:00:00",
                    "saturday": null,
                    "sunday": null
                },
                "never_work_masks": {
                    "monday": 8388609,
                    "tuesday": 8388609,
                    "wednesday": 8388609,
                    "thursday": 8388609,
                    "friday": 8388609,
                    "saturday": 16777215,
                    "sunday": 16777215
                },
                "always_work_masks": {
                    "monday": 0,
                    "tuesday": 0,
                    "wednesday": 0,
                    "thursday": 0,
                    "friday": 0,
                    "saturday": 0,
                    "sunday": 0
                }
            }
        },
        {
            "id": "Clerk-000001timetable",
            "constraints": {
                "global_constraints": {
                    "max_weekly_cap": 40.0,
                    "max_daily_cap": 8.0,
                    "max_consecutive_cap": 8.0,
                    "max_shifts_day": 24,
                    "max_shifts_week": 40.0,
                    "is_human": true
                },
                "daily_start_times": {
                    "monday": "09:00:00",
                    "tuesday": "09:00:00",
                    "wednesday": "09:00:00",
                    "thursday": "09:00:00",
                    "friday": "09:00:00",
                    "saturday": null,
                    "sunday": null
                },
                "never_work_masks": {
                    "monday": 8388609,
                    "tuesday": 8388609,
                    "wednesday": 8388609,
                    "thursday": 8388609,
                    "friday": 8388609,
                    "saturday": 16777215,
                    "sunday": 16777215
                },
                "always_work_masks": {
                    "monday": 0,
                    "tuesday": 0,
                    "wednesday": 0,
                    "thursday": 0,
                    "friday": 0,
                    "saturday": 0,
                    "sunday": 0
                }
            }
        },
        {
            "id": "Clerk-000005timetable",
            "constraints": {
                "global_constraints": {
                    "max_weekly_cap": 40.0,
                    "max_daily_cap": 8.0,
                    "max_consecutive_cap": 8.0,
                    "max_shifts_day": 24,
                    "max_shifts_week": 40.0,
                    "is_human": true
                },
                "daily_start_times": {
                    "monday": "09:00:00",
                    "tuesday": "09:00:00",
                    "wednesday": "09:00:00",
                    "thursday": "09:00:00",
                    "friday": "09:00:00",
                    "saturday": null,
                    "sunday": null
                },
                "never_work_masks": {
                    "monday": 8388609,
                    "tuesday": 8388609,
                    "wednesday": 8388609,
                    "thursday": 8388609,
                    "friday": 8388609,
                    "saturday": 16777215,
                    "sunday": 16777215
                },
                "always_work_masks": {
                    "monday": 0,
                    "tuesday": 0,
                    "wednesday": 0,
                    "thursday": 0,
                    "friday": 0,
                    "saturday": 0,
                    "sunday": 0
                }
            }
        },
        {
            "id": "Clerk-000004timetable",
            "constraints": {
                "global_constraints": {
                    "max_weekly_cap": 40.0,
                    "max_daily_cap": 8.0,
                    "max_consecutive_cap": 8.0,
                    "max_shifts_day": 24,
                    "max_shifts_week": 40.0,
                    "is_human": true
                },
                "daily_start_times": {
                    "monday": "09:00:00",
                    "tuesday": "09:00:00",
                    "wednesday": "09:00:00",
                    "thursday": "09:00:00",
                    "friday": "09:00:00",
                    "saturday": null,
                    "sunday": null
                },
                "never_work_masks": {
                    "monday": 8388609,
                    "tuesday": 8388609,
                    "wednesday": 8388609,
                    "thursday": 8388609,
                    "friday": 8388609,
                    "saturday": 16777215,
                    "sunday": 16777215
                },
                "always_work_masks": {
                    "monday": 0,
                    "tuesday": 0,
                    "wednesday": 0,
                    "thursday": 0,
                    "friday": 0,
                    "saturday": 0,
                    "sunday": 0
                }
            }
        },
        {
            "id": "Clerk-000002timetable",
            "constraints": {
                "global_constraints": {
                    "max_weekly_cap": 40.0,
                    "max_daily_cap": 8.0,
                    "max_consecutive_cap": 8.0,
                    "max_shifts_day": 24,
                    "max_shifts_week": 40.0,
                    "is_human": true
                },
                "daily_start_times": {
                    "monday": "09:00:00",
                    "tuesday": "09:00:00",
                    "wednesday": "09:00:00",
                    "thursday": "09:00:00",
                    "friday": "09:00:00",
                    "saturday": null,
                    "sunday": null
                },
                "never_work_masks": {
                    "monday": 8388609,
                    "tuesday": 8388609,
                    "wednesday": 8388609,
                    "thursday": 8388609,
                    "friday": 8388609,
                    "saturday": 16777215,
                    "sunday": 16777215
                },
                "always_work_masks": {
                    "monday": 0,
                    "tuesday": 0,
                    "wednesday": 0,
                    "thursday": 0,
                    "friday": 0,
                    "saturday": 0,
                    "sunday": 0
                }
            }
        },
        {
            "id": "Clerk-000007timetable",
            "constraints": {
                "global_constraints": {
                    "max_weekly_cap": 40.0,
                    "max_daily_cap": 8.0,
                    "max_consecutive_cap": 8.0,
                    "max_shifts_day": 24,
                    "max_shifts_week": 40.0,
                    "is_human": true
                },
                "daily_start_times": {
                    "monday": "09:00:00",
                    "tuesday": "09:00:00",
                    "wednesday": "09:00:00",
                    "thursday": "09:00:00",
                    "friday": "09:00:00",
                    "saturday": null,
                    "sunday": null
                },
                "never_work_masks": {
                    "monday": 8388609,
                    "tuesday": 8388609,
                    "wednesday": 8388609,
                    "thursday": 8388609,
                    "friday": 8388609,
                    "saturday": 16777215,
                    "sunday": 16777215
                },
                "always_work_masks": {
                    "monday": 0,
                    "tuesday": 0,
                    "wednesday": 0,
                    "thursday": 0,
                    "friday": 0,
                    "saturday": 0,
                    "sunday": 0
                }
            }
        },
        {
            "id": "Clerk-000006timetable",
            "constraints": {
                "global_constraints": {
                    "max_weekly_cap": 40.0,
                    "max_daily_cap": 8.0,
                    "max_consecutive_cap": 8.0,
                    "max_shifts_day": 24,
                    "max_shifts_week": 40.0,
                    "is_human": true
                },
                "daily_start_times": {
                    "monday": "09:00:00",
                    "tuesday": "09:00:00",
                    "wednesday": "09:00:00",
                    "thursday": "09:00:00",
                    "friday": "09:00:00",
                    "saturday": null,
                    "sunday": null
                },
                "never_work_masks": {
                    "monday": 8388609,
                    "tuesday": 8388609,
                    "wednesday": 8388609,
                    "thursday": 8388609,
                    "friday": 8388609,
                    "saturday": 16777215,
                    "sunday": 16777215
                },
                "always_work_masks": {
                    "monday": 0,
                    "tuesday": 0,
                    "wednesday": 0,
                    "thursday": 0,
                    "friday": 0,
                    "saturday": 0,
                    "sunday": 0
                }
            }
        },
        {
            "id": "Clerk-000003timetable",
            "constraints": {
                "global_constraints": {
                    "max_weekly_cap": 40.0,
                    "max_daily_cap": 8.0,
                    "max_consecutive_cap": 8.0,
                    "max_shifts_day": 24,
                    "max_shifts_week": 40.0,
                    "is_human": true
                },
                "daily_start_times": {
                    "monday": "09:00:00",
                    "tuesday": "09:00:00",
                    "wednesday": "09:00:00",
                    "thursday": "09:00:00",
                    "friday": "09:00:00",
                    "saturday": null,
                    "sunday": null
                },
                "never_work_masks": {
                    "monday": 8388609,
                    "tuesday": 8388609,
                    "wednesday": 8388609,
                    "thursday": 8388609,
                    "friday": 8388609,
                    "saturday": 16777215,
                    "sunday": 16777215
                },
                "always_work_masks": {
                    "monday": 0,
                    "tuesday": 0,
                    "wednesday": 0,
                    "thursday": 0,
                    "friday": 0,
                    "saturday": 0,
                    "sunday": 0
                }
            }
        },
        {
            "id": "AML Investigator-000001timetable",
            "constraints": {
                "global_constraints": {
                    "max_weekly_cap": 40.0,
                    "max_daily_cap": 8.0,
                    "max_consecutive_cap": 8.0,
                    "max_shifts_day": 24,
                    "max_shifts_week": 40.0,
                    "is_human": true
                },
                "daily_start_times": {
                    "monday": "09:00:00",
                    "tuesday": "09:00:00",
                    "wednesday": "09:00:00",
                    "thursday": "09:00:00",
                    "friday": "09:00:00",
                    "saturday": null,
                    "sunday": null
                },
                "never_work_masks": {
                    "monday": 8388609,
                    "tuesday": 8388609,
                    "wednesday": 8388609,
                    "thursday": 8388609,
                    "friday": 8388609,
                    "saturday": 16777215,
                    "sunday": 16777215
                },
                "always_work_masks": {
                    "monday": 0,
                    "tuesday": 0,
                    "wednesday": 0,
                    "thursday": 0,
                    "friday": 0,
                    "saturday": 0,
                    "sunday": 0
                }
            }
        },
        {
            "id": "AML Investigator-000002timetable",
            "constraints": {
                "global_constraints": {
                    "max_weekly_cap": 40.0,
                    "max_daily_cap": 8.0,
                    "max_consecutive_cap": 8.0,
                    "max_shifts_day": 24,
                    "max_shifts_week": 40.0,
                    "is_human": true
                },
                "daily_start_times": {
                    "monday": "09:00:00",
                    "tuesday": "09:00:00",
                    "wednesday": "09:00:00",
                    "thursday": "09:00:00",
                    "friday": "09:00:00",
                    "saturday": null,
                    "sunday": null
                },
                "never_work_masks": {
                    "monday": 8388609,
                    "tuesday": 8388609,
                    "wednesday": 8388609,
                    "thursday": 8388609,
                    "friday": 8388609,
                    "saturday": 16777215,
                    "sunday": 16777215
                },
                "always_work_masks": {
                    "monday": 0,
                    "tuesday": 0,
                    "wednesday": 0,
                    "thursday": 0,
                    "friday": 0,
                    "saturday": 0,
                    "sunday": 0
                }
            }
        },
        {
            "id": "Appraiser-000002timetable",
            "constraints": {
                "global_constraints": {
                    "max_weekly_cap": 40.0,
                    "max_daily_cap": 8.0,
                    "max_consecutive_cap": 8.0,
                    "max_shifts_day": 24,
                    "max_shifts_week": 40.0,
                    "is_human": true
                },
                "daily_start_times": {
                    "monday": "09:00:00",
                    "tuesday": "09:00:00",
                    "wednesday": "09:00:00",
                    "thursday": "09:00:00",
                    "friday": "09:00:00",
                    "saturday": null,
                    "sunday": null
                },
                "never_work_masks": {
                    "monday": 8388609,
                    "tuesday": 8388609,
                    "wednesday": 8388609,
                    "thursday": 8388609,
                    "friday": 8388609,
                    "saturday": 16777215,
                    "sunday": 16777215
                },
                "always_work_masks": {
                    "monday": 0,
                    "tuesday": 0,
                    "wednesday": 0,
                    "thursday": 0,
                    "friday": 0,
                    "saturday": 0,
                    "sunday": 0
                }
            }
        },
        {
            "id": "Appraiser-000001timetable",
            "constraints": {
                "global_constraints": {
                    "max_weekly_cap": 40.0,
                    "max_daily_cap": 8.0,
                    "max_consecutive_cap": 8.0,
                    "max_shifts_day": 24,
                    "max_shifts_week": 40.0,
                    "is_human": true
                },
                "daily_start_times": {
                    "monday": "09:00:00",
                    "tuesday": "09:00:00",
                    "wednesday": "09:00:00",
                    "thursday": "09:00:00",
                    "friday": "09:00:00",
                    "saturday": null,
                    "sunday": null
                },
                "never_work_masks": {
                    "monday": 8388609,
                    "tuesday": 8388609,
                    "wednesday": 8388609,
                    "thursday": 8388609,
                    "friday": 8388609,
                    "saturday": 16777215,
                    "sunday": 16777215
                },
                "always_work_masks": {
                    "monday": 0,
                    "tuesday": 0,
                    "wednesday": 0,
                    "thursday": 0,
                    "friday": 0,
                    "saturday": 0,
                    "sunday": 0
                }
            }
        },
        {
            "id": "Loan Officer-000005timetable",
            "constraints": {
                "global_constraints": {
                    "max_weekly_cap": 40.0,
                    "max_daily_cap": 8.0,
                    "max_consecutive_cap": 8.0,
                    "max_shifts_day": 24,
                    "max_shifts_week": 40.0,
                    "is_human": true
                },
                "daily_start_times": {
                    "monday": "09:00:00",
                    "tuesday": "09:00:00",
                    "wednesday": "09:00:00",
                    "thursday": "09:00:00",
                    "friday": "09:00:00",
                    "saturday": null,
                    "sunday": null
                },
                "never_work_masks": {
                    "monday": 8388609,
                    "tuesday": 8388609,
                    "wednesday": 8388609,
                    "thursday": 8388609,
                    "friday": 8388609,
                    "saturday": 16777215,
                    "sunday": 16777215
                },
                "always_work_masks": {
                    "monday": 0,
                    "tuesday": 0,
                    "wednesday": 0,
                    "thursday": 0,
                    "friday": 0,
                    "saturday": 0,
                    "sunday": 0
                }
            }
        },
        {
            "id": "Loan Officer-000001timetable",
            "constraints": {
                "global_constraints": {
                    "max_weekly_cap": 40.0,
                    "max_daily_cap": 8.0,
                    "max_consecutive_cap": 8.0,
                    "max_shifts_day": 24,
                    "max_shifts_week": 40.0,
                    "is_human": true
                },
                "daily_start_times": {
                    "monday": "09:00:00",
                    "tuesday": "09:00:00",
                    "wednesday": "09:00:00",
                    "thursday": "09:00:00",
                    "friday": "09:00:00",
                    "saturday": null,
                    "sunday": null
                },
                "never_work_masks": {
                    "monday": 8388609,
                    "tuesday": 8388609,
                    "wednesday": 8388609,
                    "thursday": 8388609,
                    "friday": 8388609,
                    "saturday": 16777215,
                    "sunday": 16777215
                },
                "always_work_masks": {
                    "monday": 0,
                    "tuesday": 0,
                    "wednesday": 0,
                    "thursday": 0,
                    "friday": 0,
                    "saturday": 0,
                    "sunday": 0
                }
            }
        },
        {
            "id": "Loan Officer-000003timetable",
            "constraints": {
                "global_constraints": {
                    "max_weekly_cap": 40.0,
                    "max_daily_cap": 8.0,
                    "max_consecutive_cap": 8.0,
                    "max_shifts_day": 24,
                    "max_shifts_week": 40.0,
                    "is_human": true
                },
                "daily_start_times": {
                    "monday": "09:00:00",
                    "tuesday": "09:00:00",
                    "wednesday": "09:00:00",
                    "thursday": "09:00:00",
                    "friday": "09:00:00",
                    "saturday": null,
                    "sunday": null
                },
                "never_work_masks": {
                    "monday": 8388609,
                    "tuesday": 8388609,
                    "wednesday": 8388609,
                    "thursday": 8388609,
                    "friday": 8388609,
                    "saturday": 16777215,
                    "sunday": 16777215
                },
                "always_work_masks": {
                    "monday": 0,
                    "tuesday": 0,
                    "wednesday": 0,
                    "thursday": 0,
                    "friday": 0,
                    "saturday": 0,
                    "sunday": 0
                }
            }
        },
        {
            "id": "Loan Officer-000002timetable",
            "constraints": {
                "global_constraints": {
                    "max_weekly_cap": 40.0,
                    "max_daily_cap": 8.0,
                    "max_consecutive_cap": 8.0,
                    "max_shifts_day": 24,
                    "max_shifts_week": 40.0,
                    "is_human": true
                },
                "daily_start_times": {
                    "monday": "09:00:00",
                    "tuesday": "09:00:00",
                    "wednesday": "09:00:00",
                    "thursday": "09:00:00",
                    "friday": "09:00:00",
                    "saturday": null,
                    "sunday": null
                },
                "never_work_masks": {
                    "monday": 8388609,
                    "tuesday": 8388609,
                    "wednesday": 8388609,
                    "thursday": 8388609,
                    "friday": 8388609,
                    "saturday": 16777215,
                    "sunday": 16777215
                },
                "always_work_masks": {
                    "monday": 0,
                    "tuesday": 0,
                    "wednesday": 0,
                    "thursday": 0,
                    "friday": 0,
                    "saturday": 0,
                    "sunday": 0
                }
            }
        },
        {
            "id": "Loan Officer-000004timetable",
            "constraints": {
                "global_constraints": {
                    "max_weekly_cap": 40.0,
                    "max_daily_cap": 8.0,
                    "max_consecutive_cap": 8.0,
                    "max_shifts_day": 24,
                    "max_shifts_week": 40.0,
                    "is_human": true
                },
                "daily_start_times": {
                    "monday": "09:00:00",
                    "tuesday": "09:00:00",
                    "wednesday": "09:00:00",
                    "thursday": "09:00:00",
                    "friday": "09:00:00",
                    "saturday": null,
                    "sunday": null
                },
                "never_work_masks": {
                    "monday": 8388609,
                    "tuesday": 8388609,
                    "wednesday": 8388609,
                    "thursday": 8388609,
                    "friday": 8388609,
                    "saturday": 16777215,
                    "sunday": 16777215
                },
                "always_work_masks": {
                    "monday": 0,
                    "tuesday": 0,
                    "wednesday": 0,
                    "thursday": 0,
                    "friday": 0,
                    "saturday": 0,
                    "sunday": 0
                }
            }
        },
        {
            "id": "Senior Officer-000002timetable",
            "constraints": {
                "global_constraints": {
                    "max_weekly_cap": 40.0,
                    "max_daily_cap": 8.0,
                    "max_consecutive_cap": 8.0,
                    "max_shifts_day": 24,
                    "max_shifts_week": 40.0,
                    "is_human": true
                },
                "daily_start_times": {
                    "monday": "09:00:00",
                    "tuesday": "09:00:00",
                    "wednesday": "09:00:00",
                    "thursday": "09:00:00",
                    "friday": "09:00:00",
                    "saturday": null,
                    "sunday": null
                },
                "never_work_masks": {
                    "monday": 8388609,
                    "tuesday": 8388609,
                    "wednesday": 8388609,
                    "thursday": 8388609,
                    "friday": 8388609,
                    "saturday": 16777215,
                    "sunday": 16777215
                },
                "always_work_masks": {
                    "monday": 0,
                    "tuesday": 0,
                    "wednesday": 0,
                    "thursday": 0,
                    "friday": 0,
                    "saturday": 0,
                    "sunday": 0
                }
            }
        },
        {
            "id": "Senior Officer-000001timetable",
            "constraints": {
                "global_constraints": {
                    "max_weekly_cap": 40.0,
                    "max_daily_cap": 8.0,
                    "max_consecutive_cap": 8.0,
                    "max_shifts_day": 24,
                    "max_shifts_week": 40.0,
                    "is_human": true
                },
                "daily_start_times": {
                    "monday": "09:00:00",
                    "tuesday": "09:00:00",
                    "wednesday": "09:00:00",
                    "thursday": "09:00:00",
                    "friday": "09:00:00",
                    "saturday": null,
                    "sunday": null
                },
                "never_work_masks": {
                    "monday": 8388609,
                    "tuesday": 8388609,
                    "wednesday": 8388609,
                    "thursday": 8388609,
                    "friday": 8388609,
                    "saturday": 16777215,
                    "sunday": 16777215
                },
                "always_work_masks": {
                    "monday": 0,
                    "tuesday": 0,
                    "wednesday": 0,
                    "thursday": 0,
                    "friday": 0,
                    "saturday": 0,
                    "sunday": 0
                }
            }
        },
        {
            "id": "AML Investigator-000001_COPY5cb9ecdea2timetable",
            "constraints": {
                "global_constraints": {
                    "max_weekly_cap": 40.0,
                    "max_daily_cap": 8.0,
                    "max_consecutive_cap": 8.0,
                    "max_shifts_day": 24,
                    "max_shifts_week": 40.0,
                    "is_human": true
                },
                "daily_start_times": {
                    "monday": "09:00:00",
                    "tuesday": "09:00:00",
                    "wednesday": "09:00:00",
                    "thursday": "09:00:00",
                    "friday": "09:00:00",
                    "saturday": null,
                    "sunday": null
                },
                "never_work_masks": {
                    "monday": 8388609,
                    "tuesday": 8388609,
                    "wednesday": 8388609,
                    "thursday": 8388609,
                    "friday": 8388609,
                    "saturday": 16777215,
                    "sunday": 16777215
                },
                "always_work_masks": {
                    "monday": 0,
                    "tuesday": 0,
                    "wednesday": 0,
                    "thursday": 0,
                    "friday": 0,
                    "saturday": 0,
                    "sunday": 0
                }
            }
        }
    ]
}