{
    "resource_profiles": [
        {
            "id": "node_2928450d-9787-4670-a0f5-e941198d23d8",
            "name": "W_Afhandelen leads",
            "resource_list": [
                {
                    "id": "Joint_W_Afhandelen leads_0",
                    "name": "Joint_W_Afhandelen leads_0",
                    "cost_per_hour": 1,
                    "amount": 1,
                    "calendar": "Joint_W_Afhandelen leads_0timetable",
                    "assigned_tasks": [
                        "node_2928450d-9787-4670-a0f5-e941198d23d8"
                    ]
                }
            ]
        },
        {
            "id": "node_70267400-3b59-4eb2-a90a-ba042c297a06",
            "name": "W_Nabellen offertes",
            "resource_list": [
                {
                    "id": "Joint_W_Nabellen offertes_0",
                    "name": "Joint_W_Nabellen offertes_0",
                    "cost_per_hour": 1,
                    "amount": 1,
                    "calendar": "Joint_W_Nabellen offertes_0timetable",
                    "assigned_tasks": [
                        "node_70267400-3b59-4eb2-a90a-ba042c297a06"
                    ]
                }
            ]
        },
        {
            "id": "node_fdc70cfa-39d2-4a04-80af-c4d73f0eff16",
            "name": "W_Nabellen incomplete dossiers",
            "resource_list": [
                {
                    "id": "Joint_W_Nabellen incomplete dossiers_0",
                    "name": "Joint_W_Nabellen incomplete dossiers_0",
                    "cost_per_hour": 1,
                    "amount": 1,
                    "calendar": "Joint_W_Nabellen incomplete dossiers_0timetable",
                    "assigned_tasks": [
                        "node_fdc70cfa-39d2-4a04-80af-c4d73f0eff16"
                    ]
                }
            ]
        },
        {
            "id": "node_64e5dfb9-b7b7-4230-a983-c6bffdf27881",
            "name": "W_Beoordelen fraude",
            "resource_list": [
                {
                    "id": "Joint_W_Beoordelen fraude_0",
                    "name": "Joint_W_Beoordelen fraude_0",
                    "cost_per_hour": 1,
                    "amount": 1,
                    "calendar": "Joint_W_Beoordelen fraude_0timetable",
                    "assigned_tasks": [
                        "node_64e5dfb9-b7b7-4230-a983-c6bffdf27881"
                    ]
                }
            ]
        },
        {
            "id": "node_0645c73c-7cae-42f5-aa10-b067e41bb07e",
            "name": "W_Valideren aanvraag",
            "resource_list": [
                {
                    "id": "Joint_W_Valideren aanvraag_0",
                    "name": "Joint_W_Valideren aanvraag_0",
                    "cost_per_hour": 1,
                    "amount": 1,
                    "calendar": "Joint_W_Valideren aanvraag_0timetable",
                    "assigned_tasks": [
                        "node_0645c73c-7cae-42f5-aa10-b067e41bb07e"
                    ]
                },
                {
                    "id": "Joint_W_Valideren aanvraag_0_COPY97056bf46f",
                    "name": "Joint_W_Valideren aanvraag_0_COPY97056bf46f",
                    "cost_per_hour": 1,
                    "amount": 1,
                    "calendar": "Joint_W_Valideren aanvraag_0_COPY97056bf46ftimetable",
                    "assigned_tasks": [
                        "node_0645c73c-7cae-42f5-aa10-b067e41bb07e"
                    ]
                }
            ]
        },
        {
            "id": "node_9812d565-389e-4f26-930c-e52790469964",
            "name": "W_Completeren aanvraag",
            "resource_list": [
                {
                    "id": "Joint_W_Completeren aanvraag_0",
                    "name": "Joint_W_Completeren aanvraag_0",
                    "cost_per_hour": 1,
                    "amount": 1,
                    "calendar": "Joint_W_Completeren aanvraag_0timetable",
                    "assigned_tasks": [
                        "node_9812d565-389e-4f26-930c-e52790469964"
                    ]
                },
                {
                    "id": "Joint_W_Completeren aanvraag_0_COPYc3e731f404",
                    "name": "Joint_W_Completeren aanvraag_0_COPYc3e731f404",
                    "cost_per_hour": 1,
                    "amount": 1,
                    "calendar": "Joint_W_Completeren aanvraag_0_COPYc3e731f404timetable",
                    "assigned_tasks": [
                        "node_9812d565-389e-4f26-930c-e52790469964"
                    ]
                }
            ]
        }
    ],
    "arrival_time_distribution": {
        "distribution_name": "lognorm",
        "distribution_params": [
            {
                "value": 1.4479238193691986
            },
            {
                "value": -3.7084661144129436
            },
            {
                "value": 269.1850013319502
            },
            {
                "value": 0.006000000000312866
            },
            {
                "value": 21306.225
            }
        ]
    },
    "arrival_time_calendar": [
        {
            "from": "MONDAY",
            "to": "MONDAY",
            "beginTime": "09:00:00",
            "endTime": "22:00:00"
        },
        {
            "from": "TUESDAY",
            "to": "TUESDAY",
            "beginTime": "09:00:00",
            "endTime": "22:00:00"
        },
        {
            "from": "WEDNESDAY",
            "to": "WEDNESDAY",
            "beginTime": "09:00:00",
            "endTime": "22:00:00"
        },
        {
            "from": "THURSDAY",
            "to": "THURSDAY",
            "beginTime": "09:00:00",
            "endTime": "23:00:00"
        },
        {
            "from": "FRIDAY",
            "to": "FRIDAY",
            "beginTime": "08:00:00",
            "endTime": "22:00:00"
        },
        {
            "from": "SATURDAY",
            "to": "SATURDAY",
            "beginTime": "11:00:00",
            "endTime": "19:00:00"
        },
        {
            "from": "SUNDAY",
            "to": "SUNDAY",
            "beginTime": "11:00:00",
            "endTime": "12:00:00"
        },
        {
            "from": "SUNDAY",
            "to": "SUNDAY",
            "beginTime": "22:00:00",
            "endTime": "23:00:00"
        }
    ],
    "gateway_branching_probabilities": [
        {
            "gateway_id": "node_02cc0638-a8dc-43d9-b175-efbce5d4153f",
            "probabilities": [
                {
                    "path_id": "node_5c63e4af-ad9a-4d31-97a3-1baf5c56a20b",
                    "value": 0.5141856392294221
                },
                {
                    "path_id": "node_8c42619d-4b29-48c4-816b-40f08c0fb802",
                    "value": 0.48581436077057794
                }
            ]
        },
        {
            "gateway_id": "node_008cd951-cece-4cba-a116-452a81fe081d",
            "probabilities": [
                {
                    "path_id": "node_0ee4e08b-dc60-42d3-a294-88ce95edf903",
                    "value": 0.6324870737233487
                },
                {
                    "path_id": "node_be2fbf55-3c09-4957-9b79-b07ca10d76be",
                    "value": 0.2567826642653808
                },
                {
                    "path_id": "node_9472d7fe-de6e-42e7-9c95-5c7164456d57",
                    "value": 0.11073026201127055
                }
            ]
        },
        {
            "gateway_id": "node_19d2d442-79ea-408a-85b0-6e49412436f9",
            "probabilities": [
                {
                    "path_id": "node_dab470cd-d991-4bd3-91b0-f90aee3fc5f3",
                    "value": 0.8068010299209802
                },
                {
                    "path_id": "node_77c1b454-a785-46ea-9d50-ee2af19acec1",
                    "value": 0.04004261741987037
                },
                {
                    "path_id": "Flow_106er2d",
                    "value": 0.15315635265914943
                }
            ]
        },
        {
            "gateway_id": "node_c376cd79-6e34-4a40-b1bd-ed23547c9d82",
            "probabilities": [
                {
                    "path_id": "node_9c73a9b5-3b6c-498e-80b6-df6e4d3a1934",
                    "value": 0.19296316657504123
                },
                {
                    "path_id": "node_620cd7fb-d645-4fb2-a2da-49b747e56b5a",
                    "value": 0.41029869891881987
                },
                {
                    "path_id": "node_721b4986-67fb-4932-9e9e-64b6c320f38f",
                    "value": 0.39673813450613893
                }
            ]
        },
        {
            "gateway_id": "node_69ad1851-dcff-4450-8c2a-57b796cb1eb1",
            "probabilities": [
                {
                    "path_id": "node_dd998880-5d39-4080-bf33-4f50c35505f1",
                    "value": 0.3735185421180069
                },
                {
                    "path_id": "node_891c5267-87fb-453f-be64-21bd7191d0b0",
                    "value": 0.2773034280616796
                },
                {
                    "path_id": "node_2eea862c-4ce7-4b10-904f-a9d7f875767b",
                    "value": 0.3491780298203135
                }
            ]
        },
        {
            "gateway_id": "node_d414da11-8487-4b08-af16-0bbd8e1faadf",
            "probabilities": [
                {
                    "path_id": "node_5a46be7e-9793-460e-a2e3-cb6ee5f675d3",
                    "value": 0.7439907326962062
                },
                {
                    "path_id": "node_774dbe10-b6f9-4d1d-9fb0-d1f84d82bb3a",
                    "value": 0.18482479003764843
                },
                {
                    "path_id": "node_623e60c1-0c50-4180-b3bf-0cc048dea241",
                    "value": 0.07118447726614538
                }
            ]
        },
        {
            "gateway_id": "node_49362300-6952-453a-9629-e4df331faae1",
            "probabilities": [
                {
                    "path_id": "node_8815443d-9be6-499d-b5fb-f520786aec5b",
                    "value": 0.6666666666666666
                },
                {
                    "path_id": "node_5bab301b-9694-43ba-a598-6a53f0ad1f18",
                    "value": 0.3333333333333333
                }
            ]
        },
        {
            "gateway_id": "node_fbbcc246-0445-40d2-894b-040a4af771d1",
            "probabilities": [
                {
                    "path_id": "node_5acf2d0f-c24f-4dca-b839-50e6c8675daa",
                    "value": 0.9767785998861696
                },
                {
                    "path_id": "node_c705a929-283b-4bcd-9640-7a693a208a2c",
                    "value": 0.023221400113830393
                }
            ]
        }
    ],
    "task_resource_distribution": [
        {
            "task_id": "node_2928450d-9787-4670-a0f5-e941198d23d8",
            "resources": [
                {
                    "resource_id": "Joint_W_Afhandelen leads_0",
                    "distribution_name": "exponnorm",
                    "distribution_params": [
                        {
                            "value": 18.40619162125335
                        },
                        {
                            "value": 7.7050314204787504
                        },
                        {
                            "value": 8.397106068118294
                        },
                        {
                            "value": 0
                        },
                        {
                            "value": 4759.186
                        }
                    ]
                }
            ]
        },
        {
            "task_id": "node_70267400-3b59-4eb2-a90a-ba042c297a06",
            "resources": [
                {
                    "resource_id": "Joint_W_Nabellen offertes_0",
                    "distribution_name": "exponnorm",
                    "distribution_params": [
                        {
                            "value": 37.496520945656926
                        },
                        {
                            "value": 4.6771334723218345
                        },
                        {
                            "value": 2.985286382824178
                        },
                        {
                            "value": 0
                        },
                        {
                            "value": 3731.5339999999997
                        }
                    ]
                }
            ]
        },
        {
            "task_id": "node_fdc70cfa-39d2-4a04-80af-c4d73f0eff16",
            "resources": [
                {
                    "resource_id": "Joint_W_Nabellen incomplete dossiers_0",
                    "distribution_name": "lognorm",
                    "distribution_params": [
                        {
                            "value": 1.493611117981449
                        },
                        {
                            "value": -0.9550173802323949
                        },
                        {
                            "value": 83.58841745962329
                        },
                        {
                            "value": 0
                        },
                        {
                            "value": 5716.622000000003
                        }
                    ]
                }
            ]
        },
        {
            "task_id": "node_64e5dfb9-b7b7-4230-a983-c6bffdf27881",
            "resources": [
                {
                    "resource_id": "Joint_W_Beoordelen fraude_0",
                    "distribution_name": "exponnorm",
                    "distribution_params": [
                        {
                            "value": 3361.326255543958
                        },
                        {
                            "value": 0.2707946508366925
                        },
                        {
                            "value": 0.1720113500453344
                        },
                        {
                            "value": 0.761
                        },
                        {
                            "value": 26017.228
                        }
                    ]
                }
            ]
        },
        {
            "task_id": "node_0645c73c-7cae-42f5-aa10-b067e41bb07e",
            "resources": [
                {
                    "resource_id": "Joint_W_Valideren aanvraag_0",
                    "distribution_name": "expon",
                    "distribution_params": [
                        {
                            "value": 0
                        },
                        {
                            "value": 540.4082247812069
                        },
                        {
                            "value": 0
                        },
                        {
                            "value": 59725.113000000005
                        }
                    ]
                },
                {
                    "resource_id": "Joint_W_Valideren aanvraag_0_COPY97056bf46f",
                    "distribution_name": "expon",
                    "distribution_params": [
                        {
                            "value": 0
                        },
                        {
                            "value": 540.4082247812069
                        },
                        {
                            "value": 0
                        },
                        {
                            "value": 59725.113000000005
                        }
                    ]
                }
            ]
        },
        {
            "task_id": "node_9812d565-389e-4f26-930c-e52790469964",
            "resources": [
                {
                    "resource_id": "Joint_W_Completeren aanvraag_0",
                    "distribution_name": "exponnorm",
                    "distribution_params": [
                        {
                            "value": 150.84609941281286
                        },
                        {
                            "value": 2.992758346898177
                        },
                        {
                            "value": 1.4601997726985707
                        },
                        {
                            "value": 0
                        },
                        {
                            "value": 12523.948
                        }
                    ]
                },
                {
                    "resource_id": "Joint_W_Completeren aanvraag_0_COPYc3e731f404",
                    "distribution_name": "exponnorm",
                    "distribution_params": [
                        {
                            "value": 150.84609941281286
                        },
                        {
                            "value": 2.992758346898177
                        },
                        {
                            "value": 1.4601997726985707
                        },
                        {
                            "value": 0
                        },
                        {
                            "value": 12523.948
                        }
                    ]
                }
            ]
        }
    ],
    "event_distribution": {},
    "resource_calendars": [
        {
            "id": "Joint_W_Completeren aanvraag_0timetable",
            "name": "Joint_W_Completeren aanvraag_0timetable",
            "time_periods": [
                {
                    "from": "MONDAY",
                    "to": "MONDAY",
                    "beginTime": "10:00:00",
                    "endTime": "23:00:00"
                },
                {
                    "from": "TUESDAY",
                    "to": "TUESDAY",
                    "beginTime": "09:00:00",
                    "endTime": "22:00:00"
                },
                {
                    "from": "WEDNESDAY",
                    "to": "WEDNESDAY",
                    "beginTime": "09:00:00",
                    "endTime": "23:00:00"
                },
                {
                    "from": "THURSDAY",
                    "to": "THURSDAY",
                    "beginTime": "09:00:00",
                    "endTime": "23:00:00"
                },
                {
                    "from": "FRIDAY",
                    "to": "FRIDAY",
                    "beginTime": "10:00:00",
                    "endTime": "23:00:00"
                },
                {
                    "from": "SATURDAY",
                    "to": "SATURDAY",
                    "beginTime": "11:00:00",
                    "endTime": "19:00:00"
                },
                {
                    "from": "SUNDAY",
                    "to": "SUNDAY",
                    "beginTime": "11:00:00",
                    "endTime": "12:00:00"
                },
                {
                    "from": "SUNDAY",
                    "to": "SUNDAY",
                    "beginTime": "22:00:00",
                    "endTime": "23:00:00"
                }
            ]
        },
        {
            "id": "Joint_W_Afhandelen leads_0timetable",
            "name": "Joint_W_Afhandelen leads_0timetable",
            "time_periods": [
                {
                    "from": "MONDAY",
                    "to": "MONDAY",
                    "beginTime": "09:00:00",
                    "endTime": "22:00:00"
                },
                {
                    "from": "TUESDAY",
                    "to": "TUESDAY",
                    "beginTime": "09:00:00",
                    "endTime": "22:00:00"
                },
                {
                    "from": "WEDNESDAY",
                    "to": "WEDNESDAY",
                    "beginTime": "10:00:00",
                    "endTime": "23:00:00"
                },
                {
                    "from": "THURSDAY",
                    "to": "THURSDAY",
                    "beginTime": "09:00:00",
                    "endTime": "22:00:00"
                },
                {
                    "from": "FRIDAY",
                    "to": "FRIDAY",
                    "beginTime": "09:00:00",
                    "endTime": "22:00:00"
                },
                {
                    "from": "SATURDAY",
                    "to": "SATURDAY",
                    "beginTime": "11:00:00",
                    "endTime": "19:00:00"
                }
            ]
        },
        {
            "id": "Joint_W_Nabellen offertes_0timetable",
            "name": "Joint_W_Nabellen offertes_0timetable",
            "time_periods": [
                {
                    "from": "MONDAY",
                    "to": "MONDAY",
                    "beginTime": "10:00:00",
                    "endTime": "23:00:00"
                },
                {
                    "from": "TUESDAY",
                    "to": "TUESDAY",
                    "beginTime": "09:00:00",
                    "endTime": "23:00:00"
                },
                {
                    "from": "WEDNESDAY",
                    "to": "WEDNESDAY",
                    "beginTime": "09:00:00",
                    "endTime": "23:00:00"
                },
                {
                    "from": "THURSDAY",
                    "to": "THURSDAY",
                    "beginTime": "09:00:00",
                    "endTime": "23:00:00"
                },
                {
                    "from": "FRIDAY",
                    "to": "FRIDAY",
                    "beginTime": "09:00:00",
                    "endTime": "23:00:00"
                },
                {
                    "from": "SATURDAY",
                    "to": "SATURDAY",
                    "beginTime": "11:00:00",
                    "endTime": "18:00:00"
                },
                {
                    "from": "SUNDAY",
                    "to": "SUNDAY",
                    "beginTime": "11:00:00",
                    "endTime": "12:00:00"
                }
            ]
        },
        {
            "id": "Joint_W_Valideren aanvraag_0timetable",
            "name": "Joint_W_Valideren aanvraag_0timetable",
            "time_periods": [
                {
                    "from": "MONDAY",
                    "to": "MONDAY",
                    "beginTime": "08:00:00",
                    "endTime": "22:00:00"
                },
                {
                    "from": "TUESDAY",
                    "to": "TUESDAY",
                    "beginTime": "08:00:00",
                    "endTime": "22:00:00"
                },
                {
                    "from": "WEDNESDAY",
                    "to": "WEDNESDAY",
                    "beginTime": "08:00:00",
                    "endTime": "22:00:00"
                },
                {
                    "from": "THURSDAY",
                    "to": "THURSDAY",
                    "beginTime": "08:00:00",
                    "endTime": "22:00:00"
                },
                {
                    "from": "FRIDAY",
                    "to": "FRIDAY",
                    "beginTime": "08:00:00",
                    "endTime": "22:00:00"
                },
                {
                    "from": "SATURDAY",
                    "to": "SATURDAY",
                    "beginTime": "10:00:00",
                    "endTime": "18:00:00"
                },
                {
                    "from": "SUNDAY",
                    "to": "SUNDAY",
                    "beginTime": "08:00:00",
                    "endTime": "09:00:00"
                },
                {
                    "from": "SUNDAY",
                    "to": "SUNDAY",
                    "beginTime": "12:00:00",
                    "endTime": "15:00:00"
                }
            ]
        },
        {
            "id": "Joint_W_Nabellen incomplete dossiers_0timetable",
            "name": "Joint_W_Nabellen incomplete dossiers_0timetable",
            "time_periods": [
                {
                    "from": "MONDAY",
                    "to": "MONDAY",
                    "beginTime": "08:00:00",
                    "endTime": "23:00:00"
                },
                {
                    "from": "TUESDAY",
                    "to": "TUESDAY",
                    "beginTime": "08:00:00",
                    "endTime": "23:00:00"
                },
                {
                    "from": "WEDNESDAY",
                    "to": "WEDNESDAY",
                    "beginTime": "08:00:00",
                    "endTime": "23:00:00"
                },
                {
                    "from": "THURSDAY",
                    "to": "THURSDAY",
                    "beginTime": "08:00:00",
                    "endTime": "23:00:00"
                },
                {
                    "from": "FRIDAY",
                    "to": "FRIDAY",
                    "beginTime": "08:00:00",
                    "endTime": "23:00:00"
                },
                {
                    "from": "SATURDAY",
                    "to": "SATURDAY",
                    "beginTime": "11:00:00",
                    "endTime": "19:00:00"
                },
                {
                    "from": "SUNDAY",
                    "to": "SUNDAY",
                    "beginTime": "13:00:00",
                    "endTime": "15:00:00"
                }
            ]
        },
        {
            "id": "Joint_W_Beoordelen fraude_0timetable",
            "name": "Joint_W_Beoordelen fraude_0timetable",
            "time_periods": [
                {
                    "from": "MONDAY",
                    "to": "MONDAY",
                    "beginTime": "09:00:00",
                    "endTime": "10:00:00"
                },
                {
                    "from": "MONDAY",
                    "to": "MONDAY",
                    "beginTime": "12:00:00",
                    "endTime": "14:00:00"
                },
                {
                    "from": "MONDAY",
                    "to": "MONDAY",
                    "beginTime": "16:00:00",
                    "endTime": "18:00:00"
                },
                {
                    "from": "TUESDAY",
                    "to": "TUESDAY",
                    "beginTime": "09:00:00",
                    "endTime": "17:00:00"
                },
                {
                    "from": "WEDNESDAY",
                    "to": "WEDNESDAY",
                    "beginTime": "07:00:00",
                    "endTime": "08:00:00"
                },
                {
                    "from": "WEDNESDAY",
                    "to": "WEDNESDAY",
                    "beginTime": "09:00:00",
                    "endTime": "10:00:00"
                },
                {
                    "from": "WEDNESDAY",
                    "to": "WEDNESDAY",
                    "beginTime": "14:00:00",
                    "endTime": "16:00:00"
                },
                {
                    "from": "THURSDAY",
                    "to": "THURSDAY",
                    "beginTime": "09:00:00",
                    "endTime": "14:00:00"
                },
                {
                    "from": "THURSDAY",
                    "to": "THURSDAY",
                    "beginTime": "15:00:00",
                    "endTime": "17:00:00"
                },
                {
                    "from": "THURSDAY",
                    "to": "THURSDAY",
                    "beginTime": "21:00:00",
                    "endTime": "22:00:00"
                },
                {
                    "from": "FRIDAY",
                    "to": "FRIDAY",
                    "beginTime": "07:00:00",
                    "endTime": "08:00:00"
                },
                {
                    "from": "FRIDAY",
                    "to": "FRIDAY",
                    "beginTime": "09:00:00",
                    "endTime": "11:00:00"
                },
                {
                    "from": "FRIDAY",
                    "to": "FRIDAY",
                    "beginTime": "12:00:00",
                    "endTime": "13:00:00"
                },
                {
                    "from": "FRIDAY",
                    "to": "FRIDAY",
                    "beginTime": "15:00:00",
                    "endTime": "18:00:00"
                }
            ]
        },
        {
            "id": "Joint_W_Valideren aanvraag_0_COPY97056bf46ftimetable",
            "name": "Joint_W_Valideren aanvraag_0_COPY97056bf46ftimetable",
            "time_periods": [
                {
                    "from": "MONDAY",
                    "to": "MONDAY",
                    "beginTime": "08:00:00",
                    "endTime": "22:00:00"
                },
                {
                    "from": "TUESDAY",
                    "to": "TUESDAY",
                    "beginTime": "08:00:00",
                    "endTime": "22:00:00"
                },
                {
                    "from": "WEDNESDAY",
                    "to": "WEDNESDAY",
                    "beginTime": "08:00:00",
                    "endTime": "22:00:00"
                },
                {
                    "from": "THURSDAY",
                    "to": "THURSDAY",
                    "beginTime": "08:00:00",
                    "endTime": "22:00:00"
                },
                {
                    "from": "FRIDAY",
                    "to": "FRIDAY",
                    "beginTime": "08:00:00",
                    "endTime": "22:00:00"
                },
                {
                    "from": "SATURDAY",
                    "to": "SATURDAY",
                    "beginTime": "10:00:00",
                    "endTime": "18:00:00"
                },
                {
                    "from": "SUNDAY",
                    "to": "SUNDAY",
                    "beginTime": "08:00:00",
                    "endTime": "09:00:00"
                },
                {
                    "from": "SUNDAY",
                    "to": "SUNDAY",
                    "beginTime": "12:00:00",
                    "endTime": "15:00:00"
                }
            ]
        },
        {
            "id": "Joint_W_Completeren aanvraag_0_COPYc3e731f404timetable",
            "name": "Joint_W_Completeren aanvraag_0_COPYc3e731f404timetable",
            "time_periods": [
                {
                    "from": "MONDAY",
                    "to": "MONDAY",
                    "beginTime": "10:00:00",
                    "endTime": "23:00:00"
                },
                {
                    "from": "TUESDAY",
                    "to": "TUESDAY",
                    "beginTime": "09:00:00",
                    "endTime": "22:00:00"
                },
                {
                    "from": "WEDNESDAY",
                    "to": "WEDNESDAY",
                    "beginTime": "09:00:00",
                    "endTime": "23:00:00"
                },
                {
                    "from": "THURSDAY",
                    "to": "THURSDAY",
                    "beginTime": "09:00:00",
                    "endTime": "23:00:00"
                },
                {
                    "from": "FRIDAY",
                    "to": "FRIDAY",
                    "beginTime": "10:00:00",
                    "endTime": "23:00:00"
                },
                {
                    "from": "SATURDAY",
                    "to": "SATURDAY",
                    "beginTime": "11:00:00",
                    "endTime": "19:00:00"
                },
                {
                    "from": "SUNDAY",
                    "to": "SUNDAY",
                    "beginTime": "11:00:00",
                    "endTime": "12:00:00"
                },
                {
                    "from": "SUNDAY",
                    "to": "SUNDAY",
                    "beginTime": "22:00:00",
                    "endTime": "23:00:00"
                }
            ]
        }
    ]
}