7_11_1_5_3,3646119.8260599314,0.2777777777777778,2022-09-22 14:52:45,2023-03-30 15:36:49,2.3974177837371826,231118.9656621702,256079.0,4536734.444444445,3599572.706058494
utilization
7_11_1_5_3,Clerk_1,0.4853771420788857
7_11_1_5_3,Credit_Officer_1,0.9962570540916205
7_11_1_5_3,Clerk_2,0.39669642258274324
7_11_1_5_3,Credit_Officer_2,0.8189742718386468
7_11_1_5_3,System,0.00021370111118687091
pool_time_cost
7_11_1_5_3,Clerk_1,19410.731755949044,793928.5277777778
7_11_1_5_3,Credit_Officer_1,3502319.393034752,2495203.9444444445
7_11_1_5_3,Clerk_2,18266.381315491133,113418.36111111111
7_11_1_5_3,Credit_Officer_2,59576.19995230164,1134183.6111111112
7_11_1_5_3,System,0.0,0.0

2_4_6_7_9,3378596.2522173845,0.20833333333333331,2022-09-22 14:53:08,2023-03-30 16:33:01,2.6699178218841553,182081.241873743,427724.0,3403248.5416666665,3321029.0668500047
utilization
2_4_6_7_9,Clerk_1,0.47735647072142096
2_4_6_7_9,Credit_Officer_1,0.9931225240919261
2_4_6_7_9,Clerk_2,0.38679062195178837
2_4_6_7_9,Credit_Officer_2,0.8337852132560856
2_4_6_7_9,System,0.00018359043611631168
pool_time_cost
2_4_6_7_9,Clerk_1,15246.99374131408,226883.2361111111
2_4_6_7_9,Credit_Officer_1,3240326.51485633,907532.9444444444
2_4_6_7_9,Clerk_2,13495.793619768046,680649.7083333333
2_4_6_7_9,Credit_Officer_2,51959.76463259221,1588182.6527777778
2_4_6_7_9,System,0.0,0.0

7_11_4_13_1,3308350.882730255,0.4097222222222222,2022-09-22 14:53:45,2023-03-29 15:48:31,2.433356761932373,150905.70466947276,93274.0,6656546.347222222,3256891.7344132946
utilization
7_11_4_13_1,Clerk_1,0.4765768889990335
7_11_4_13_1,Credit_Officer_1,0.9951497623155229
7_11_4_13_1,Clerk_2,0.4012565041963351
7_11_4_13_1,Credit_Officer_2,0.8360287619204897
7_11_4_13_1,System,0.00019970143215043685
pool_time_cost
7_11_4_13_1,Clerk_1,17577.226015712327,789759.7361111111
7_11_4_13_1,Credit_Officer_1,3150314.5518774604,2482102.027777778
7_11_4_13_1,Clerk_2,18201.6424158878,451291.27777777775
7_11_4_13_1,Credit_Officer_2,70798.31410423381,2933393.3055555555
7_11_4_13_1,System,0.0,0.0

10_7_9_3_4,3561666.686851355,0.27083333333333337,2022-09-22 14:54:09,2023-03-27 15:50:31,2.721541166305542,198404.8500451683,343916.0,4353315.958333333,3489472.0007778252
utilization
10_7_9_3_4,Clerk_1,0.48351753479218745
10_7_9_3_4,Credit_Officer_1,0.9906730473011283
10_7_9_3_4,Clerk_2,0.39744277080824947
10_7_9_3_4,Credit_Officer_2,0.851950771775325
10_7_9_3_4,System,0.00020796331809083931
pool_time_cost
10_7_9_3_4,Clerk_1,22018.454766718023,1116234.8611111112
10_7_9_3_4,Credit_Officer_1,3364136.8071500305,1562728.8055555555
10_7_9_3_4,Clerk_2,22653.21976923185,1004611.375
10_7_9_3_4,Credit_Officer_2,80663.51909184502,669740.9166666666
10_7_9_3_4,System,0.0,0.0

12_15_5_11_13,3363574.805311939,0.4791666666666667,2022-09-22 14:55:16,2023-03-27 14:45:05,2.5693459510803223,178804.89981986163,354765.0,7700107.229166667,3298458.993467236
utilization
12_15_5_11_13,Clerk_1,0.4757330382824918
12_15_5_11_13,Credit_Officer_1,0.9914043425861747
12_15_5_11_13,Clerk_2,0.4030154563751375
12_15_5_11_13,Credit_Officer_2,0.8514700216368125
12_15_5_11_13,System,0.0002115578446366521
pool_time_cost
12_15_5_11_13,Clerk_1,19124.878855250172,1339149.0833333333
12_15_5_11_13,Credit_Officer_1,3174169.4276484936,3347872.7083333335
12_15_5_11_13,Clerk_2,20039.90036709225,557978.7847222222
12_15_5_11_13,Credit_Officer_2,85124.78659639994,2455106.652777778
12_15_5_11_13,System,0.0,0.0

14_2_2_3_13,3445198.104581154,0.18055555555555555,2022-09-22 14:55:42,2023-04-04 14:44:52,2.632415294647217,186052.7486714688,442606.0,3026282.6388888885,3359065.2768094647
utilization
14_2_2_3_13,Clerk_1,0.4688968420227196
14_2_2_3_13,Credit_Officer_1,0.9941213895729372
14_2_2_3_13,Clerk_2,0.37278365348989045
14_2_2_3_13,Credit_Officer_2,0.8103893476067494
14_2_2_3_13,System,0.0002094082653151133
pool_time_cost
14_2_2_3_13,Clerk_1,14197.87481585283,1629536.8055555555
14_2_2_3_13,Credit_Officer_1,3269489.9242115454,465581.94444444444
14_2_2_3_13,Clerk_2,14609.331025284182,232790.97222222222
14_2_2_3_13,Credit_Officer_2,60768.1467567822,698372.9166666666
14_2_2_3_13,System,0.0,0.0

2_7_14_8_11,3201046.9185848837,0.3194444444444444,2022-09-22 14:56:18,2023-03-23 13:44:59,2.746090888977051,83193.56033391273,256520.0,5021833.097222222,3186349.8747833343
utilization
2_7_14_8_11,Clerk_1,0.5040039026233364
2_7_14_8_11,Credit_Officer_1,0.994866694759206
2_7_14_8_11,Clerk_2,0.40196202688344085
2_7_14_8_11,Credit_Officer_2,0.8575900080836318
2_7_14_8_11,System,0.00020773977555940237
pool_time_cost
2_7_14_8_11,Clerk_1,18274.269726585786,218340.56944444444
2_7_14_8_11,Credit_Officer_1,3060421.0439643757,1528383.9861111112
2_7_14_8_11,Clerk_2,20535.47672981076,1528383.9861111112
2_7_14_8_11,Credit_Officer_2,87119.08436256157,1746724.5555555555
2_7_14_8_11,System,0.0,0.0

5_11_13_1_12,3428609.372828791,0.2916666666666667,2022-09-22 14:57:18,2023-04-03 13:16:51,2.2758467197418213,165229.46643567504,348955.0,4861842.125000001,3350049.8419898297
utilization
5_11_13_1_12,Clerk_1,0.47314115959815545
5_11_13_1_12,Credit_Officer_1,0.9956929026409717
5_11_13_1_12,Clerk_2,0.3856672073017186
5_11_13_1_12,Credit_Officer_2,0.8357254976792989
5_11_13_1_12,System,0.00018405777394390135
pool_time_cost
5_11_13_1_12,Clerk_1,13520.028851315565,578790.7291666667
5_11_13_1_12,Credit_Officer_1,3265295.2494817046,2546679.2083333335
5_11_13_1_12,Clerk_2,14106.85424359871,1504855.8958333333
5_11_13_1_12,Credit_Officer_2,57127.70941321089,231516.29166666666
5_11_13_1_12,System,0.0,0.0

15_11_5_12_2,3418864.958648585,0.45833333333333337,2022-09-22 14:57:34,2023-03-29 14:09:42,2.395754337310791,198662.66384710278,92641.0,7443483.666666667,3378050.872466806
utilization
15_11_5_12_2,Clerk_1,0.48613143976435474
15_11_5_12_2,Credit_Officer_1,0.9930640645612206
15_11_5_12_2,Clerk_2,0.38100145369705485
15_11_5_12_2,Credit_Officer_2,0.8226086364417833
15_11_5_12_2,System,0.0002231763148042498
pool_time_cost
15_11_5_12_2,Clerk_1,17771.662422208956,1691700.8333333335
15_11_5_12_2,Credit_Officer_1,3256930.7120838715,2481161.2222222225
15_11_5_12_2,Clerk_2,17004.14912757758,563900.2777777778
15_11_5_12_2,Credit_Officer_2,86344.34883314822,2706721.333333333
15_11_5_12_2,System,0.0,0.0

7_14_5_5_3,3223776.296216533,0.3472222222222222,2022-09-22 14:58:16,2023-03-24 13:45:04,2.3169076442718506,256664.16767933778,513683.0,5488475.0,3161343.2890525903
utilization
7_14_5_5_3,Clerk_1,0.4923178170049257
7_14_5_5_3,Credit_Officer_1,0.9953375130401717
7_14_5_5_3,Clerk_2,0.40509159887916246
7_14_5_5_3,Credit_Officer_2,0.8673173407326865
7_14_5_5_3,System,0.0002040373828699988
pool_time_cost
7_14_5_5_3,Clerk_1,17577.16684061291,768386.5
7_14_5_5_3,Credit_Officer_1,3033108.7796274447,3073546.0
7_14_5_5_3,Clerk_2,18669.21706062378,548847.5
7_14_5_5_3,Credit_Officer_2,91988.12552390897,1097695.0
7_14_5_5_3,System,0.0,0.0

1_11_4_5_8,3394492.827209856,0.2569444444444444,2022-09-22 14:59:12,2023-03-30 15:36:37,3.2404181957244873,241219.12145577883,429075.0,4196376.840277778,3303470.359233958
utilization
1_11_4_5_8,Clerk_1,0.4902163068559285
1_11_4_5_8,Credit_Officer_1,0.9942633757802503
1_11_4_5_8,Clerk_2,0.38738813670913835
1_11_4_5_8,Credit_Officer_2,0.84530379269276
1_11_4_5_8,System,0.00019113733160126408
pool_time_cost
1_11_4_5_8,Clerk_1,13562.576032492963,113415.59027777777
1_11_4_5_8,Credit_Officer_1,3198836.5377890775,2495142.9861111115
1_11_4_5_8,Clerk_2,14966.917752383364,453662.36111111107
1_11_4_5_8,Credit_Officer_2,76104.32766000432,1134155.9027777778
1_11_4_5_8,System,0.0,0.0

2_9_3_9_11,3280119.8816246297,0.2847222222222222,2022-09-22 14:59:27,2023-04-04 13:04:57,5.92086124420166,256771.31858176133,506546.0,4770443.958333333,3223345.727542276
utilization
2_9_3_9_11,Clerk_1,0.4900739830579689
2_9_3_9_11,Credit_Officer_1,0.9965575570005191
2_9_3_9_11,Clerk_2,0.3803573686568564
2_9_3_9_11,Credit_Officer_2,0.8267278722346901
2_9_3_9_11,System,0.00018077793162377183
pool_time_cost
2_9_3_9_11,Clerk_1,16145.236750728409,232704.5833333333
2_9_3_9_11,Credit_Officer_1,3117994.5043962207,2094341.25
2_9_3_9_11,Clerk_2,14925.730237059981,349056.875
2_9_3_9_11,Credit_Officer_2,74280.25615826737,2094341.25
2_9_3_9_11,System,0.0,0.0

2_7_11_7_2,3278704.1231507654,0.2847222222222222,2022-09-22 15:00:40,2023-03-31 16:39:27,2.4444568157196045,376895.3015795443,432051.0,4675687.548611111,3225239.428592634
utilization
2_7_11_7_2,Clerk_1,0.46860132838386015
2_7_11_7_2,Credit_Officer_1,0.9849921286175943
2_7_11_7_2,Clerk_2,0.3803375569657278
2_7_11_7_2,Credit_Officer_2,0.8267273011696897
2_7_11_7_2,System,0.00019243235054965333
pool_time_cost
2_7_11_7_2,Clerk_1,17329.31649978628,228082.31944444444
2_7_11_7_2,Credit_Officer_1,3123655.3461879827,1596576.2361111112
2_7_11_7_2,Clerk_2,15975.944621175437,1254452.7569444445
2_7_11_7_2,Credit_Officer_2,68278.82128368961,1596576.2361111112
2_7_11_7_2,System,0.0,0.0

9_10_8_14_9,3351645.631104995,0.45138888888888884,2022-09-22 15:01:15,2023-03-28 14:03:10,2.4053831100463867,106902.93629930401,254501.0,7291426.909722222,3311917.336182026
utilization
9_10_8_14_9,Clerk_1,0.4799073671950709
9_10_8_14_9,Credit_Officer_1,0.995898157987065
9_10_8_14_9,Clerk_2,0.3985778221488652
9_10_8_14_9,Credit_Officer_2,0.8526801388577187
9_10_8_14_9,System,0.0001851740548269665
pool_time_cost
9_10_8_14_9,Clerk_1,21384.273248588936,1009582.1875
9_10_8_14_9,Credit_Officer_1,3193545.805539957,2243515.9722222225
9_10_8_14_9,Clerk_2,21338.929376306238,897406.3888888889
9_10_8_14_9,Credit_Officer_2,75648.32801717447,3140922.361111111
9_10_8_14_9,System,0.0,0.0

14_3_3_12_7,3524332.331244606,0.3263888888888889,2022-09-22 15:01:59,2023-04-04 14:32:45,2.6324617862701416,212884.22773168003,338468.0,5470227.513888888,3453717.3909845683
utilization
14_3_3_12_7,Clerk_1,0.47051005466737456
14_3_3_12_7,Credit_Officer_1,0.9924492298430773
14_3_3_12_7,Clerk_2,0.3770679890980766
14_3_3_12_7,Credit_Officer_2,0.8318622968361025
14_3_3_12_7,System,0.0001742681424027892
pool_time_cost
14_3_3_12_7,Clerk_1,15719.564866626986,1629429.4722222222
14_3_3_12_7,Credit_Officer_1,3358019.6437687366,698326.9166666666
14_3_3_12_7,Clerk_2,17683.395993386457,349163.4583333333
14_3_3_12_7,Credit_Officer_2,62294.78635581846,2793307.6666666665
14_3_3_12_7,System,0.0,0.0

3_14_6_12_11,3228076.7223461256,0.42361111111111116,2022-09-22 15:02:29,2023-04-03 14:29:43,2.632061243057251,106005.01252239104,431347.0,7062967.180555555,3187085.023689235
utilization
3_14_6_12_11,Clerk_1,0.47576992463359435
3_14_6_12_11,Credit_Officer_1,0.997856297955856
3_14_6_12_11,Clerk_2,0.38984245286204083
3_14_6_12_11,Credit_Officer_2,0.8254877500164169
3_14_6_12_11,System,0.00019078217577265142
pool_time_cost
3_14_6_12_11,Clerk_1,12955.798272610178,347359.0416666666
3_14_6_12_11,Credit_Officer_1,3061026.146222589,3242017.7222222225
3_14_6_12_11,Clerk_2,13816.42397167139,694718.0833333333
3_14_6_12_11,Credit_Officer_2,99286.65522236431,2778872.333333333
3_14_6_12_11,System,0.0,0.0

13_10_12_6_5,3308308.2576613394,0.3958333333333333,2022-09-22 15:03:21,2023-04-04 13:19:31,2.631528615951538,215636.53133598715,161054.0,6632333.958333333,3238583.3430600096
utilization
13_10_12_6_5,Clerk_1,0.48141625904832896
13_10_12_6_5,Credit_Officer_1,0.9969002687004399
13_10_12_6_5,Clerk_2,0.37110154962026987
13_10_12_6_5,Credit_Officer_2,0.8199898750818575
13_10_12_6_5,System,0.0001928347900599021
pool_time_cost
13_10_12_6_5,Clerk_1,14084.67871343884,1512637.5694444445
13_10_12_6_5,Credit_Officer_1,3145369.258111849,2327134.7222222225
13_10_12_6_5,Clerk_2,14970.147930033498,1396280.8333333333
13_10_12_6_5,Credit_Officer_2,64159.258304687944,1396280.8333333333
13_10_12_6_5,System,0.0,0.0

14_7_15_10_10,3509819.6310182405,0.4375,2022-09-22 15:03:50,2023-04-05 16:15:50,2.5332517623901367,182785.40358666237,339001.0,7372890.0,3434783.592223788
utilization
14_7_15_10_10,Clerk_1,0.47138188747251064
14_7_15_10_10,Credit_Officer_1,0.9948274488508416
14_7_15_10_10,Clerk_2,0.3710910463871689
14_7_15_10_10,Credit_Officer_2,0.8099638154541209
14_7_15_10_10,System,0.00020040679017635786
pool_time_cost
14_7_15_10_10,Clerk_1,17875.115694464363,1638420.0
14_7_15_10_10,Credit_Officer_1,3329404.065697926,1638420.0
14_7_15_10_10,Clerk_2,17133.86467175643,1755450.0
14_7_15_10_10,Credit_Officer_2,70370.54615964135,2340600.0
14_7_15_10_10,System,0.0,0.0

3_14_7_9_7,3405928.961130452,0.3888888888888889,2022-09-22 15:04:34,2023-03-31 15:01:33,2.711153984069824,253396.3641314227,346345.0,6383929.611111111,3331226.2912277463
utilization
3_14_7_9_7,Clerk_1,0.4645615755500378
3_14_7_9_7,Credit_Officer_1,0.9953606477827913
3_14_7_9_7,Clerk_2,0.3886490954165879
3_14_7_9_7,Credit_Officer_2,0.8380171816882095
3_14_7_9_7,System,0.00019303250375528384
pool_time_cost
3_14_7_9_7,Clerk_1,23198.07255269462,341996.2291666666
3_14_7_9_7,Credit_Officer_1,3224781.127908525,3191964.8055555555
3_14_7_9_7,Clerk_2,23906.36292312851,797991.2013888889
3_14_7_9_7,Credit_Officer_2,59340.7278433983,2051977.375
3_14_7_9_7,System,0.0,0.0

4_14_9_1_10,3414233.461814422,0.2986111111111111,2022-09-22 15:04:53,2023-03-31 15:52:55,2.530428171157837,200446.3138857279,423146.0,4902860.597222222,3353977.6945340834
utilization
4_14_9_1_10,Clerk_1,0.4847796724307496
4_14_9_1_10,Credit_Officer_1,0.9884302246432539
4_14_9_1_10,Clerk_2,0.38797443272100146
4_14_9_1_10,Credit_Officer_2,0.8330141802310222
4_14_9_1_10,System,0.00019171132230698883
pool_time_cost
4_14_9_1_10,Clerk_1,20059.478144953937,456080.0555555555
4_14_9_1_10,Credit_Officer_1,3250819.3110277005,3192560.388888889
4_14_9_1_10,Clerk_2,19302.18782925186,1026180.125
4_14_9_1_10,Credit_Officer_2,63796.71753217721,228040.02777777775
4_14_9_1_10,System,0.0,0.0

6_8_13_6_14,3305516.072143846,0.32638888888888884,2022-09-22 15:06:06,2023-04-04 14:10:02,2.46421217918396,210779.17993574915,428281.0,5469702.027777778,3259679.2050669203
utilization
6_8_13_6_14,Clerk_1,0.4682458767734605
6_8_13_6_14,Credit_Officer_1,0.992249672257765
6_8_13_6_14,Clerk_2,0.3811991922653448
6_8_13_6_14,Credit_Officer_2,0.8230343981110271
6_8_13_6_14,System,0.00018045844355391252
pool_time_cost
6_8_13_6_14,Clerk_1,16565.976900580317,698259.8333333333
6_8_13_6_14,Credit_Officer_1,3160842.5732562155,1862026.222222222
6_8_13_6_14,Clerk_2,16980.228494349332,1512896.3055555555
6_8_13_6_14,Credit_Officer_2,65290.42641577516,1396519.6666666665
6_8_13_6_14,System,0.0,0.0

10_1_14_11_15,3553512.8650462665,0.33333333333333337,2022-09-22 15:06:25,2023-03-29 16:54:37,2.9571902751922607,341110.3901200737,524228.0,5416564.0,3505232.337935648
utilization
10_1_14_11_15,Clerk_1,0.4761425278780457
10_1_14_11_15,Credit_Officer_1,0.9931180326558476
10_1_14_11_15,Clerk_2,0.3912456909178507
10_1_14_11_15,Credit_Officer_2,0.8397244685944065
10_1_14_11_15,System,0.00018284259966620545
pool_time_cost
10_1_14_11_15,Clerk_1,12396.462935213129,1128450.8333333335
10_1_14_11_15,Credit_Officer_1,3416479.5325221787,225690.16666666666
10_1_14_11_15,Clerk_2,12410.594395588578,1579831.1666666667
10_1_14_11_15,Credit_Officer_2,63945.748082667495,2482591.8333333335
10_1_14_11_15,System,0.0,0.0

3_3_14_11_2,3422915.31059158,0.3125,2022-09-22 15:07:00,2023-04-03 15:25:25,2.895472288131714,300379.1673374041,262595.0,5211345.3125,3374852.9566007257
utilization
3_3_14_11_2,Clerk_1,0.4763743048242309
3_3_14_11_2,Credit_Officer_1,0.9960981166471129
3_3_14_11_2,Clerk_2,0.38065069633920245
3_3_14_11_2,Credit_Officer_2,0.8222708968985164
3_3_14_11_2,System,0.00018237963445066248
pool_time_cost
3_3_14_11_2,Clerk_1,13920.768812728476,347423.0208333333
3_3_14_11_2,Credit_Officer_1,3278629.683843518,694846.0416666666
3_3_14_11_2,Clerk_2,16084.720480956757,1621307.4305555555
3_3_14_11_2,Credit_Officer_2,66217.78346352208,2547768.8194444445
3_3_14_11_2,System,0.0,0.0

12_12_14_11_3,3559066.411412369,0.5,2022-09-22 15:07:46,2023-04-04 15:16:57,2.437278985977173,195598.69204293936,256702.0,8381075.5,3538510.7510823896
utilization
12_12_14_11_3,Clerk_1,0.46902442740771344
12_12_14_11_3,Credit_Officer_1,0.9964237289293522
12_12_14_11_3,Clerk_2,0.3679994950366661
12_12_14_11_3,Credit_Officer_2,0.833749084090057
12_12_14_11_3,System,0.00014790585755014378
pool_time_cost
12_12_14_11_3,Clerk_1,14378.931568963613,1396845.9166666665
12_12_14_11_3,Credit_Officer_1,3440375.900756463,2793691.833333333
12_12_14_11_3,Clerk_2,14573.437471002882,1629653.5694444445
12_12_14_11_3,Credit_Officer_2,69182.48128595966,2560884.180555556
12_12_14_11_3,System,0.0,0.0

1_1_1_4_13,3325481.6797127156,0.08333333333333333,2022-09-22 15:08:45,2023-03-24 16:33:04,2.6004691123962402,192795.34231639514,510407.0,1318021.5833333333,3258509.972266035
utilization
1_1_1_4_13,Clerk_1,0.4790133557218562
1_1_1_4_13,Credit_Officer_1,0.9957932911463746
1_1_1_4_13,Clerk_2,0.4096627451466908
1_1_1_4_13,Credit_Officer_2,0.8587903585516178
1_1_1_4_13,System,0.00020619005613911522
pool_time_cost
1_1_1_4_13,Clerk_1,17169.695978827178,109835.13194444444
1_1_1_4_13,Credit_Officer_1,3135265.4199601756,219670.26388888888
1_1_1_4_13,Clerk_2,16175.49599920045,109835.13194444444
1_1_1_4_13,Credit_Officer_2,89899.36032783198,878681.0555555555
1_1_1_4_13,System,0.0,0.0

9_9_13_3_5,3308431.911284876,0.3194444444444445,2022-09-22 15:09:35,2023-03-31 15:49:44,2.559274196624756,270055.657135759,91043.0,5244769.541666667,3289043.436880315
utilization
9_9_13_3_5,Clerk_1,0.4904627528954661
9_9_13_3_5,Credit_Officer_1,0.99050386904063
9_9_13_3_5,Clerk_2,0.39097901796648954
9_9_13_3_5,Credit_Officer_2,0.8296615525374283
9_9_13_3_5,System,0.00018359775342816417
pool_time_cost
9_9_13_3_5,Clerk_1,18459.840923692536,1026150.5625
9_9_13_3_5,Credit_Officer_1,3164233.8979129996,2052301.125
9_9_13_3_5,Clerk_2,19232.7272940934,1482217.4791666667
9_9_13_3_5,Credit_Officer_2,87116.97074952946,684100.375
9_9_13_3_5,System,0.0,0.0

9_15_9_1_12,3647898.0908662006,0.34722222222222227,2022-09-22 15:09:49,2023-03-29 14:03:06,2.676666498184204,277281.0061658784,261552.0,5638610.069444445,3577169.0298457644
utilization
9_15_9_1_12,Clerk_1,0.4773553847591689
9_15_9_1_12,Credit_Officer_1,0.992513988333948
9_15_9_1_12,Clerk_2,0.39945366444561897
9_15_9_1_12,Credit_Officer_2,0.8347482459483898
9_15_9_1_12,System,0.000217075446295038
pool_time_cost
9_15_9_1_12,Clerk_1,19492.150521024898,1014949.8125
9_15_9_1_12,Credit_Officer_1,3457647.763222059,3383166.041666667
9_15_9_1_12,Clerk_2,17850.601822873647,1014949.8125
9_15_9_1_12,Credit_Officer_2,82178.51427980704,225544.40277777775
9_15_9_1_12,System,0.0,0.0

4_12_6_13_11,3371473.28572483,0.41666666666666663,2022-09-22 15:10:29,2023-03-31 13:21:35,2.450758695602417,198531.72330776462,344437.0,6837277.5,3305435.468330317
utilization
4_12_6_13_11,Clerk_1,0.48882207270476336
4_12_6_13_11,Credit_Officer_1,0.9962249426153101
4_12_6_13_11,Clerk_2,0.3762181103330273
4_12_6_13_11,Credit_Officer_2,0.8266000694520488
4_12_6_13_11,System,0.00021415413318512673
pool_time_cost
4_12_6_13_11,Clerk_1,16866.350719670245,455818.5
4_12_6_13_11,Credit_Officer_1,3211249.5945524923,2734911.0
4_12_6_13_11,Clerk_2,16151.109887826926,683727.75
4_12_6_13_11,Credit_Officer_2,61168.41317032828,2962820.25
4_12_6_13_11,System,0.0,0.0

9_3_2_3_2,3487208.512073111,0.1597222222222222,2022-09-22 15:10:56,2023-04-05 15:27:45,2.3999714851379395,198185.90145765385,428165.0,2691161.159722222,3409134.252924804
utilization
9_3_2_3_2,Clerk_1,0.46353016458768703
9_3_2_3_2,Credit_Officer_1,0.9960397014771546
9_3_2_3_2,Clerk_2,0.3792541398423719
9_3_2_3_2,Credit_Officer_2,0.8049924875736415
9_3_2_3_2,System,0.00020772909066841546
pool_time_cost
9_3_2_3_2,Clerk_1,13182.054830775327,1053063.0625
9_3_2_3_2,Credit_Officer_1,3315982.8289613104,702042.0416666666
9_3_2_3_2,Clerk_2,13533.76465340608,234014.01388888888
9_3_2_3_2,Credit_Officer_2,66435.60447931242,702042.0416666666
9_3_2_3_2,System,0.0,0.0

3_4_11_9_1,3363619.950885494,0.2777777777777778,2022-09-22 15:12:02,2023-04-03 15:50:49,2.5345888137817383,177142.28870173357,342211.0,4632646.388888889,3275507.148611465
utilization
3_4_11_9_1,Clerk_1,0.4837661093796175
3_4_11_9_1,Credit_Officer_1,0.9946716613059704
3_4_11_9_1,Clerk_2,0.38143466997981434
3_4_11_9_1,Credit_Officer_2,0.8250116752151276
3_4_11_9_1,System,0.00020656905883073014
pool_time_cost
3_4_11_9_1,Clerk_1,24068.239224694782,347448.4791666666
3_4_11_9_1,Credit_Officer_1,3166955.171398232,926529.2777777778
3_4_11_9_1,Clerk_2,22966.880951429015,1273977.7569444445
3_4_11_9_1,Credit_Officer_2,61516.857037108784,2084690.875
3_4_11_9_1,System,0.0,0.0

2_15_9_4_5,3462141.0383295785,0.3402777777777778,2022-09-22 15:12:20,2023-04-04 15:00:39,2.732231378555298,246963.32601201814,345501.0,5703361.465277778,3338646.575722368
utilization
2_15_9_4_5,Clerk_1,0.4740959761067967
2_15_9_4_5,Credit_Officer_1,0.9898081323688056
2_15_9_4_5,Clerk_2,0.37478124938180624
2_15_9_4_5,Credit_Officer_2,0.8146952290977534
2_15_9_4_5,System,0.0002164612611363279
pool_time_cost
2_15_9_4_5,Clerk_1,13383.116838065882,232790.26388888888
2_15_9_4_5,Credit_Officer_1,3253178.6724702353,3491853.9583333335
2_15_9_4_5,Clerk_2,15035.177625838425,1047556.1875
2_15_9_4_5,Credit_Officer_2,57049.60878822864,931161.0555555555
2_15_9_4_5,System,0.0,0.0

11_4_9_15_13,3417193.0885658273,0.4027777777777778,2022-09-22 15:13:14,2023-04-04 16:10:17,2.4505856037139893,167021.37914406974,173906.0,6752578.708333334,3322367.6791675105
utilization
11_4_9_15_13,Clerk_1,0.4714552222720677
11_4_9_15_13,Credit_Officer_1,0.9913044069265083
11_4_9_15_13,Clerk_2,0.3746254514773314
11_4_9_15_13,Credit_Officer_2,0.8151789708272438
11_4_9_15_13,System,0.00019792806004615971
pool_time_cost
11_4_9_15_13,Clerk_1,13071.615718963407,1280661.4791666667
11_4_9_15_13,Credit_Officer_1,3243450.355669324,931390.1666666666
11_4_9_15_13,Clerk_2,13463.203293591976,1047813.9375
11_4_9_15_13,Credit_Officer_2,52382.50448563114,3492713.125
11_4_9_15_13,System,0.0,0.0

4_8_10_13_3,3283197.440291455,0.3888888888888889,2022-09-22 15:13:47,2023-03-24 14:00:09,2.469928026199341,215811.60319622792,512522.0,6147081.888888888,3233778.6859123725
utilization
4_8_10_13_3,Clerk_1,0.4874177520645225
4_8_10_13_3,Credit_Officer_1,0.9952897722440136
4_8_10_13_3,Clerk_2,0.40884550399744385
4_8_10_13_3,Credit_Officer_2,0.86689267468014
4_8_10_13_3,System,0.00019447577854424182
pool_time_cost
4_8_10_13_3,Clerk_1,21005.174610744827,439077.27777777775
4_8_10_13_3,Credit_Officer_1,3100069.070722879,1756309.111111111
4_8_10_13_3,Clerk_2,20329.833202688238,1097693.1944444445
4_8_10_13_3,Credit_Officer_2,92374.60737606022,2854002.3055555555
4_8_10_13_3,System,0.0,0.0

1_2_8_9_9,3544606.9388353936,0.2152777777777778,2022-09-22 15:14:26,2023-03-30 14:04:19,2.4348490238189697,172718.4318672479,347331.0,3514494.326388889,3479555.1610530866
utilization
1_2_8_9_9,Clerk_1,0.46691589005697676
1_2_8_9_9,Credit_Officer_1,0.9972471122814934
1_2_8_9_9,Clerk_2,0.3895512029493072
1_2_8_9_9,Credit_Officer_2,0.840514749014962
1_2_8_9_9,System,0.0001969282356451003
pool_time_cost
1_2_8_9_9,Clerk_1,17195.03643909219,113370.78472222222
1_2_8_9_9,Credit_Officer_1,3347557.8039516993,453483.1388888889
1_2_8_9_9,Clerk_2,19059.225587301647,906966.2777777778
1_2_8_9_9,Credit_Officer_2,95743.09507499344,2040674.125
1_2_8_9_9,System,0.0,0.0

5_15_9_6_9,3372612.3725646883,0.3888888888888889,2022-09-22 15:15:14,2023-03-30 14:38:20,2.6493709087371826,235787.9887095862,249705.0,6349539.0,3311531.8738029785
utilization
5_15_9_6_9,Clerk_1,0.48374960882125595
5_15_9_6_9,Credit_Officer_1,0.9922572865162907
5_15_9_6_9,Clerk_2,0.3907191739033072
5_15_9_6_9,Credit_Officer_2,0.8253474311941602
5_15_9_6_9,System,0.00021629568588205517
pool_time_cost
5_15_9_6_9,Clerk_1,17401.14853653732,566923.125
5_15_9_6_9,Credit_Officer_1,3215401.5318264854,3401538.75
5_15_9_6_9,Clerk_2,18804.890830891298,1020461.625
5_15_9_6_9,Credit_Officer_2,59924.302609064915,1360615.5
5_15_9_6_9,System,0.0,0.0

11_10_5_2_6,3410956.185944168,0.2777777777777778,2022-09-22 15:15:38,2023-03-31 13:48:15,2.550795316696167,194882.1967532565,260972.0,4558543.611111111,3341828.601074
utilization
11_10_5_2_6,Clerk_1,0.4659078850794098
11_10_5_2_6,Credit_Officer_1,0.9965329073175185
11_10_5_2_6,Clerk_2,0.40977521344571816
11_10_5_2_6,Credit_Officer_2,0.8293191761237843
11_10_5_2_6,System,0.0002047965893735675
pool_time_cost
11_10_5_2_6,Clerk_1,19280.227063138096,1253599.4930555557
11_10_5_2_6,Credit_Officer_1,3241180.3993597864,2279271.8055555555
11_10_5_2_6,Clerk_2,20119.964767619833,569817.9513888889
11_10_5_2_6,Credit_Officer_2,61248.00988345562,455854.36111111107
11_10_5_2_6,System,0.0,0.0

10_4_12_2_5,3406000.949703482,0.2361111111111111,2022-09-22 15:16:16,2023-03-27 13:03:26,2.399385690689087,241986.55801926553,256473.0,3792518.194444444,3365100.3867635312
utilization
10_4_12_2_5,Clerk_1,0.4960149591017081
10_4_12_2_5,Credit_Officer_1,0.9952784726172755
10_4_12_2_5,Clerk_2,0.39257825518139194
10_4_12_2_5,Credit_Officer_2,0.8630405102029618
10_4_12_2_5,System,0.00019441781646618292
pool_time_cost
10_4_12_2_5,Clerk_1,15184.651598415401,1115446.5277777778
10_4_12_2_5,Credit_Officer_1,3229886.099595025,892357.2222222221
10_4_12_2_5,Clerk_2,13762.626014792962,1338535.8333333333
10_4_12_2_5,Credit_Officer_2,106267.00955529814,446178.61111111107
10_4_12_2_5,System,0.0,0.0

12_4_10_8_14,3336564.9366424484,0.3194444444444444,2022-09-22 15:16:56,2023-03-28 13:00:36,2.4585840702056885,102284.34471847117,177481.0,5158586.944444444,3267713.5027351473
utilization
12_4_10_8_14,Clerk_1,0.4834211092499253
12_4_10_8_14,Credit_Officer_1,0.9951583492236264
12_4_10_8_14,Clerk_2,0.39809091221707077
12_4_10_8_14,Credit_Officer_2,0.8434537168297472
12_4_10_8_14,System,0.0002139463076744274
pool_time_cost
12_4_10_8_14,Clerk_1,20040.429932367213,1345718.3333333333
12_4_10_8_14,Credit_Officer_1,3162232.0933689615,897145.5555555555
12_4_10_8_14,Clerk_2,20297.2096569165,1121431.9444444445
12_4_10_8_14,Credit_Officer_2,65143.769776902336,1794291.111111111
12_4_10_8_14,System,0.0,0.0

5_2_11_12_14,3368956.8066353956,0.3055555555555556,2022-09-22 15:17:26,2023-04-05 14:51:10,2.580925703048706,184417.75303938845,516642.0,5147518.444444444,3281849.888494705
utilization
5_2_11_12_14,Clerk_1,0.46760920073850687
5_2_11_12_14,Credit_Officer_1,0.9928781937051875
5_2_11_12_14,Clerk_2,0.37266128254157715
5_2_11_12_14,Credit_Officer_2,0.8133642574077579
5_2_11_12_14,System,0.00019099773841888982
pool_time_cost
5_2_11_12_14,Clerk_1,14846.339246366031,584945.2777777778
5_2_11_12_14,Credit_Officer_1,3205930.467448823,467956.2222222222
5_2_11_12_14,Clerk_2,14471.811836527775,1286879.6111111112
5_2_11_12_14,Credit_Officer_2,46601.269962988015,2807737.333333333
5_2_11_12_14,System,0.0,0.0

14_1_4_10_14,3345299.1175115723,0.2777777777777778,2022-09-22 15:18:07,2023-03-27 16:23:42,4.629082918167114,258271.22902347986,346310.0,4465093.055555556,3291189.765303791
utilization
14_1_4_10_14,Clerk_1,0.49436972406479973
14_1_4_10_14,Credit_Officer_1,0.9896996926435545
14_1_4_10_14,Clerk_2,0.401792431209656
14_1_4_10_14,Credit_Officer_2,0.8499559210047105
14_1_4_10_14,System,0.00021315311114533805
pool_time_cost
14_1_4_10_14,Clerk_1,18352.91373381225,1562782.5694444445
14_1_4_10_14,Credit_Officer_1,3145827.4692820166,223254.65277777775
14_1_4_10_14,Clerk_2,18952.395342600255,446509.3055555555
14_1_4_10_14,Credit_Officer_2,108056.98694536215,2232546.527777778
14_1_4_10_14,System,0.0,0.0

3.144024929511973_14.0_6.608440235445364_8.0_7.0,3390778.6673906418,0.3732810080899815,2022-09-22 15:19:09,2023-03-27 13:23:55,2.8091204166412354,260530.0779076619,338765.0,5996194.247519305,3322100.2913587806
utilization
3.144024929511973_14.0_6.608440235445364_8.0_7.0,Clerk_1,0.48220665500514714
3.144024929511973_14.0_6.608440235445364_8.0_7.0,Credit_Officer_1,0.9956092850208499
3.144024929511973_14.0_6.608440235445364_8.0_7.0,Clerk_2,0.4053311439474129
3.144024929511973_14.0_6.608440235445364_8.0_7.0,Credit_Officer_2,0.853430368201837
3.144024929511973_14.0_6.608440235445364_8.0_7.0,System,0.0002112059031247374
pool_time_cost
3.144024929511973_14.0_6.608440235445364_8.0_7.0,Clerk_1,17648.353564366258,350722.22526990675
3.144024929511973_14.0_6.608440235445364_8.0_7.0,Credit_Officer_1,3222181.0106501514,3123455.611111111
3.144024929511973_14.0_6.608440235445364_8.0_7.0,Clerk_2,17944.17040528938,737184.6333605091
3.144024929511973_14.0_6.608440235445364_8.0_7.0,Credit_Officer_2,64326.75673897346,1784831.7777777778
3.144024929511973_14.0_6.608440235445364_8.0_7.0,System,0.0,0.0

2.0_14.0_4.6741227390828834_9.0_11.0,3375193.719155151,0.3657925190214089,2022-09-22 15:19:55,2023-04-03 15:43:03,2.801344633102417,320946.080273523,511534.0,6100171.1332022,3340743.5306717986
utilization
2.0_14.0_4.6741227390828834_9.0_11.0,Clerk_1,0.47557588027469305
2.0_14.0_4.6741227390828834_9.0_11.0,Credit_Officer_1,0.9948823174413866
2.0_14.0_4.6741227390828834_9.0_11.0,Clerk_2,0.38581869985785444
2.0_14.0_4.6741227390828834_9.0_11.0,Credit_Officer_2,0.8170295231623216
2.0_14.0_4.6741227390828834_9.0_11.0,System,0.00019957569957924337
pool_time_cost
2.0_14.0_4.6741227390828834_9.0_11.0,Clerk_1,22570.727107753773,231619.27777777775
2.0_14.0_4.6741227390828834_9.0_11.0,Credit_Officer_1,3207700.8573861546,3242669.888888889
2.0_14.0_4.6741227390828834_9.0_11.0,Clerk_2,20717.04587762654,541308.466535533
2.0_14.0_4.6741227390828834_9.0_11.0,Credit_Officer_2,89754.90030026386,2084573.5
2.0_14.0_4.6741227390828834_9.0_11.0,System,0.0,0.0

6.347118041808046_1.0_12.779401202171563_4.0_12.385502570246588,3449227.170541743,0.2022674947498584,2022-09-22 15:20:34,2023-03-31 15:09:26,2.4372470378875732,113184.86788447201,334164.0,3320288.0791271827,3348462.426786449
utilization
6.347118041808046_1.0_12.779401202171563_4.0_12.385502570246588,Clerk_1,0.4828226786763225
6.347118041808046_1.0_12.779401202171563_4.0_12.385502570246588,Credit_Officer_1,0.9954129731999105
6.347118041808046_1.0_12.779401202171563_4.0_12.385502570246588,Clerk_2,0.3847333323522688
6.347118041808046_1.0_12.779401202171563_4.0_12.385502570246588,Credit_Officer_2,0.8325448274688951
6.347118041808046_1.0_12.779401202171563_4.0_12.385502570246588,System,0.00021146926383207513
pool_time_cost
6.347118041808046_1.0_12.779401202171563_4.0_12.385502570246588,Clerk_1,19544.671375138714,723542.0131907567
6.347118041808046_1.0_12.779401202171563_4.0_12.385502570246588,Credit_Officer_1,3247406.8051980003,227990.72222222222
6.347118041808046_1.0_12.779401202171563_4.0_12.385502570246588,Clerk_2,19083.807419839057,1456792.454825315
6.347118041808046_1.0_12.779401202171563_4.0_12.385502570246588,Credit_Officer_2,62427.14279347124,911962.8888888889
6.347118041808046_1.0_12.779401202171563_4.0_12.385502570246588,System,0.0,0.0

12.0_3.0369238714846647_6.0_6.0_9.0,3421232.919440884,0.2505128315483981,2022-09-22 15:20:53,2023-03-29 13:52:46,2.866971492767334,170419.25871168636,172553.0,4067805.5640665437,3365507.242928474
utilization
12.0_3.0369238714846647_6.0_6.0_9.0,Clerk_1,0.47371918347404096
12.0_3.0369238714846647_6.0_6.0_9.0,Credit_Officer_1,0.9926959072268619
12.0_3.0369238714846647_6.0_6.0_9.0,Clerk_2,0.3965337480774696
12.0_3.0369238714846647_6.0_6.0_9.0,Credit_Officer_2,0.8345434062755261
12.0_3.0369238714846647_6.0_6.0_9.0,System,0.00020994502224785935
pool_time_cost
12.0_3.0369238714846647_6.0_6.0_9.0,Clerk_1,18578.219150742465,1353159.4166666665
12.0_3.0369238714846647_6.0_6.0_9.0,Credit_Officer_1,3264128.5079731992,684907.0223998773
12.0_3.0369238714846647_6.0_6.0_9.0,Clerk_2,20272.12570389933,676579.7083333333
12.0_3.0369238714846647_6.0_6.0_9.0,Credit_Officer_2,62528.390100633376,1353159.4166666665
12.0_3.0369238714846647_6.0_6.0_9.0,System,0.0,0.0

9.0_7.935116807069235_3.7778727892129917_3.0_5.097656221704797,3208901.5107788024,0.240611850023274,2022-09-22 15:21:35,2023-03-27 16:20:27,2.6147067546844482,337620.14288931945,429913.0,3867578.515668305,3134251.07787553
utilization
9.0_7.935116807069235_3.7778727892129917_3.0_5.097656221704797,Clerk_1,0.49659442145185057
9.0_7.935116807069235_3.7778727892129917_3.0_5.097656221704797,Credit_Officer_1,0.9931294505091447
9.0_7.935116807069235_3.7778727892129917_3.0_5.097656221704797,Clerk_2,0.3849816300443651
9.0_7.935116807069235_3.7778727892129917_3.0_5.097656221704797,Credit_Officer_2,0.8498932166327006
9.0_7.935116807069235_3.7778727892129917_3.0_5.097656221704797,System,0.0002110977197400892
pool_time_cost
9.0_7.935116807069235_3.7778727892129917_3.0_5.097656221704797,Clerk_1,17526.31297330658,1004620.75
9.0_7.935116807069235_3.7778727892129917_3.0_5.097656221704797,Credit_Officer_1,3031521.293812975,1771507.3329012222
9.0_7.935116807069235_3.7778727892129917_3.0_5.097656221704797,Clerk_2,20132.670669364787,421703.26610041637
9.0_7.935116807069235_3.7778727892129917_3.0_5.097656221704797,Credit_Officer_2,65070.80041988403,669747.1666666666
9.0_7.935116807069235_3.7778727892129917_3.0_5.097656221704797,System,0.0,0.0

9.0_3.0_7.330480605255069_3.0_1.5640257876807517,3309037.7498645037,0.19673944864760462,2022-09-22 15:22:17,2023-03-30 13:47:25,3.208035945892334,455063.34216065425,441108.0,3211556.6596942227,3261081.550594974
utilization
9.0_3.0_7.330480605255069_3.0_1.5640257876807517,Clerk_1,0.4840634429830177
9.0_3.0_7.330480605255069_3.0_1.5640257876807517,Credit_Officer_1,0.9964220508808845
9.0_3.0_7.330480605255069_3.0_1.5640257876807517,Clerk_2,0.3875048917265656
9.0_3.0_7.330480605255069_3.0_1.5640257876807517,Credit_Officer_2,0.8342482302489977
9.0_3.0_7.330480605255069_3.0_1.5640257876807517,System,0.00019811088054695866
pool_time_cost
9.0_3.0_7.330480605255069_3.0_1.5640257876807517,Clerk_1,16972.893996907063,1020244.25
9.0_3.0_7.330480605255069_3.0_1.5640257876807517,Credit_Officer_1,3152172.4718009513,680162.8333333333
9.0_3.0_7.330480605255069_3.0_1.5640257876807517,Clerk_2,17768.12297798803,830986.743027556
9.0_3.0_7.330480605255069_3.0_1.5640257876807517,Credit_Officer_2,74168.06181912698,680162.8333333333
9.0_3.0_7.330480605255069_3.0_1.5640257876807517,System,0.0,0.0

8.0_1.0_14.0_11.0_8.406432998937,3396636.9058127687,0.3194444444444445,2022-09-22 15:22:58,2023-03-30 15:00:23,2.6239354610443115,121392.68534818105,270612.0,5215967.152777778,3331887.8227689886
utilization
8.0_1.0_14.0_11.0_8.406432998937,Clerk_1,0.4829718798522549
8.0_1.0_14.0_11.0_8.406432998937,Credit_Officer_1,0.9975520756932906
8.0_1.0_14.0_11.0_8.406432998937,Clerk_2,0.3760089027309325
8.0_1.0_14.0_11.0_8.406432998937,Credit_Officer_2,0.834820080375099
8.0_1.0_14.0_11.0_8.406432998937,System,0.00019869813554817506
pool_time_cost
8.0_1.0_14.0_11.0_8.406432998937,Clerk_1,18831.5364001984,907124.7222222221
8.0_1.0_14.0_11.0_8.406432998937,Credit_Officer_1,3242730.899773905,226781.18055555553
8.0_1.0_14.0_11.0_8.406432998937,Clerk_2,19139.637527518586,1587468.263888889
8.0_1.0_14.0_11.0_8.406432998937,Credit_Officer_2,51185.74906736627,2494592.9861111115
8.0_1.0_14.0_11.0_8.406432998937,System,0.0,0.0

2.162953570678477_3.0_9.0_2.0_1.0,3551950.2433863715,0.14696495535193388,2022-09-22 15:23:30,2023-04-14 13:36:30,2.689683675765991,238030.3545762375,256495.0,2589402.002037686,3483145.9440379385
utilization
2.162953570678477_3.0_9.0_2.0_1.0,Clerk_1,0.4409832560309553
2.162953570678477_3.0_9.0_2.0_1.0,Credit_Officer_1,0.9927809768808885
2.162953570678477_3.0_9.0_2.0_1.0,Clerk_2,0.35418793086717193
2.162953570678477_3.0_9.0_2.0_1.0,Credit_Officer_2,0.7781940756374819
2.162953570678477_3.0_9.0_2.0_1.0,System,0.00017557415938262175
pool_time_cost
2.162953570678477_3.0_9.0_2.0_1.0,Clerk_1,19010.680788677288,264649.08537101944
2.162953570678477_3.0_9.0_2.0_1.0,Credit_Officer_1,3388088.1016034926,734132.5
2.162953570678477_3.0_9.0_2.0_1.0,Clerk_2,19989.03569258017,1101198.75
2.162953570678477_3.0_9.0_2.0_1.0,Credit_Officer_2,56058.12595318796,489421.6666666666
2.162953570678477_3.0_9.0_2.0_1.0,System,0.0,0.0

1.0_3.1987210953542435_13.42030420574583_1.0_3.420669367403348,3323231.655938969,0.15845657219759945,2022-09-22 15:24:34,2023-03-31 15:39:12,2.368567705154419,165820.31574496487,252067.0,2601362.214066182,3267854.277380991
utilization
1.0_3.1987210953542435_13.42030420574583_1.0_3.420669367403348,Clerk_1,0.47575294862807094
1.0_3.1987210953542435_13.42030420574583_1.0_3.420669367403348,Credit_Officer_1,0.997436597005834
1.0_3.1987210953542435_13.42030420574583_1.0_3.420669367403348,Clerk_2,0.39518191867521296
1.0_3.1987210953542435_13.42030420574583_1.0_3.420669367403348,Credit_Officer_2,0.8335831749934243
1.0_3.1987210953542435_13.42030420574583_1.0_3.420669367403348,System,0.00019496978228307875
pool_time_cost
1.0_3.1987210953542435_13.42030420574583_1.0_3.420669367403348,Clerk_1,14908.525403186997,114006.09722222222
1.0_3.1987210953542435_13.42030420574583_1.0_3.420669367403348,Credit_Officer_1,3143549.732045319,729347.4163674581
1.0_3.1987210953542435_13.42030420574583_1.0_3.420669367403348,Clerk_2,14515.203680247847,1529996.506032057
1.0_3.1987210953542435_13.42030420574583_1.0_3.420669367403348,Credit_Officer_2,94880.81625223716,228012.19444444444
1.0_3.1987210953542435_13.42030420574583_1.0_3.420669367403348,System,0.0,0.0

2.0_7.0_11.0_5.950611129031572_9.0,3280962.237143689,0.27014737679210515,2022-09-22 15:25:15,2023-03-21 15:16:11,2.5398032665252686,174263.63058851007,442987.0,4201185.043697845,3230648.672810795
utilization
2.0_7.0_11.0_5.950611129031572_9.0,Clerk_1,0.49467286733610827
2.0_7.0_11.0_5.950611129031572_9.0,Credit_Officer_1,0.9943166038298537
2.0_7.0_11.0_5.950611129031572_9.0,Clerk_2,0.41070188449274875
2.0_7.0_11.0_5.950611129031572_9.0,Credit_Officer_2,0.8916171416842116
2.0_7.0_11.0_5.950611129031572_9.0,System,0.00019754090860403544
pool_time_cost
2.0_7.0_11.0_5.950611129031572_9.0,Clerk_1,20326.342140314177,215992.44444444444
2.0_7.0_11.0_5.950611129031572_9.0,Credit_Officer_1,3112275.494804396,1511947.1111111112
2.0_7.0_11.0_5.950611129031572_9.0,Clerk_2,21822.495193825667,1187958.4444444445
2.0_7.0_11.0_5.950611129031572_9.0,Credit_Officer_2,76224.34067225928,1285287.0436978447
2.0_7.0_11.0_5.950611129031572_9.0,System,0.0,0.0

1.0_9.746163740613788_4.0_5.0_8.137896788256768,3304910.9946416453,0.2395300519529693,2022-09-22 15:25:44,2023-04-03 14:08:26,2.6238648891448975,207162.60538395355,349713.0,3993100.581945196,3261765.3926511104
utilization
1.0_9.746163740613788_4.0_5.0_8.137896788256768,Clerk_1,0.47554321152536355
1.0_9.746163740613788_4.0_5.0_8.137896788256768,Credit_Officer_1,0.9946814674349257
1.0_9.746163740613788_4.0_5.0_8.137896788256768,Clerk_2,0.39124698466979396
1.0_9.746163740613788_4.0_5.0_8.137896788256768,Credit_Officer_2,0.829621510436851
1.0_9.746163740613788_4.0_5.0_8.137896788256768,System,0.00018596033415349233
pool_time_cost
1.0_9.746163740613788_4.0_5.0_8.137896788256768,Clerk_1,21568.17340012071,115767.79166666666
1.0_9.746163740613788_4.0_5.0_8.137896788256768,Credit_Officer_1,3116459.6944402885,2256583.706945196
1.0_9.746163740613788_4.0_5.0_8.137896788256768,Clerk_2,22016.206342244823,463071.1666666666
1.0_9.746163740613788_4.0_5.0_8.137896788256768,Credit_Officer_2,101721.31846845665,1157677.9166666667
1.0_9.746163740613788_4.0_5.0_8.137896788256768,System,0.0,0.0

5.0_1.0_12.144615033293732_4.765313462981964_5.0,3397203.8409946086,0.19913362471706708,2022-09-23 09:00:00,2023-03-31 13:50:21,2.841550827026367,172748.06037443737,341486.0,3255241.5450560153,3330502.9054866787
utilization
5.0_1.0_12.144615033293732_4.765313462981964_5.0,Clerk_1,0.4965558255982917
5.0_1.0_12.144615033293732_4.765313462981964_5.0,Credit_Officer_1,0.9987919552669822
5.0_1.0_12.144615033293732_4.765313462981964_5.0,Clerk_2,0.37732973499582706
5.0_1.0_12.144615033293732_4.765313462981964_5.0,Credit_Officer_2,0.8349558310566305
5.0_1.0_12.144615033293732_4.765313462981964_5.0,System,0.00019414264678817208
pool_time_cost
5.0_1.0_12.144615033293732_4.765313462981964_5.0,Clerk_1,16445.223605441573,567604.8958333334
5.0_1.0_12.144615033293732_4.765313462981964_5.0,Credit_Officer_1,3229612.783866973,227041.9583333333
5.0_1.0_12.144615033293732_4.765313462981964_5.0,Clerk_2,16487.990183795926,1378668.5901817246
5.0_1.0_12.144615033293732_4.765313462981964_5.0,Credit_Officer_2,67956.90783046804,1081926.1007076234
5.0_1.0_12.144615033293732_4.765313462981964_5.0,System,0.0,0.0

11.0_15.0_6.0_11.0_13.0,3303563.2073104726,0.4791666666666667,2022-09-23 09:00:00,2023-03-28 14:04:09,2.8917016983032227,95278.60894098831,169553.0,7709144.312500001,3215023.77880197
utilization
11.0_15.0_6.0_11.0_13.0,Clerk_1,0.4766819563620414
11.0_15.0_6.0_11.0_13.0,Credit_Officer_1,0.9961161686458118
11.0_15.0_6.0_11.0_13.0,Clerk_2,0.4044954782481832
11.0_15.0_6.0_11.0_13.0,Credit_Officer_2,0.8620528100494803
11.0_15.0_6.0_11.0_13.0,System,0.00020266193398239157
pool_time_cost
11.0_15.0_6.0_11.0_13.0,Clerk_1,17406.304743961813,1228994.0208333335
11.0_15.0_6.0_11.0_13.0,Credit_Officer_1,3097932.3789033396,3351801.875
11.0_15.0_6.0_11.0_13.0,Clerk_2,18430.931152030982,670360.375
11.0_15.0_6.0_11.0_13.0,Credit_Officer_2,81254.16400263795,2457988.041666667
11.0_15.0_6.0_11.0_13.0,System,0.0,0.0

11.575699797244885_4.0_9.691860638009002_8.0_14.0,3262771.8525099233,0.314358058578152,2022-09-23 09:00:00,2023-04-04 13:15:57,2.895254135131836,292417.83391591953,254426.0,5246811.095107985,3222527.8619730994
utilization
11.575699797244885_4.0_9.691860638009002_8.0_14.0,Clerk_1,0.4786165842395417
11.575699797244885_4.0_9.691860638009002_8.0_14.0,Credit_Officer_1,0.9958974591628024
11.575699797244885_4.0_9.691860638009002_8.0_14.0,Clerk_2,0.3710111919917638
11.575699797244885_4.0_9.691860638009002_8.0_14.0,Credit_Officer_2,0.8198156108122179
11.575699797244885_4.0_9.691860638009002_8.0_14.0,System,0.00019657934026688856
pool_time_cost
11.575699797244885_4.0_9.691860638009002_8.0_14.0,Clerk_1,17090.65817557844,1341700.5366722515
11.575699797244885_4.0_9.691860638009002_8.0_14.0,Credit_Officer_1,3090975.908068819,927253.1666666666
11.575699797244885_4.0_9.691860638009002_8.0_14.0,Clerk_2,18039.922974437526,1123351.0584357334
11.575699797244885_4.0_9.691860638009002_8.0_14.0,Credit_Officer_2,96421.37275426474,1854506.3333333333
11.575699797244885_4.0_9.691860638009002_8.0_14.0,System,0.0,0.0

9.0_10.0_5.0_1.0_1.0,3276684.7289403793,0.25,2022-09-23 09:00:00,2023-03-28 16:43:58,2.8837788105010986,265959.30108788796,169229.0,4024559.5,3200419.336480348
utilization
9.0_10.0_5.0_1.0_1.0,Clerk_1,0.4975274789062482
9.0_10.0_5.0_1.0_1.0,Credit_Officer_1,0.9968595589119019
9.0_10.0_5.0_1.0_1.0,Clerk_2,0.4056325765180126
9.0_10.0_5.0_1.0_1.0,Credit_Officer_2,0.8483872362933735
9.0_10.0_5.0_1.0_1.0,System,0.0002173188206972599
pool_time_cost
9.0_10.0_5.0_1.0_1.0,Clerk_1,19157.976515500046,1006139.875
9.0_10.0_5.0_1.0_1.0,Credit_Officer_1,3077340.966333389,2235866.388888889
9.0_10.0_5.0_1.0_1.0,Clerk_2,19528.709554498935,558966.5972222222
9.0_10.0_5.0_1.0_1.0,Credit_Officer_2,84391.68407695998,223586.63888888888
9.0_10.0_5.0_1.0_1.0,System,0.0,0.0

7.0_14.0_5.0_6.063924772905293_1.0,3528055.015165501,0.3619989551792402,2022-09-23 09:00:00,2023-04-03 14:05:55,2.6381518840789795,189349.76563308388,266636.0,6011772.758499695,3371628.2376874015
utilization
7.0_14.0_5.0_6.063924772905293_1.0,Clerk_1,0.4720348925448936
7.0_14.0_5.0_6.063924772905293_1.0,Credit_Officer_1,0.9985864398031592
7.0_14.0_5.0_6.063924772905293_1.0,Clerk_2,0.38762100357431456
7.0_14.0_5.0_6.063924772905293_1.0,Credit_Officer_2,0.828189093642672
7.0_14.0_5.0_6.063924772905293_1.0,System,0.0002405272814479977
pool_time_cost
7.0_14.0_5.0_6.063924772905293_1.0,Clerk_1,16880.479978486717,807292.2569444445
7.0_14.0_5.0_6.063924772905293_1.0,Credit_Officer_1,3277404.1936832084,3229169.027777778
7.0_14.0_5.0_6.063924772905293_1.0,Clerk_2,16969.645526337317,576637.3263888889
7.0_14.0_5.0_6.063924772905293_1.0,Credit_Officer_2,60373.918499368985,1398674.1473885833
7.0_14.0_5.0_6.063924772905293_1.0,System,0.0,0.0

2.0_7.0_14.0_7.0_11.0,3528935.015040878,0.3055555555555555,2022-09-23 09:00:00,2023-04-04 13:19:44,2.6486451625823975,261134.7063037944,347476.0,5099961.777777778,3444219.5869980915
utilization
2.0_7.0_14.0_7.0_11.0,Clerk_1,0.46730434844410507
2.0_7.0_14.0_7.0_11.0,Credit_Officer_1,0.9991718261470967
2.0_7.0_14.0_7.0_11.0,Clerk_2,0.3757294430134342
2.0_7.0_14.0_7.0_11.0,Credit_Officer_2,0.8171795905222283
2.0_7.0_14.0_7.0_11.0,System,0.00020668852221486137
pool_time_cost
2.0_7.0_14.0_7.0_11.0,Clerk_1,16275.275567828821,231816.44444444444
2.0_7.0_14.0_7.0_11.0,Credit_Officer_1,3366528.936124991,1622715.1111111112
2.0_7.0_14.0_7.0_11.0,Clerk_2,15686.333085184384,1622715.1111111112
2.0_7.0_14.0_7.0_11.0,Credit_Officer_2,45729.04222008735,1622715.1111111112
2.0_7.0_14.0_7.0_11.0,System,0.0,0.0

10.860202054752483_4.0_9.0_15.0_12.347513556451233,3500997.746727032,0.40180695871355887,2022-09-23 09:00:00,2023-03-29 16:36:11,2.506681203842163,230820.7649781485,359640.0,6502912.528810177,3423878.9570668526
utilization
10.860202054752483_4.0_9.0_15.0_12.347513556451233,Clerk_1,0.46561695433005107
10.860202054752483_4.0_9.0_15.0_12.347513556451233,Credit_Officer_1,0.9980664198393276
10.860202054752483_4.0_9.0_15.0_12.347513556451233,Clerk_2,0.40334953673122076
10.860202054752483_4.0_9.0_15.0_12.347513556451233,Credit_Officer_2,0.8392018524325588
10.860202054752483_4.0_9.0_15.0_12.347513556451233,System,0.00021056217402851954
pool_time_cost
10.860202054752483_4.0_9.0_15.0_12.347513556451233,Clerk_1,21739.691456502303,1220578.9385323995
10.860202054752483_4.0_9.0_15.0_12.347513556451233,Credit_Officer_1,3327243.4251408265,899120.611111111
10.860202054752483_4.0_9.0_15.0_12.347513556451233,Clerk_2,22793.035911306102,1011510.6875
10.860202054752483_4.0_9.0_15.0_12.347513556451233,Credit_Officer_2,52102.80455821757,3371702.291666667
10.860202054752483_4.0_9.0_15.0_12.347513556451233,System,0.0,0.0

6.0708597695064_13.930138870958695_5.0_5.0_3.0,3471879.202109392,0.33979956605155404,2022-09-23 09:00:00,2023-03-28 14:25:05,2.4622955322265625,268048.03448641393,177217.0,5467342.736810731,3418327.179527788
utilization
6.0708597695064_13.930138870958695_5.0_5.0_3.0,Clerk_1,0.48277141697744397
6.0708597695064_13.930138870958695_5.0_5.0_3.0,Credit_Officer_1,0.9990777101510502
6.0708597695064_13.930138870958695_5.0_5.0_3.0,Clerk_2,0.4053336836578757
6.0708597695064_13.930138870958695_5.0_5.0_3.0,Credit_Officer_2,0.8276014885290456
6.0708597695064_13.930138870958695_5.0_5.0_3.0,System,0.00022981203899708397
pool_time_cost
6.0708597695064_13.930138870958695_5.0_5.0_3.0,Clerk_1,17974.747209459238,678330.2566644436
6.0708597695064_13.930138870958695_5.0_5.0_3.0,Credit_Officer_1,3331435.406757803,3112980.7093129535
6.0708597695064_13.930138870958695_5.0_5.0_3.0,Clerk_2,18494.291821538358,558677.2569444445
6.0708597695064_13.930138870958695_5.0_5.0_3.0,Credit_Officer_2,50422.73373898719,1117354.513888889
6.0708597695064_13.930138870958695_5.0_5.0_3.0,System,0.0,0.0

13.0_1.0_4.0_12.0_14.0,3309352.1091000014,0.29861111111111105,2022-09-23 09:00:00,2023-03-31 15:55:43,2.5206480026245117,135372.65707827825,340703.0,4883648.256944444,3220431.5499546956
utilization
13.0_1.0_4.0_12.0_14.0,Clerk_1,0.4774821095912352
13.0_1.0_4.0_12.0_14.0,Credit_Officer_1,0.9974233575056618
13.0_1.0_4.0_12.0_14.0,Clerk_2,0.37648757830056157
13.0_1.0_4.0_12.0_14.0,Credit_Officer_2,0.8395182852614202
13.0_1.0_4.0_12.0_14.0,System,0.0001985118261369622
pool_time_cost
13.0_1.0_4.0_12.0_14.0,Clerk_1,19356.723374363646,1476451.798611111
13.0_1.0_4.0_12.0_14.0,Credit_Officer_1,3104888.6445050295,227146.43055555553
13.0_1.0_4.0_12.0_14.0,Clerk_2,19375.45482560526,454292.86111111107
13.0_1.0_4.0_12.0_14.0,Credit_Officer_2,76810.72724969724,2725757.1666666665
13.0_1.0_4.0_12.0_14.0,System,0.0,0.0

1.0_8.0_1.0_5.0_14.0,3320025.7577289157,0.19444444444444445,2022-09-23 09:00:00,2023-03-24 14:59:20,2.5765860080718994,159070.3692954164,440788.0,3061792.222222222,3274000.7137792245
utilization
1.0_8.0_1.0_5.0_14.0,Clerk_1,0.493808683286197
1.0_8.0_1.0_5.0_14.0,Credit_Officer_1,0.9956122359497879
1.0_8.0_1.0_5.0_14.0,Clerk_2,0.41390080435731774
1.0_8.0_1.0_5.0_14.0,Credit_Officer_2,0.8624147296525172
1.0_8.0_1.0_5.0_14.0,System,0.00020541082694708373
pool_time_cost
1.0_8.0_1.0_5.0_14.0,Clerk_1,22794.75550168686,109349.72222222222
1.0_8.0_1.0_5.0_14.0,Credit_Officer_1,3147496.7594353002,1749595.5555555555
1.0_8.0_1.0_5.0_14.0,Clerk_2,24057.40807048734,109349.72222222222
1.0_8.0_1.0_5.0_14.0,Credit_Officer_2,79651.79077175,1093497.2222222222
1.0_8.0_1.0_5.0_14.0,System,0.0,0.0

3.4542720230947994_10.0_11.0_6.0_4.109708793644578,3318058.9199180333,0.32259911127149166,2022-09-23 09:00:00,2023-03-31 15:54:04,2.498627185821533,200752.0753678428,527903.0,5275929.099739379,3256816.7565704235
utilization
3.4542720230947994_10.0_11.0_6.0_4.109708793644578,Clerk_1,0.4702631753264191
3.4542720230947994_10.0_11.0_6.0_4.109708793644578,Credit_Officer_1,0.992653160305123
3.4542720230947994_10.0_11.0_6.0_4.109708793644578,Clerk_2,0.3890415340490844
3.4542720230947994_10.0_11.0_6.0_4.109708793644578,Credit_Officer_2,0.8297320559370431
3.4542720230947994_10.0_11.0_6.0_4.109708793644578,System,0.00020363845748027257
pool_time_cost
3.4542720230947994_10.0_11.0_6.0_4.109708793644578,Clerk_1,14603.215256131374,392310.40529493475
3.4542720230947994_10.0_11.0_6.0_4.109708793644578,Credit_Officer_1,3162995.852179505,2271450.5555555555
3.4542720230947994_10.0_11.0_6.0_4.109708793644578,Clerk_2,14170.243800719456,1249297.8055555557
3.4542720230947994_10.0_11.0_6.0_4.109708793644578,Credit_Officer_2,65047.44533406781,1362870.3333333333
3.4542720230947994_10.0_11.0_6.0_4.109708793644578,System,0.0,0.0

11.135960696608812_13.262302120819387_13.0_11.0_13.0,3225178.0009755376,0.5045872565156082,2022-09-23 09:00:00,2023-04-03 14:37:08,2.6462419033050537,226135.31998188607,181015.0,8380703.871910919,3138380.675599175
utilization
11.135960696608812_13.262302120819387_13.0_11.0_13.0,Clerk_1,0.48036662136554653
11.135960696608812_13.262302120819387_13.0_11.0_13.0,Credit_Officer_1,0.9996774373859334
11.135960696608812_13.262302120819387_13.0_11.0_13.0,Clerk_2,0.3768638452485419
11.135960696608812_13.262302120819387_13.0_11.0_13.0,Credit_Officer_2,0.8166630634996382
11.135960696608812_13.262302120819387_13.0_11.0_13.0,System,0.00022909759539522002
pool_time_cost
11.135960696608812_13.262302120819387_13.0_11.0_13.0,Clerk_1,14840.641786989818,1284426.9653949672
11.135960696608812_13.262302120819387_13.0_11.0_13.0,Credit_Officer_1,3042253.843930831,3059360.378738174
11.135960696608812_13.262302120819387_13.0_11.0_13.0,Clerk_2,15767.41943688411,1499426.1388888888
11.135960696608812_13.262302120819387_13.0_11.0_13.0,Credit_Officer_2,65518.77044447019,2537490.388888889
11.135960696608812_13.262302120819387_13.0_11.0_13.0,System,0.0,0.0

5.0_15.0_2.0_5.0_9.0,3280576.444457092,0.32638888888888895,2022-09-23 09:00:00,2023-03-28 16:33:31,2.543056011199951,308956.57872701436,345639.0,5254081.368055556,3184648.121254013
utilization
5.0_15.0_2.0_5.0_9.0,Clerk_1,0.46890943923659506
5.0_15.0_2.0_5.0_9.0,Credit_Officer_1,0.9983416854810381
5.0_15.0_2.0_5.0_9.0,Clerk_2,0.4058520096534007
5.0_15.0_2.0_5.0_9.0,Credit_Officer_2,0.8357959617719771
5.0_15.0_2.0_5.0_9.0,System,0.00023097684670718256
pool_time_cost
5.0_15.0_2.0_5.0_9.0,Clerk_1,14439.324764884797,558944.8263888889
5.0_15.0_2.0_5.0_9.0,Credit_Officer_1,3102358.1552235717,3353668.9583333335
5.0_15.0_2.0_5.0_9.0,Clerk_2,12920.563784498525,223577.93055555553
5.0_15.0_2.0_5.0_9.0,Credit_Officer_2,54930.077481057815,1117889.6527777778
5.0_15.0_2.0_5.0_9.0,System,0.0,0.0

10.870078709586462_10.0_8.0_13.0_14.0,3727732.015104219,0.4504866577054616,2022-09-23 09:00:00,2023-04-03 14:33:44,2.5239665508270264,168702.5465506278,423687.0,7482053.612178255,3640768.8655367694
utilization
10.870078709586462_10.0_8.0_13.0_14.0,Clerk_1,0.4702474993863384
10.870078709586462_10.0_8.0_13.0_14.0,Credit_Officer_1,0.9979666709770547
10.870078709586462_10.0_8.0_13.0_14.0,Clerk_2,0.3880262820487037
10.870078709586462_10.0_8.0_13.0_14.0,Credit_Officer_2,0.8268511131964252
10.870078709586462_10.0_8.0_13.0_14.0,System,0.00019551691712239402
pool_time_cost
10.870078709586462_10.0_8.0_13.0_14.0,Clerk_1,15354.856248278129,1253744.6121782546
10.870078709586462_10.0_8.0_13.0_14.0,Credit_Officer_1,3554252.0191406826,2306781.111111111
10.870078709586462_10.0_8.0_13.0_14.0,Clerk_2,17369.6605157183,922712.4444444444
10.870078709586462_10.0_8.0_13.0_14.0,Credit_Officer_2,53792.32963209016,2998815.4444444445
10.870078709586462_10.0_8.0_13.0_14.0,System,0.0,0.0

10.0_7.0_13.0_13.220022470684047_4.0,3399039.464081831,0.44055586764838955,2022-09-23 09:00:00,2023-04-04 16:15:45,2.4857900142669678,382390.63867470436,341389.0,7357875.537370092,3303299.6909563844
utilization
10.0_7.0_13.0_13.220022470684047_4.0,Clerk_1,0.4842808958272579
10.0_7.0_13.0_13.220022470684047_4.0,Credit_Officer_1,0.9960561411915672
10.0_7.0_13.0_13.220022470684047_4.0,Clerk_2,0.3838276103526622
10.0_7.0_13.0_13.220022470684047_4.0,Credit_Officer_2,0.8275280709985059
10.0_7.0_13.0_13.220022470684047_4.0,System,0.00020256530226350596
pool_time_cost
10.0_7.0_13.0_13.220022470684047_4.0,Clerk_1,20996.46855766256,1159815.625
10.0_7.0_13.0_13.220022470684047_4.0,Credit_Officer_1,3178436.263515195,1623741.875
10.0_7.0_13.0_13.220022470684047_4.0,Clerk_2,22189.961080648147,1507760.3125
10.0_7.0_13.0_13.220022470684047_4.0,Credit_Officer_2,81676.99780287883,3066557.7248700922
10.0_7.0_13.0_13.220022470684047_4.0,System,0.0,0.0

10.333006677743622_11.0_4.0_5.0_8.0,3430392.7078206707,0.32175699081766407,2022-09-23 09:00:00,2023-03-24 14:53:58,2.428145408630371,160116.95871523116,350498.0,5066397.8041805895,3386187.6520682564
utilization
10.333006677743622_11.0_4.0_5.0_8.0,Clerk_1,0.5004180210549071
10.333006677743622_11.0_4.0_5.0_8.0,Credit_Officer_1,0.9939499528717438
10.333006677743622_11.0_4.0_5.0_8.0,Clerk_2,0.40416026500124064
10.333006677743622_11.0_4.0_5.0_8.0,Credit_Officer_2,0.8682656839766301
10.333006677743622_11.0_4.0_5.0_8.0,System,0.0001948012012274287
pool_time_cost
10.333006677743622_11.0_4.0_5.0_8.0,Clerk_1,22929.888492096798,1129888.304180589
10.333006677743622_11.0_4.0_5.0_8.0,Credit_Officer_1,3262495.1330152387,2405644.6944444445
10.333006677743622_11.0_4.0_5.0_8.0,Clerk_2,24537.325893080495,437389.94444444444
10.333006677743622_11.0_4.0_5.0_8.0,Credit_Officer_2,76225.30466784025,1093474.8611111112
10.333006677743622_11.0_4.0_5.0_8.0,System,0.0,0.0

2.0_3.823030989697997_5.975922469367225_7.274065959642515_9.0,3302306.4191406784,0.2095146970003351,2022-09-23 09:00:00,2023-03-27 14:43:52,2.546534538269043,284768.6426301752,511132.0,3353205.624081867,3240822.049400235
utilization
2.0_3.823030989697997_5.975922469367225_7.274065959642515_9.0,Clerk_1,0.48452170634187286
2.0_3.823030989697997_5.975922469367225_7.274065959642515_9.0,Credit_Officer_1,0.9970681716642481
2.0_3.823030989697997_5.975922469367225_7.274065959642515_9.0,Clerk_2,0.3988329684188613
2.0_3.823030989697997_5.975922469367225_7.274065959642515_9.0,Credit_Officer_2,0.8537263211041288
2.0_3.823030989697997_5.975922469367225_7.274065959642515_9.0,System,0.00021345926874107222
pool_time_cost
2.0_3.823030989697997_5.975922469367225_7.274065959642515_9.0,Clerk_1,18443.829025725052,222286.55555555553
2.0_3.823030989697997_5.975922469367225_7.274065959642515_9.0,Credit_Officer_1,3131639.915858576,849808.3904821144
2.0_3.823030989697997_5.975922469367225_7.274065959642515_9.0,Clerk_2,18613.35287858255,664183.6109913453
2.0_3.823030989697997_5.975922469367225_7.274065959642515_9.0,Credit_Officer_2,72124.95163735183,1616927.0670528514
2.0_3.823030989697997_5.975922469367225_7.274065959642515_9.0,System,0.0,0.0

9.0_10.0_8.0_14.0_1.0,3286389.378851481,0.45138888888888884,2022-09-23 09:00:00,2023-03-31 16:49:39,3.034637451171875,112477.09168464458,435522.0,7383719.6875,3205822.0295499936
utilization
9.0_10.0_8.0_14.0_1.0,Clerk_1,0.4902364503594051
9.0_10.0_8.0_14.0_1.0,Credit_Officer_1,0.9990387263732923
9.0_10.0_8.0_14.0_1.0,Clerk_2,0.3704239515776768
9.0_10.0_8.0_14.0_1.0,Credit_Officer_2,0.8437046326000374
9.0_10.0_8.0_14.0_1.0,System,0.00018388181243451286
pool_time_cost
9.0_10.0_8.0_14.0_1.0,Clerk_1,16156.710601311566,1022361.1875
9.0_10.0_8.0_14.0_1.0,Credit_Officer_1,3123005.811916009,2271913.75
9.0_10.0_8.0_14.0_1.0,Clerk_2,16271.975457905595,908765.5
9.0_10.0_8.0_14.0_1.0,Credit_Officer_2,50387.53157476768,3180679.25
9.0_10.0_8.0_14.0_1.0,System,0.0,0.0

12.0_10.0_11.0_12.0_14.0,3412212.3414209653,0.4652777777777778,2022-09-23 09:00:00,2023-03-30 16:17:47,2.9291577339172363,179383.53588824067,421600.0,7569821.451388889,3329495.855683358
utilization
12.0_10.0_11.0_12.0_14.0,Clerk_1,0.4793406099200377
12.0_10.0_11.0_12.0_14.0,Credit_Officer_1,0.9947538444068121
12.0_10.0_11.0_12.0_14.0,Clerk_2,0.3807170063296958
12.0_10.0_11.0_12.0_14.0,Credit_Officer_2,0.8277410407403154
12.0_10.0_11.0_12.0_14.0,System,0.00022663269233674479
pool_time_cost
12.0_10.0_11.0_12.0_14.0,Clerk_1,19068.03094329734,1355788.9166666665
12.0_10.0_11.0_12.0_14.0,Credit_Officer_1,3224094.496027015,2259648.1944444445
12.0_10.0_11.0_12.0_14.0,Clerk_2,19027.94687125269,1242806.5069444445
12.0_10.0_11.0_12.0_14.0,Credit_Officer_2,67305.3818417931,2711577.833333333
12.0_10.0_11.0_12.0_14.0,System,0.0,0.0

3.0_14.446404391568475_4.0_12.0_11.0,3390438.4888337245,0.4159222832162288,2022-09-23 09:00:00,2023-04-03 15:40:55,2.586961507797241,293770.84674275573,432292.0,6909656.582340142,3265757.7569609494
utilization
3.0_14.446404391568475_4.0_12.0_11.0,Clerk_1,0.47936645518852056
3.0_14.446404391568475_4.0_12.0_11.0,Credit_Officer_1,0.9961517117133472
3.0_14.446404391568475_4.0_12.0_11.0,Clerk_2,0.38322089024924766
3.0_14.446404391568475_4.0_12.0_11.0,Credit_Officer_2,0.8258217881812263
3.0_14.446404391568475_4.0_12.0_11.0,System,0.00022458711719488116
pool_time_cost
3.0_14.446404391568475_4.0_12.0_11.0,Clerk_1,18214.09265789371,346101.1458333333
3.0_14.446404391568475_4.0_12.0_11.0,Credit_Officer_1,3174581.982834052,3333278.075395698
3.0_14.446404391568475_4.0_12.0_11.0,Clerk_2,17862.64093430159,461468.19444444444
3.0_14.446404391568475_4.0_12.0_11.0,Credit_Officer_2,55099.04053470203,2768809.1666666665
3.0_14.446404391568475_4.0_12.0_11.0,System,0.0,0.0

1.0_1.0_8.0_9.0_8.0,3378053.7910625143,0.2013888888888889,2022-09-23 09:00:00,2023-04-05 14:15:54,2.861412525177002,135763.6157793859,347514.0,3379417.125,3285646.6818200178
utilization
1.0_1.0_8.0_9.0_8.0,Clerk_1,0.4732759318407069
1.0_1.0_8.0_9.0_8.0,Credit_Officer_1,0.9962717490718078
1.0_1.0_8.0_9.0_8.0,Clerk_2,0.3716152197494355
1.0_1.0_8.0_9.0_8.0,Credit_Officer_2,0.8201594795200023
1.0_1.0_8.0_9.0_8.0,System,0.00019781554160010022
pool_time_cost
1.0_1.0_8.0_9.0_8.0,Clerk_1,19052.49407190072,116531.625
1.0_1.0_8.0_9.0_8.0,Credit_Officer_1,3193129.5307634254,233063.25
1.0_1.0_8.0_9.0_8.0,Clerk_2,18494.022620262465,932253.0
1.0_1.0_8.0_9.0_8.0,Credit_Officer_2,54970.63436442937,2097569.25
1.0_1.0_8.0_9.0_8.0,System,0.0,0.0

10.0_3.0_2.0_3.0_6.0,3510829.138311108,0.16666666666666666,2022-09-23 09:00:00,2023-04-03 14:28:45,2.789393663406372,205737.3972049281,347416.0,2768087.5,3430448.1286256933
utilization
10.0_3.0_2.0_3.0_6.0,Clerk_1,0.4757083323620644
10.0_3.0_2.0_3.0_6.0,Credit_Officer_1,0.9983437387118512
10.0_3.0_2.0_3.0_6.0,Clerk_2,0.38346196052662584
10.0_3.0_2.0_3.0_6.0,Credit_Officer_2,0.8168513897369681
10.0_3.0_2.0_3.0_6.0,System,0.0002179530647448255
pool_time_cost
10.0_3.0_2.0_3.0_6.0,Clerk_1,17072.901721393522,1153369.7916666667
10.0_3.0_2.0_3.0_6.0,Credit_Officer_1,3339282.1412794585,692021.875
10.0_3.0_2.0_3.0_6.0,Clerk_2,17816.283167128884,230673.9583333333
10.0_3.0_2.0_3.0_6.0,Credit_Officer_2,56276.80245771219,692021.875
10.0_3.0_2.0_3.0_6.0,System,0.0,0.0

8.155127643324455_10.0_4.0_13.0_3.0,3451328.779781986,0.403855053078642,2022-09-23 09:00:00,2023-03-31 13:27:34,3.0441579818725586,132514.47298311628,340992.0,6601274.963775118,3384590.3134752274
utilization
8.155127643324455_10.0_4.0_13.0_3.0,Clerk_1,0.4889599340883739
8.155127643324455_10.0_4.0_13.0_3.0,Credit_Officer_1,0.9955574056062451
8.155127643324455_10.0_4.0_13.0_3.0,Clerk_2,0.384464811282293
8.155127643324455_10.0_4.0_13.0_3.0,Credit_Officer_2,0.8336530249563802
8.155127643324455_10.0_4.0_13.0_3.0,System,0.000207642161008521
pool_time_cost
8.155127643324455_10.0_4.0_13.0_3.0,Clerk_1,18233.402785324542,925700.6582195621
8.155127643324455_10.0_4.0_13.0_3.0,Credit_Officer_1,3279791.799977433,2270229.7222222225
8.155127643324455_10.0_4.0_13.0_3.0,Clerk_2,19070.28945490794,454045.94444444444
8.155127643324455_10.0_4.0_13.0_3.0,Credit_Officer_2,67494.82125756217,2951298.638888889
8.155127643324455_10.0_4.0_13.0_3.0,System,0.0,0.0

8.886053065329573_7.0_9.0_2.190330615562028_3.0,3243901.11509733,0.2518521826142613,2022-09-23 09:00:00,2023-03-16 16:33:28,2.7635514736175537,116930.14496262884,338539.0,3793097.3667343273,3214307.8923870143
utilization
8.886053065329573_7.0_9.0_2.190330615562028_3.0,Clerk_1,0.5109039835828484
8.886053065329573_7.0_9.0_2.190330615562028_3.0,Credit_Officer_1,0.9915671590333273
8.886053065329573_7.0_9.0_2.190330615562028_3.0,Clerk_2,0.42283403065302716
8.886053065329573_7.0_9.0_2.190330615562028_3.0,Credit_Officer_2,0.8885482383660352
8.886053065329573_7.0_9.0_2.190330615562028_3.0,System,0.00023131558446659337
pool_time_cost
8.886053065329573_7.0_9.0_2.190330615562028_3.0,Clerk_1,17480.785158352344,929382.91038014
8.886053065329573_7.0_9.0_2.190330615562028_3.0,Credit_Officer_1,3074235.8659773073,1464245.2222222222
8.886053065329573_7.0_9.0_2.190330615562028_3.0,Clerk_2,17743.076054143763,941300.5
8.886053065329573_7.0_9.0_2.190330615562028_3.0,Credit_Officer_2,104848.16519721088,458168.7341319655
8.886053065329573_7.0_9.0_2.190330615562028_3.0,System,0.0,0.0

7.0_11.0_4.0_6.206902923872234_3.0,3484395.939518948,0.31537365172044773,2022-09-23 09:00:00,2023-03-27 14:57:33,2.703839063644409,297757.74852181226,339473.0,5047698.1600499945,3440494.533966582
utilization
7.0_11.0_4.0_6.206902923872234_3.0,Clerk_1,0.48106724654746047
7.0_11.0_4.0_6.206902923872234_3.0,Credit_Officer_1,0.9920071725084524
7.0_11.0_4.0_6.206902923872234_3.0,Clerk_2,0.38604217955351067
7.0_11.0_4.0_6.206902923872234_3.0,Credit_Officer_2,0.8610769562848102
7.0_11.0_4.0_6.206902923872234_3.0,System,0.00019329758778294042
pool_time_cost
7.0_11.0_4.0_6.206902923872234_3.0,Clerk_1,17429.20359883845,778042.8541666666
7.0_11.0_4.0_6.206902923872234_3.0,Credit_Officer_1,3317490.5721180253,2445277.541666667
7.0_11.0_4.0_6.206902923872234_3.0,Clerk_2,16624.72548818895,444595.9166666666
7.0_11.0_4.0_6.206902923872234_3.0,Credit_Officer_2,88950.03276152929,1379781.8475499947
7.0_11.0_4.0_6.206902923872234_3.0,System,0.0,0.0

8.0_9.0_6.0_2.0_11.0,3476394.460552093,0.25,2022-09-23 09:00:00,2023-04-03 15:23:49,2.597081422805786,337074.4701251015,253412.0,4152957.25,3404302.085917635
utilization
8.0_9.0_6.0_2.0_11.0,Clerk_1,0.4708200229884453
8.0_9.0_6.0_2.0_11.0,Credit_Officer_1,0.9971559017727691
8.0_9.0_6.0_2.0_11.0,Clerk_2,0.37170585982097626
8.0_9.0_6.0_2.0_11.0,Credit_Officer_2,0.8306847154697535
8.0_9.0_6.0_2.0_11.0,System,0.00020335228114741455
pool_time_cost
8.0_9.0_6.0_2.0_11.0,Clerk_1,23010.041894964055,922879.3888888889
8.0_9.0_6.0_2.0_11.0,Credit_Officer_1,3263143.6513603386,2076478.625
8.0_9.0_6.0_2.0_11.0,Clerk_2,22177.48544636241,692159.5416666666
8.0_9.0_6.0_2.0_11.0,Credit_Officer_2,95970.90721596954,461439.69444444444
8.0_9.0_6.0_2.0_11.0,System,0.0,0.0

7.7014110359127494_3.0_2.0_3.0_2.0,3375621.3399883504,0.15070424330494964,2022-09-23 09:00:00,2023-03-29 13:25:24,2.8838725090026855,332939.85032094596,173978.0,2437298.1325997985,3282517.6844378174
utilization
7.7014110359127494_3.0_2.0_3.0_2.0,Clerk_1,0.47638786799481186
7.7014110359127494_3.0_2.0_3.0_2.0,Credit_Officer_1,0.9982785385068803
7.7014110359127494_3.0_2.0_3.0_2.0,Clerk_2,0.40838644437179583
7.7014110359127494_3.0_2.0_3.0_2.0,Credit_Officer_2,0.857195877125508
7.7014110359127494_3.0_2.0_3.0_2.0,System,0.00020451557096187075
pool_time_cost
7.7014110359127494_3.0_2.0_3.0_2.0,Clerk_1,21584.79644075693,864949.9659331319
7.7014110359127494_3.0_2.0_3.0_2.0,Credit_Officer_1,3180013.486816928,673863.5
7.7014110359127494_3.0_2.0_3.0_2.0,Clerk_2,19961.682191379838,224621.16666666666
7.7014110359127494_3.0_2.0_3.0_2.0,Credit_Officer_2,60957.718988752604,673863.5
7.7014110359127494_3.0_2.0_3.0_2.0,System,0.0,0.0

7.0_14.796571756242486_4.0_12.0_1.0,3226695.201477311,0.44856349661447903,2022-09-23 09:00:00,2023-04-06 13:46:49,2.3590054512023926,256184.546359397,428378.0,7565117.12017398,3156123.273099209
utilization
7.0_14.796571756242486_4.0_12.0_1.0,Clerk_1,0.46934048437521225
7.0_14.796571756242486_4.0_12.0_1.0,Credit_Officer_1,0.9954339843694993
7.0_14.796571756242486_4.0_12.0_1.0,Clerk_2,0.36789225041096624
7.0_14.796571756242486_4.0_12.0_1.0,Credit_Officer_2,0.8266903690911452
7.0_14.796571756242486_4.0_12.0_1.0,System,0.00017760839607258675
pool_time_cost
7.0_14.796571756242486_4.0_12.0_1.0,Clerk_1,15717.914211927173,819836.5486111111
7.0_14.796571756242486_4.0_12.0_1.0,Credit_Officer_1,3043368.1199808917,3465934.377118425
7.0_14.796571756242486_4.0_12.0_1.0,Clerk_2,16255.308925548736,468478.02777777775
7.0_14.796571756242486_4.0_12.0_1.0,Credit_Officer_2,80781.92998084138,2810868.1666666665
7.0_14.796571756242486_4.0_12.0_1.0,System,0.0,0.0

3.0_12.580905484976276_12.0_12.0_4.0,3474673.5463857637,0.4455681317357816,2022-09-23 09:00:00,2023-03-28 16:28:49,2.538175344467163,178313.00314400624,344381.0,7172456.808466217,3372912.525334279
utilization
3.0_12.580905484976276_12.0_12.0_4.0,Clerk_1,0.4981416400170283
3.0_12.580905484976276_12.0_12.0_4.0,Credit_Officer_1,0.9963758279138123
3.0_12.580905484976276_12.0_12.0_4.0,Clerk_2,0.3862804720888548
3.0_12.580905484976276_12.0_12.0_4.0,Credit_Officer_2,0.8541432944970369
3.0_12.580905484976276_12.0_12.0_4.0,System,0.00021324080628044658
pool_time_cost
3.0_12.580905484976276_12.0_12.0_4.0,Clerk_1,18580.05319828412,335361.0208333333
3.0_12.580905484976276_12.0_12.0_4.0,Credit_Officer_1,3241611.177571671,2812763.5376328845
3.0_12.580905484976276_12.0_12.0_4.0,Clerk_2,16925.88278186505,1341444.0833333333
3.0_12.580905484976276_12.0_12.0_4.0,Credit_Officer_2,95795.41178245904,2682888.1666666665
3.0_12.580905484976276_12.0_12.0_4.0,System,0.0,0.0

8.893239879662229_6.997798277423894_5.0_1.0_1.1002590096054494,3256378.5855544494,0.20756136412854181,2022-09-23 09:00:00,2023-03-30 13:28:57,2.6579582691192627,192976.64924865868,423875.0,3374810.1675456725,3233544.8269730345
utilization
8.893239879662229_6.997798277423894_5.0_1.0_1.1002590096054494,Clerk_1,0.48181120581640563
8.893239879662229_6.997798277423894_5.0_1.0_1.1002590096054494,Credit_Officer_1,0.9983651276145658
8.893239879662229_6.997798277423894_5.0_1.0_1.1002590096054494,Clerk_2,0.38206492505398654
8.893239879662229_6.997798277423894_5.0_1.0_1.1002590096054494,Credit_Officer_2,0.8282851507686216
8.893239879662229_6.997798277423894_5.0_1.0_1.1002590096054494,System,0.0001967548859318079
pool_time_cost
8.893239879662229_6.997798277423894_5.0_1.0_1.1002590096054494,Clerk_1,18891.507029679735,1004154.057119914
8.893239879662229_6.997798277423894_5.0_1.0_1.1002590096054494,Credit_Officer_1,3137122.3416473544,1580271.6729257584
8.893239879662229_6.997798277423894_5.0_1.0_1.1002590096054494,Clerk_2,18862.389146588936,564560.3125
8.893239879662229_6.997798277423894_5.0_1.0_1.1002590096054494,Credit_Officer_2,58668.58914941129,225824.125
8.893239879662229_6.997798277423894_5.0_1.0_1.1002590096054494,System,0.0,0.0

1.8562557404100843_6.632857045475198_3.922361936281881_2.9461596589546297_11.0,3307055.501663864,0.17317118809410847,2022-09-23 09:00:00,2023-03-29 16:30:39,2.6046884059906006,222736.22498656996,439093.0,2802574.6275537685,3258143.402458367
utilization
1.8562557404100843_6.632857045475198_3.922361936281881_2.9461596589546297_11.0,Clerk_1,0.485336825544717
1.8562557404100843_6.632857045475198_3.922361936281881_2.9461596589546297_11.0,Credit_Officer_1,0.9943269596318375
1.8562557404100843_6.632857045475198_3.922361936281881_2.9461596589546297_11.0,Clerk_2,0.39861041174034556
1.8562557404100843_6.632857045475198_3.922361936281881_2.9461596589546297_11.0,Credit_Officer_2,0.8442726335324996
1.8562557404100843_6.632857045475198_3.922361936281881_2.9461596589546297_11.0,System,0.000196074382879383
pool_time_cost
1.8562557404100843_6.632857045475198_3.922361936281881_2.9461596589546297_11.0,Clerk_1,17051.196018921077,208620.44476126807
1.8562557404100843_6.632857045475198_3.922361936281881_2.9461596589546297_11.0,Credit_Officer_1,3143156.6206377205,1490904.035194254
1.8562557404100843_6.632857045475198_3.922361936281881_2.9461596589546297_11.0,Clerk_2,17914.290517649875,440825.51442023757
1.8562557404100843_6.632857045475198_3.922361936281881_2.9461596589546297_11.0,Credit_Officer_2,80021.2952840759,662224.6331780088
1.8562557404100843_6.632857045475198_3.922361936281881_2.9461596589546297_11.0,System,0.0,0.0

1.9378975015486808_7.076142643770493_2.0_4.632408201005615_2.0,3616590.467740867,0.1899652721604229,2022-09-23 09:00:00,2023-04-03 16:27:00,2.7807860374450684,214578.10808962584,434277.0,3156390.775414166,3537886.752796335
utilization
1.9378975015486808_7.076142643770493_2.0_4.632408201005615_2.0,Clerk_1,0.4697171883439712
1.9378975015486808_7.076142643770493_2.0_4.632408201005615_2.0,Credit_Officer_1,0.9985652757287925
1.9378975015486808_7.076142643770493_2.0_4.632408201005615_2.0,Clerk_2,0.390054731154747
1.9378975015486808_7.076142643770493_2.0_4.632408201005615_2.0,Credit_Officer_2,0.8117734377211769
1.9378975015486808_7.076142643770493_2.0_4.632408201005615_2.0,System,0.00021818319232170454
pool_time_cost
1.9378975015486808_7.076142643770493_2.0_4.632408201005615_2.0,Clerk_1,17370.454889752822,223606.72558807145
1.9378975015486808_7.076142643770493_2.0_4.632408201005615_2.0,Credit_Officer_1,3448749.2124218103,1632979.128259526
1.9378975015486808_7.076142643770493_2.0_4.632408201005615_2.0,Clerk_2,17849.068771669492,230772.5
1.9378975015486808_7.076142643770493_2.0_4.632408201005615_2.0,Credit_Officer_2,53918.01671310226,1069032.4215665683
1.9378975015486808_7.076142643770493_2.0_4.632408201005615_2.0,System,0.0,0.0

11.135960696608812_13.262302120819387_7.340786766124856_2.693439370662941_1.2501192166060735,3467301.187953216,0.3499182669840161,2022-09-23 09:00:00,2023-03-29 13:28:21,2.713165283203125,307965.7005669321,343034.0,5659193.490024062,3368825.161263973
utilization
11.135960696608812_13.262302120819387_7.340786766124856_2.693439370662941_1.2501192166060735,Clerk_1,0.47626877938012535
11.135960696608812_13.262302120819387_7.340786766124856_2.693439370662941_1.2501192166060735,Credit_Officer_1,0.991935987251208
11.135960696608812_13.262302120819387_7.340786766124856_2.693439370662941_1.2501192166060735,Clerk_2,0.39470796219176524
11.135960696608812_13.262302120819387_7.340786766124856_2.693439370662941_1.2501192166060735,Credit_Officer_2,0.8371412072913527
11.135960696608812_13.262302120819387_7.340786766124856_2.693439370662941_1.2501192166060735,System,0.00023266714900728244
pool_time_cost
11.135960696608812_13.262302120819387_7.340786766124856_2.693439370662941_1.2501192166060735,Clerk_1,19143.12874952562,1250699.9297648985
11.135960696608812_13.262302120819387_7.340786766124856_2.693439370662941_1.2501192166060735,Credit_Officer_1,3272796.7414599713,2979026.3782236385
11.135960696608812_13.262302120819387_7.340786766124856_2.693439370662941_1.2501192166060735,Clerk_2,17804.70790023593,824457.0668794962
11.135960696608812_13.262302120819387_7.340786766124856_2.693439370662941_1.2501192166060735,Credit_Officer_2,59080.583154240114,605010.1151560284
11.135960696608812_13.262302120819387_7.340786766124856_2.693439370662941_1.2501192166060735,System,0.0,0.0

1.4086588619185711_1.3839241262530546_8.0_8.462923676790368_9.0,3201124.2887116363,0.20209968380559315,2022-09-23 09:00:00,2023-03-30 15:38:53,2.9109208583831787,208863.98161952756,353695.0,3287582.43572353,3138694.1452027834
utilization
1.4086588619185711_1.3839241262530546_8.0_8.462923676790368_9.0,Clerk_1,0.4753910171185115
1.4086588619185711_1.3839241262530546_8.0_8.462923676790368_9.0,Credit_Officer_1,0.9984703422369694
1.4086588619185711_1.3839241262530546_8.0_8.462923676790368_9.0,Clerk_2,0.4005849338003757
1.4086588619185711_1.3839241262530546_8.0_8.462923676790368_9.0,Credit_Officer_2,0.8460717652005153
1.4086588619185711_1.3839241262530546_8.0_8.462923676790368_9.0,System,0.00018874413766468526
pool_time_cost
1.4086588619185711_1.3839241262530546_8.0_8.462923676790368_9.0,Clerk_1,19726.04987234968,159130.8406837363
1.4086588619185711_1.3839241262530546_8.0_8.462923676790368_9.0,Credit_Officer_1,3033983.721766608,312673.3031064893
1.4086588619185711_1.3839241262530546_8.0_8.462923676790368_9.0,Clerk_2,19939.485770293453,903729.611111111
1.4086588619185711_1.3839241262530546_8.0_8.462923676790368_9.0,Credit_Officer_2,65044.887793532296,1912048.6808221932
1.4086588619185711_1.3839241262530546_8.0_8.462923676790368_9.0,System,0.0,0.0

1.0269959925726149_3.823030989697997_5.975922469367225_3.979205677164372_8.452829812025605,3365938.4721104153,0.15699577635878179,2022-09-23 09:00:00,2023-03-27 14:02:04,2.7354836463928223,217591.32096259343,348744.0,2512265.880769495,3290122.2396403695
utilization
1.0269959925726149_3.823030989697997_5.975922469367225_3.979205677164372_8.452829812025605,Clerk_1,0.4799787257661968
1.0269959925726149_3.823030989697997_5.975922469367225_3.979205677164372_8.452829812025605,Credit_Officer_1,0.9990470338125697
1.0269959925726149_3.823030989697997_5.975922469367225_3.979205677164372_8.452829812025605,Clerk_2,0.39876815099524393
1.0269959925726149_3.823030989697997_5.975922469367225_3.979205677164372_8.452829812025605,Credit_Officer_2,0.8685646015170029
1.0269959925726149_3.823030989697997_5.975922469367225_3.979205677164372_8.452829812025605,System,0.0002084519011749378
pool_time_cost
1.0269959925726149_3.823030989697997_5.975922469367225_3.979205677164372_8.452829812025605,Clerk_1,30084.512358006865,114125.8140322921
1.0269959925726149_3.823030989697997_5.975922469367225_3.979205677164372_8.452829812025605,Credit_Officer_1,3145737.2943623215,849675.2215693066
1.0269959925726149_3.823030989697997_5.975922469367225_3.979205677164372_8.452829812025605,Clerk_2,27857.19667919378,664079.5303416705
1.0269959925726149_3.823030989697997_5.975922469367225_3.979205677164372_8.452829812025605,Credit_Officer_2,86443.2362408472,884385.3148262256
1.0269959925726149_3.823030989697997_5.975922469367225_3.979205677164372_8.452829812025605,System,0.0,0.0

3.9904303024914913_8.095571113214701_10.0_4.773383205772108_3.0,3470931.232110668,0.2758912426421188,2022-09-23 09:00:00,2023-04-04 15:33:43,2.7474687099456787,165438.3595358748,267045.0,4607059.028130794,3390686.967650997
utilization
3.9904303024914913_8.095571113214701_10.0_4.773383205772108_3.0,Clerk_1,0.4700330288735757
3.9904303024914913_8.095571113214701_10.0_4.773383205772108_3.0,Credit_Officer_1,0.9979549905722267
3.9904303024914913_8.095571113214701_10.0_4.773383205772108_3.0,Clerk_2,0.3834852265611493
3.9904303024914913_8.095571113214701_10.0_4.773383205772108_3.0,Credit_Officer_2,0.8236811622065908
3.9904303024914913_8.095571113214701_10.0_4.773383205772108_3.0,System,0.0001947504728790541
pool_time_cost
3.9904303024914913_8.095571113214701_10.0_4.773383205772108_3.0,Clerk_1,16847.080416889654,462746.4535773741
3.9904303024914913_8.095571113214701_10.0_4.773383205772108_3.0,Credit_Officer_1,3304149.07235402,1877590.4042150727
3.9904303024914913_8.095571113214701_10.0_4.773383205772108_3.0,Clerk_2,15414.4659955562,1159640.4861111112
3.9904303024914913_8.095571113214701_10.0_4.773383205772108_3.0,Credit_Officer_2,54276.348884531064,1107081.684227236
3.9904303024914913_8.095571113214701_10.0_4.773383205772108_3.0,System,0.0,0.0

2.0203541853800777_3.0_8.996456914464103_2.0_1.4548825549589646,3310829.902716861,0.14595007708225127,2022-09-23 09:00:00,2023-03-29 15:29:42,2.53109073638916,166890.43619729718,341567.0,2361498.8101048544,3212547.1166535593
utilization
2.0203541853800777_3.0_8.996456914464103_2.0_1.4548825549589646,Clerk_1,0.49108997186971814
2.0203541853800777_3.0_8.996456914464103_2.0_1.4548825549589646,Credit_Officer_1,0.9984498486043981
2.0203541853800777_3.0_8.996456914464103_2.0_1.4548825549589646,Clerk_2,0.39120788196014356
2.0203541853800777_3.0_8.996456914464103_2.0_1.4548825549589646,Credit_Officer_2,0.8600771753395469
2.0203541853800777_3.0_8.996456914464103_2.0_1.4548825549589646,System,0.0002006047137050336
pool_time_cost
2.0203541853800777_3.0_8.996456914464103_2.0_1.4548825549589646,Clerk_1,18289.474613822884,227011.79461049582
2.0203541853800777_3.0_8.996456914464103_2.0_1.4548825549589646,Credit_Officer_1,3114177.17962415,674174.25
2.0203541853800777_3.0_8.996456914464103_2.0_1.4548825549589646,Clerk_2,17683.140390164957,1010863.2654943585
2.0203541853800777_3.0_8.996456914464103_2.0_1.4548825549589646,Credit_Officer_2,62397.32202542154,449449.5
2.0203541853800777_3.0_8.996456914464103_2.0_1.4548825549589646,System,0.0,0.0

2.0_9.0_3.0_10.26794066198789_1.0813775411699402,3369088.895992088,0.30233250919427623,2022-09-23 09:00:00,2023-03-29 15:42:44,3.055233955383301,244436.74261041963,349066.0,4892031.447302253,3311553.5687156166
utilization
2.0_9.0_3.0_10.26794066198789_1.0813775411699402,Clerk_1,0.4786539105148568
2.0_9.0_3.0_10.26794066198789_1.0813775411699402,Credit_Officer_1,0.9962882435094169
2.0_9.0_3.0_10.26794066198789_1.0813775411699402,Clerk_2,0.39528143766197493
2.0_9.0_3.0_10.26794066198789_1.0813775411699402,Credit_Officer_2,0.8464226377140212
2.0_9.0_3.0_10.26794066198789_1.0813775411699402,System,0.0002015621863708891
pool_time_cost
2.0_9.0_3.0_10.26794066198789_1.0813775411699402,Clerk_1,18204.953592778318,224735.6111111111
2.0_9.0_3.0_10.26794066198789_1.0813775411699402,Credit_Officer_1,3171352.9525560634,2022620.5
2.0_9.0_3.0_10.26794066198789_1.0813775411699402,Clerk_2,16828.49526797311,337103.4166666666
2.0_9.0_3.0_10.26794066198789_1.0813775411699402,Credit_Officer_2,105167.16729880172,2307571.919524475
2.0_9.0_3.0_10.26794066198789_1.0813775411699402,System,0.0,0.0

4.631047498709502_1.8793591827107523_2.0189743561653697_5.017577343459855_9.0,3304163.9121699436,0.1419714924112228,2022-09-23 09:00:00,2023-03-29 15:09:27,2.8689634799957275,159073.9770565033,179049.0,2296952.0906619243,3218265.7194452966
utilization
4.631047498709502_1.8793591827107523_2.0189743561653697_5.017577343459855_9.0,Clerk_1,0.48050769445461833
4.631047498709502_1.8793591827107523_2.0189743561653697_5.017577343459855_9.0,Credit_Officer_1,0.9985389464278016
4.631047498709502_1.8793591827107523_2.0189743561653697_5.017577343459855_9.0,Clerk_2,0.40450721128865424
4.631047498709502_1.8793591827107523_2.0189743561653697_5.017577343459855_9.0,Credit_Officer_2,0.8534972027368365
4.631047498709502_1.8793591827107523_2.0189743561653697_5.017577343459855_9.0,System,0.00019657119397187978
pool_time_cost
4.631047498709502_1.8793591827107523_2.0189743561653697_5.017577343459855_9.0,Clerk_1,18594.554352430143,520316.4212295387
4.631047498709502_1.8793591827107523_2.0189743561653697_5.017577343459855_9.0,Credit_Officer_1,3115145.7484113136,422306.80830866983
4.631047498709502_1.8793591827107523_2.0189743561653697_5.017577343459855_9.0,Clerk_2,19325.736435055387,226839.7186267067
4.631047498709502_1.8793591827107523_2.0189743561653697_5.017577343459855_9.0,Credit_Officer_2,65199.680246497366,1127489.1424970094
4.631047498709502_1.8793591827107523_2.0189743561653697_5.017577343459855_9.0,System,0.0,0.0

6.492256228752823_2.988688929038301_1.5080996232023907_3.0_2.1988131380555487,3513717.538064558,0.13873426187522092,2022-09-23 09:00:00,2023-03-28 14:09:49,2.438155174255371,159697.76071674796,264690.0,2232094.013233549,3480492.1925709695
utilization
6.492256228752823_2.988688929038301_1.5080996232023907_3.0_2.1988131380555487,Clerk_1,0.4849245767714332
6.492256228752823_2.988688929038301_1.5080996232023907_3.0_2.1988131380555487,Credit_Officer_1,0.9974452674631575
6.492256228752823_2.988688929038301_1.5080996232023907_3.0_2.1988131380555487,Clerk_2,0.4009256282725845
6.492256228752823_2.988688929038301_1.5080996232023907_3.0_2.1988131380555487,Credit_Officer_2,0.8525140041002504
6.492256228752823_2.988688929038301_1.5080996232023907_3.0_2.1988131380555487,System,0.0001910771686967996
pool_time_cost
6.492256228752823_2.988688929038301_1.5080996232023907_3.0_2.1988131380555487,Clerk_1,19685.531957150975,725373.8822887893
6.492256228752823_2.988688929038301_1.5080996232023907_3.0_2.1988131380555487,Credit_Officer_1,3362839.5605910653,667846.9903294306
6.492256228752823_2.988688929038301_1.5080996232023907_3.0_2.1988131380555487,Clerk_2,21800.11418871748,168498.59894866255
6.492256228752823_2.988688929038301_1.5080996232023907_3.0_2.1988131380555487,Credit_Officer_2,76166.98583403579,670374.5416666666
6.492256228752823_2.988688929038301_1.5080996232023907_3.0_2.1988131380555487,System,0.0,0.0

13.0_1.0_3.979860220350497_1.3700333473020798_1.0392544761539604,3282878.4278018926,0.1508328257982962,2022-09-23 09:00:00,2023-03-23 15:16:49,2.4933555126190186,351365.68051660294,429799.0,2362194.2423225497,3225811.4262132016
utilization
13.0_1.0_3.979860220350497_1.3700333473020798_1.0392544761539604,Clerk_1,0.490478669817794
13.0_1.0_3.979860220350497_1.3700333473020798_1.0392544761539604,Credit_Officer_1,0.9990008985802039
13.0_1.0_3.979860220350497_1.3700333473020798_1.0392544761539604,Clerk_2,0.4034271356817304
13.0_1.0_3.979860220350497_1.3700333473020798_1.0392544761539604,Credit_Officer_2,0.8644128172234831
13.0_1.0_3.979860220350497_1.3700333473020798_1.0392544761539604,System,0.00021438412391475565
pool_time_cost
13.0_1.0_3.979860220350497_1.3700333473020798_1.0392544761539604,Clerk_1,18330.89163625519,1413841.0902777778
13.0_1.0_3.979860220350497_1.3700333473020798_1.0392544761539604,Credit_Officer_1,3103708.3390939743,217514.01388888888
13.0_1.0_3.979860220350497_1.3700333473020798_1.0392544761539604,Clerk_2,17100.623982537814,432837.6856225772
13.0_1.0_3.979860220350497_1.3700333473020798_1.0392544761539604,Credit_Officer_2,86671.5715004339,298001.45253330556
13.0_1.0_3.979860220350497_1.3700333473020798_1.0392544761539604,System,0.0,0.0

2.0_7.143034438856579_14.41430787206209_5.137935913216248_11.0,3389031.8891649363,0.28455728177922046,2022-09-23 09:00:00,2023-03-22 13:47:35,2.380305290222168,104230.80812835833,265473.0,4430344.882127536,3357534.202238577
utilization
2.0_7.143034438856579_14.41430787206209_5.137935913216248_11.0,Clerk_1,0.4938687800800808
2.0_7.143034438856579_14.41430787206209_5.137935913216248_11.0,Credit_Officer_1,0.9913784089070364
2.0_7.143034438856579_14.41430787206209_5.137935913216248_11.0,Clerk_2,0.41701578485025576
2.0_7.143034438856579_14.41430787206209_5.137935913216248_11.0,Credit_Officer_2,0.8815733662529163
2.0_7.143034438856579_14.41430787206209_5.137935913216248_11.0,System,0.00021017789935383224
pool_time_cost
2.0_7.143034438856579_14.41430787206209_5.137935913216248_11.0,Clerk_1,16695.022163853406,216239.65277777775
2.0_7.143034438856579_14.41430787206209_5.137935913216248_11.0,Credit_Officer_1,3197680.944469257,1544607.2868380554
2.0_7.143034438856579_14.41430787206209_5.137935913216248_11.0,Clerk_2,17036.799079686454,1558472.4646433475
2.0_7.143034438856579_14.41430787206209_5.137935913216248_11.0,Credit_Officer_2,126121.4365257803,1111025.477868356
2.0_7.143034438856579_14.41430787206209_5.137935913216248_11.0,System,0.0,0.0

