{
    "time_var": 60,
    "max_cap": 9999999999,
    "max_shift_size": 24,
    "max_shift_blocks": 24,
    "hours_in_day": 24,
    "resources": [
        {
            "id": "Starttimetable",
            "constraints": {
                "global_constraints": {
                    "max_weekly_cap": 95.0,
                    "max_daily_cap": 16.0,
                    "max_consecutive_cap": 14.0,
                    "max_shifts_day": 24,
                    "max_shifts_week": 95.0,
                    "is_human": true
                },
                "daily_start_times": {
                    "monday": "00:00:00",
                    "tuesday": "00:00:00",
                    "wednesday": "00:00:00",
                    "thursday": "00:00:00",
                    "friday": "00:00:00",
                    "saturday": "00:00:00",
                    "sunday": "00:00:00"
                },
                "never_work_masks": {
                    "monday": 8388609,
                    "tuesday": 8388609,
                    "wednesday": 8388609,
                    "thursday": 8388609,
                    "friday": 8388609,
                    "saturday": 8388609,
                    "sunday": 8388609
                },
                "always_work_masks": {
                    "monday": 0,
                    "tuesday": 0,
                    "wednesday": 0,
                    "thursday": 0,
                    "friday": 0,
                    "saturday": 0,
                    "sunday": 0
                }
            }
        },
        {
            "id": "8824timetable",
            "constraints": {
                "global_constraints": {
                    "max_weekly_cap": 7.0,
                    "max_daily_cap": 3.0,
                    "max_consecutive_cap": 2.0,
                    "max_shifts_day": 24,
                    "max_shifts_week": 7.0,
                    "is_human": true
                },
                "daily_start_times": {
                    "monday": null,
                    "tuesday": "00:00:00",
                    "wednesday": "00:00:00",
                    "thursday": "00:00:00",
                    "friday": "00:00:00",
                    "saturday": null,
                    "sunday": null
                },
                "never_work_masks": {
                    "monday": 16777215,
                    "tuesday": 8388609,
                    "wednesday": 8388609,
                    "thursday": 8388609,
                    "friday": 8388609,
                    "saturday": 16777215,
                    "sunday": 16777215
                },
                "always_work_masks": {
                    "monday": 0,
                    "tuesday": 0,
                    "wednesday": 0,
                    "thursday": 0,
                    "friday": 0,
                    "saturday": 0,
                    "sunday": 0
                }
            }
        },
        {
            "id": "19019timetable",
            "constraints": {
                "global_constraints": {
                    "max_weekly_cap": 76.0,
                    "max_daily_cap": 17.0,
                    "max_consecutive_cap": 13.0,
                    "max_shifts_day": 24,
                    "max_shifts_week": 76.0,
                    "is_human": true
                },
                "daily_start_times": {
                    "monday": "00:00:00",
                    "tuesday": "00:00:00",
                    "wednesday": "00:00:00",
                    "thursday": "00:00:00",
                    "friday": "00:00:00",
                    "saturday": "00:00:00",
                    "sunday": "00:00:00"
                },
                "never_work_masks": {
                    "monday": 8388609,
                    "tuesday": 8388609,
                    "wednesday": 8388609,
                    "thursday": 8388609,
                    "friday": 8388609,
                    "saturday": 8388609,
                    "sunday": 8388609
                },
                "always_work_masks": {
                    "monday": 0,
                    "tuesday": 0,
                    "wednesday": 0,
                    "thursday": 0,
                    "friday": 0,
                    "saturday": 0,
                    "sunday": 0
                }
            }
        },
        {
            "id": "Joint_Traer informacion estudiante - banner_0timetable",
            "constraints": {
                "global_constraints": {
                    "max_weekly_cap": 94.0,
                    "max_daily_cap": 15.0,
                    "max_consecutive_cap": 13.0,
                    "max_shifts_day": 24,
                    "max_shifts_week": 94.0,
                    "is_human": true
                },
                "daily_start_times": {
                    "monday": "00:00:00",
                    "tuesday": "00:00:00",
                    "wednesday": "00:00:00",
                    "thursday": "00:00:00",
                    "friday": "00:00:00",
                    "saturday": "00:00:00",
                    "sunday": "00:00:00"
                },
                "never_work_masks": {
                    "monday": 8388609,
                    "tuesday": 8388609,
                    "wednesday": 8388609,
                    "thursday": 8388609,
                    "friday": 8388609,
                    "saturday": 8388609,
                    "sunday": 8388609
                },
                "always_work_masks": {
                    "monday": 0,
                    "tuesday": 0,
                    "wednesday": 0,
                    "thursday": 0,
                    "friday": 0,
                    "saturday": 0,
                    "sunday": 0
                }
            }
        },
        {
            "id": "Joint_Radicar Solicitud Homologacion_0timetable",
            "constraints": {
                "global_constraints": {
                    "max_weekly_cap": 95.0,
                    "max_daily_cap": 15.0,
                    "max_consecutive_cap": 13.0,
                    "max_shifts_day": 24,
                    "max_shifts_week": 95.0,
                    "is_human": true
                },
                "daily_start_times": {
                    "monday": "00:00:00",
                    "tuesday": "00:00:00",
                    "wednesday": "00:00:00",
                    "thursday": "00:00:00",
                    "friday": "00:00:00",
                    "saturday": "00:00:00",
                    "sunday": "00:00:00"
                },
                "never_work_masks": {
                    "monday": 8388609,
                    "tuesday": 8388609,
                    "wednesday": 8388609,
                    "thursday": 8388609,
                    "friday": 8388609,
                    "saturday": 8388609,
                    "sunday": 8388609
                },
                "always_work_masks": {
                    "monday": 0,
                    "tuesday": 0,
                    "wednesday": 0,
                    "thursday": 0,
                    "friday": 0,
                    "saturday": 0,
                    "sunday": 0
                }
            }
        },
        {
            "id": "Joint_Radicar Solicitud Homologacion_1timetable",
            "constraints": {
                "global_constraints": {
                    "max_weekly_cap": 33.0,
                    "max_daily_cap": 9.0,
                    "max_consecutive_cap": 5.0,
                    "max_shifts_day": 24,
                    "max_shifts_week": 33.0,
                    "is_human": true
                },
                "daily_start_times": {
                    "monday": "01:00:00",
                    "tuesday": "01:00:00",
                    "wednesday": "01:00:00",
                    "thursday": "01:00:00",
                    "friday": "01:00:00",
                    "saturday": null,
                    "sunday": null
                },
                "never_work_masks": {
                    "monday": 8388609,
                    "tuesday": 8388609,
                    "wednesday": 8388609,
                    "thursday": 8388609,
                    "friday": 8388609,
                    "saturday": 16777215,
                    "sunday": 16777215
                },
                "always_work_masks": {
                    "monday": 0,
                    "tuesday": 0,
                    "wednesday": 0,
                    "thursday": 0,
                    "friday": 0,
                    "saturday": 0,
                    "sunday": 0
                }
            }
        },
        {
            "id": "22475timetable",
            "constraints": {
                "global_constraints": {
                    "max_weekly_cap": 71.0,
                    "max_daily_cap": 16.0,
                    "max_consecutive_cap": 12.0,
                    "max_shifts_day": 24,
                    "max_shifts_week": 71.0,
                    "is_human": true
                },
                "daily_start_times": {
                    "monday": "00:00:00",
                    "tuesday": "00:00:00",
                    "wednesday": "00:00:00",
                    "thursday": "00:00:00",
                    "friday": "00:00:00",
                    "saturday": "00:00:00",
                    "sunday": "00:00:00"
                },
                "never_work_masks": {
                    "monday": 8388609,
                    "tuesday": 8388609,
                    "wednesday": 8388609,
                    "thursday": 8388609,
                    "friday": 8388609,
                    "saturday": 8388609,
                    "sunday": 8388609
                },
                "always_work_masks": {
                    "monday": 0,
                    "tuesday": 0,
                    "wednesday": 0,
                    "thursday": 0,
                    "friday": 0,
                    "saturday": 0,
                    "sunday": 0
                }
            }
        },
        {
            "id": "677timetable",
            "constraints": {
                "global_constraints": {
                    "max_weekly_cap": 72.0,
                    "max_daily_cap": 14.0,
                    "max_consecutive_cap": 13.0,
                    "max_shifts_day": 24,
                    "max_shifts_week": 72.0,
                    "is_human": true
                },
                "daily_start_times": {
                    "monday": "00:00:00",
                    "tuesday": "00:00:00",
                    "wednesday": "00:00:00",
                    "thursday": "00:00:00",
                    "friday": "00:00:00",
                    "saturday": "00:00:00",
                    "sunday": "00:00:00"
                },
                "never_work_masks": {
                    "monday": 8388609,
                    "tuesday": 8388609,
                    "wednesday": 8388609,
                    "thursday": 8388609,
                    "friday": 8388609,
                    "saturday": 8388609,
                    "sunday": 8388609
                },
                "always_work_masks": {
                    "monday": 0,
                    "tuesday": 0,
                    "wednesday": 0,
                    "thursday": 0,
                    "friday": 0,
                    "saturday": 0,
                    "sunday": 0
                }
            }
        },
        {
            "id": "Joint_Validar solicitud_0timetable",
            "constraints": {
                "global_constraints": {
                    "max_weekly_cap": 84.0,
                    "max_daily_cap": 15.0,
                    "max_consecutive_cap": 12.0,
                    "max_shifts_day": 24,
                    "max_shifts_week": 84.0,
                    "is_human": true
                },
                "daily_start_times": {
                    "monday": "00:00:00",
                    "tuesday": "00:00:00",
                    "wednesday": "00:00:00",
                    "thursday": "00:00:00",
                    "friday": "00:00:00",
                    "saturday": "00:00:00",
                    "sunday": "00:00:00"
                },
                "never_work_masks": {
                    "monday": 8388609,
                    "tuesday": 8388609,
                    "wednesday": 8388609,
                    "thursday": 8388609,
                    "friday": 8388609,
                    "saturday": 8388609,
                    "sunday": 8388609
                },
                "always_work_masks": {
                    "monday": 0,
                    "tuesday": 0,
                    "wednesday": 0,
                    "thursday": 0,
                    "friday": 0,
                    "saturday": 0,
                    "sunday": 0
                }
            }
        },
        {
            "id": "Joint_Validar solicitud_1timetable",
            "constraints": {
                "global_constraints": {
                    "max_weekly_cap": 44.0,
                    "max_daily_cap": 14.0,
                    "max_consecutive_cap": 7.0,
                    "max_shifts_day": 24,
                    "max_shifts_week": 44.0,
                    "is_human": true
                },
                "daily_start_times": {
                    "monday": "00:00:00",
                    "tuesday": "00:00:00",
                    "wednesday": "00:00:00",
                    "thursday": "00:00:00",
                    "friday": "00:00:00",
                    "saturday": null,
                    "sunday": null
                },
                "never_work_masks": {
                    "monday": 8388609,
                    "tuesday": 8388609,
                    "wednesday": 8388609,
                    "thursday": 8388609,
                    "friday": 8388609,
                    "saturday": 16777215,
                    "sunday": 16777215
                },
                "always_work_masks": {
                    "monday": 0,
                    "tuesday": 0,
                    "wednesday": 0,
                    "thursday": 0,
                    "friday": 0,
                    "saturday": 0,
                    "sunday": 0
                }
            }
        },
        {
            "id": "1007timetable",
            "constraints": {
                "global_constraints": {
                    "max_weekly_cap": 45.0,
                    "max_daily_cap": 11.0,
                    "max_consecutive_cap": 11.0,
                    "max_shifts_day": 24,
                    "max_shifts_week": 45.0,
                    "is_human": true
                },
                "daily_start_times": {
                    "monday": "00:00:00",
                    "tuesday": "00:00:00",
                    "wednesday": "00:00:00",
                    "thursday": "00:00:00",
                    "friday": "00:00:00",
                    "saturday": "00:00:00",
                    "sunday": null
                },
                "never_work_masks": {
                    "monday": 8388609,
                    "tuesday": 8388609,
                    "wednesday": 8388609,
                    "thursday": 8388609,
                    "friday": 8388609,
                    "saturday": 8388609,
                    "sunday": 16777215
                },
                "always_work_masks": {
                    "monday": 0,
                    "tuesday": 0,
                    "wednesday": 0,
                    "thursday": 0,
                    "friday": 0,
                    "saturday": 0,
                    "sunday": 0
                }
            }
        },
        {
            "id": "15930timetable",
            "constraints": {
                "global_constraints": {
                    "max_weekly_cap": 48.0,
                    "max_daily_cap": 13.0,
                    "max_consecutive_cap": 10.0,
                    "max_shifts_day": 24,
                    "max_shifts_week": 48.0,
                    "is_human": true
                },
                "daily_start_times": {
                    "monday": "00:00:00",
                    "tuesday": "00:00:00",
                    "wednesday": "00:00:00",
                    "thursday": "00:00:00",
                    "friday": "00:00:00",
                    "saturday": null,
                    "sunday": null
                },
                "never_work_masks": {
                    "monday": 8388609,
                    "tuesday": 8388609,
                    "wednesday": 8388609,
                    "thursday": 8388609,
                    "friday": 8388609,
                    "saturday": 16777215,
                    "sunday": 16777215
                },
                "always_work_masks": {
                    "monday": 0,
                    "tuesday": 0,
                    "wednesday": 0,
                    "thursday": 0,
                    "friday": 0,
                    "saturday": 0,
                    "sunday": 0
                }
            }
        },
        {
            "id": "3445timetable",
            "constraints": {
                "global_constraints": {
                    "max_weekly_cap": 46.0,
                    "max_daily_cap": 11.0,
                    "max_consecutive_cap": 7.0,
                    "max_shifts_day": 24,
                    "max_shifts_week": 46.0,
                    "is_human": true
                },
                "daily_start_times": {
                    "monday": "00:00:00",
                    "tuesday": "00:00:00",
                    "wednesday": "00:00:00",
                    "thursday": "00:00:00",
                    "friday": "00:00:00",
                    "saturday": null,
                    "sunday": null
                },
                "never_work_masks": {
                    "monday": 8388609,
                    "tuesday": 8388609,
                    "wednesday": 8388609,
                    "thursday": 8388609,
                    "friday": 8388609,
                    "saturday": 16777215,
                    "sunday": 16777215
                },
                "always_work_masks": {
                    "monday": 0,
                    "tuesday": 0,
                    "wednesday": 0,
                    "thursday": 0,
                    "friday": 0,
                    "saturday": 0,
                    "sunday": 0
                }
            }
        },
        {
            "id": "Joint_Homologacion por grupo de cursos_0timetable",
            "constraints": {
                "global_constraints": {
                    "max_weekly_cap": 70.0,
                    "max_daily_cap": 15.0,
                    "max_consecutive_cap": 13.0,
                    "max_shifts_day": 24,
                    "max_shifts_week": 70.0,
                    "is_human": true
                },
                "daily_start_times": {
                    "monday": "00:00:00",
                    "tuesday": "00:00:00",
                    "wednesday": "00:00:00",
                    "thursday": "00:00:00",
                    "friday": "00:00:00",
                    "saturday": "00:00:00",
                    "sunday": "00:00:00"
                },
                "never_work_masks": {
                    "monday": 8388609,
                    "tuesday": 8388609,
                    "wednesday": 8388609,
                    "thursday": 8388609,
                    "friday": 8388609,
                    "saturday": 8388609,
                    "sunday": 8388609
                },
                "always_work_masks": {
                    "monday": 0,
                    "tuesday": 0,
                    "wednesday": 0,
                    "thursday": 0,
                    "friday": 0,
                    "saturday": 0,
                    "sunday": 0
                }
            }
        },
        {
            "id": "Joint_Homologacion por grupo de cursos_1timetable",
            "constraints": {
                "global_constraints": {
                    "max_weekly_cap": 49.0,
                    "max_daily_cap": 11.0,
                    "max_consecutive_cap": 7.0,
                    "max_shifts_day": 24,
                    "max_shifts_week": 49.0,
                    "is_human": true
                },
                "daily_start_times": {
                    "monday": "00:00:00",
                    "tuesday": "00:00:00",
                    "wednesday": "00:00:00",
                    "thursday": "00:00:00",
                    "friday": "00:00:00",
                    "saturday": null,
                    "sunday": "00:00:00"
                },
                "never_work_masks": {
                    "monday": 8388609,
                    "tuesday": 8388609,
                    "wednesday": 8388609,
                    "thursday": 8388609,
                    "friday": 8388609,
                    "saturday": 16777215,
                    "sunday": 8388609
                },
                "always_work_masks": {
                    "monday": 0,
                    "tuesday": 0,
                    "wednesday": 0,
                    "thursday": 0,
                    "friday": 0,
                    "saturday": 0,
                    "sunday": 0
                }
            }
        },
        {
            "id": "Endtimetable",
            "constraints": {
                "global_constraints": {
                    "max_weekly_cap": 78.0,
                    "max_daily_cap": 13.0,
                    "max_consecutive_cap": 13.0,
                    "max_shifts_day": 24,
                    "max_shifts_week": 78.0,
                    "is_human": true
                },
                "daily_start_times": {
                    "monday": "00:00:00",
                    "tuesday": "00:00:00",
                    "wednesday": "00:00:00",
                    "thursday": "00:00:00",
                    "friday": "00:00:00",
                    "saturday": "00:00:00",
                    "sunday": "00:00:00"
                },
                "never_work_masks": {
                    "monday": 8388609,
                    "tuesday": 8388609,
                    "wednesday": 8388609,
                    "thursday": 8388609,
                    "friday": 8388609,
                    "saturday": 8388609,
                    "sunday": 8388609
                },
                "always_work_masks": {
                    "monday": 0,
                    "tuesday": 0,
                    "wednesday": 0,
                    "thursday": 0,
                    "friday": 0,
                    "saturday": 0,
                    "sunday": 0
                }
            }
        },
        {
            "id": "Joint_Notificacion estudiante cancelacion soli_0timetable",
            "constraints": {
                "global_constraints": {
                    "max_weekly_cap": 64.0,
                    "max_daily_cap": 12.0,
                    "max_consecutive_cap": 12.0,
                    "max_shifts_day": 24,
                    "max_shifts_week": 64.0,
                    "is_human": true
                },
                "daily_start_times": {
                    "monday": "00:00:00",
                    "tuesday": "00:00:00",
                    "wednesday": "00:00:00",
                    "thursday": "00:00:00",
                    "friday": "00:00:00",
                    "saturday": "00:00:00",
                    "sunday": "00:00:00"
                },
                "never_work_masks": {
                    "monday": 8388609,
                    "tuesday": 8388609,
                    "wednesday": 8388609,
                    "thursday": 8388609,
                    "friday": 8388609,
                    "saturday": 8388609,
                    "sunday": 8388609
                },
                "always_work_masks": {
                    "monday": 0,
                    "tuesday": 0,
                    "wednesday": 0,
                    "thursday": 0,
                    "friday": 0,
                    "saturday": 0,
                    "sunday": 0
                }
            }
        },
        {
            "id": "Joint_Cancelar Solicitud_0timetable",
            "constraints": {
                "global_constraints": {
                    "max_weekly_cap": 76.0,
                    "max_daily_cap": 15.0,
                    "max_consecutive_cap": 10.0,
                    "max_shifts_day": 24,
                    "max_shifts_week": 76.0,
                    "is_human": true
                },
                "daily_start_times": {
                    "monday": "00:00:00",
                    "tuesday": "00:00:00",
                    "wednesday": "00:00:00",
                    "thursday": "00:00:00",
                    "friday": "00:00:00",
                    "saturday": "00:00:00",
                    "sunday": "00:00:00"
                },
                "never_work_masks": {
                    "monday": 8388609,
                    "tuesday": 8388609,
                    "wednesday": 8388609,
                    "thursday": 8388609,
                    "friday": 8388609,
                    "saturday": 8388609,
                    "sunday": 8388609
                },
                "always_work_masks": {
                    "monday": 0,
                    "tuesday": 0,
                    "wednesday": 0,
                    "thursday": 0,
                    "friday": 0,
                    "saturday": 0,
                    "sunday": 0
                }
            }
        },
        {
            "id": "Joint_Cancelar Solicitud_1timetable",
            "constraints": {
                "global_constraints": {
                    "max_weekly_cap": 46.0,
                    "max_daily_cap": 13.0,
                    "max_consecutive_cap": 8.0,
                    "max_shifts_day": 24,
                    "max_shifts_week": 46.0,
                    "is_human": true
                },
                "daily_start_times": {
                    "monday": "02:00:00",
                    "tuesday": "02:00:00",
                    "wednesday": "02:00:00",
                    "thursday": "02:00:00",
                    "friday": "02:00:00",
                    "saturday": "02:00:00",
                    "sunday": "02:00:00"
                },
                "never_work_masks": {
                    "monday": 8388609,
                    "tuesday": 8388609,
                    "wednesday": 8388609,
                    "thursday": 8388609,
                    "friday": 8388609,
                    "saturday": 8388609,
                    "sunday": 8388609
                },
                "always_work_masks": {
                    "monday": 0,
                    "tuesday": 0,
                    "wednesday": 0,
                    "thursday": 0,
                    "friday": 0,
                    "saturday": 0,
                    "sunday": 0
                }
            }
        },
        {
            "id": "26789timetable",
            "constraints": {
                "global_constraints": {
                    "max_weekly_cap": 28.0,
                    "max_daily_cap": 7.0,
                    "max_consecutive_cap": 6.0,
                    "max_shifts_day": 24,
                    "max_shifts_week": 28.0,
                    "is_human": true
                },
                "daily_start_times": {
                    "monday": "00:00:00",
                    "tuesday": "00:00:00",
                    "wednesday": "00:00:00",
                    "thursday": "00:00:00",
                    "friday": "00:00:00",
                    "saturday": "00:00:00",
                    "sunday": "00:00:00"
                },
                "never_work_masks": {
                    "monday": 8388609,
                    "tuesday": 8388609,
                    "wednesday": 8388609,
                    "thursday": 8388609,
                    "friday": 8388609,
                    "saturday": 8388609,
                    "sunday": 8388609
                },
                "always_work_masks": {
                    "monday": 0,
                    "tuesday": 0,
                    "wednesday": 0,
                    "thursday": 0,
                    "friday": 0,
                    "saturday": 0,
                    "sunday": 0
                }
            }
        },
        {
            "id": "Joint_Recepcion de documentos_0timetable",
            "constraints": {
                "global_constraints": {
                    "max_weekly_cap": 9.0,
                    "max_daily_cap": 2.0,
                    "max_consecutive_cap": 2.0,
                    "max_shifts_day": 24,
                    "max_shifts_week": 9.0,
                    "is_human": true
                },
                "daily_start_times": {
                    "monday": "12:00:00",
                    "tuesday": "12:00:00",
                    "wednesday": "12:00:00",
                    "thursday": "12:00:00",
                    "friday": "12:00:00",
                    "saturday": null,
                    "sunday": null
                },
                "never_work_masks": {
                    "monday": 8388609,
                    "tuesday": 8388609,
                    "wednesday": 8388609,
                    "thursday": 8388609,
                    "friday": 8388609,
                    "saturday": 16777215,
                    "sunday": 16777215
                },
                "always_work_masks": {
                    "monday": 0,
                    "tuesday": 0,
                    "wednesday": 0,
                    "thursday": 0,
                    "friday": 0,
                    "saturday": 0,
                    "sunday": 0
                }
            }
        },
        {
            "id": "Joint_Revisar curso_0timetable",
            "constraints": {
                "global_constraints": {
                    "max_weekly_cap": 60.0,
                    "max_daily_cap": 16.0,
                    "max_consecutive_cap": 15.0,
                    "max_shifts_day": 24,
                    "max_shifts_week": 60.0,
                    "is_human": true
                },
                "daily_start_times": {
                    "monday": "00:00:00",
                    "tuesday": "00:00:00",
                    "wednesday": "00:00:00",
                    "thursday": "00:00:00",
                    "friday": "00:00:00",
                    "saturday": null,
                    "sunday": "00:00:00"
                },
                "never_work_masks": {
                    "monday": 8388609,
                    "tuesday": 8388609,
                    "wednesday": 8388609,
                    "thursday": 8388609,
                    "friday": 8388609,
                    "saturday": 16777215,
                    "sunday": 8388609
                },
                "always_work_masks": {
                    "monday": 0,
                    "tuesday": 0,
                    "wednesday": 0,
                    "thursday": 0,
                    "friday": 0,
                    "saturday": 0,
                    "sunday": 0
                }
            }
        },
        {
            "id": "Joint_Revisar curso_1timetable",
            "constraints": {
                "global_constraints": {
                    "max_weekly_cap": 26.0,
                    "max_daily_cap": 6.0,
                    "max_consecutive_cap": 5.0,
                    "max_shifts_day": 24,
                    "max_shifts_week": 26.0,
                    "is_human": true
                },
                "daily_start_times": {
                    "monday": "00:00:00",
                    "tuesday": "00:00:00",
                    "wednesday": "00:00:00",
                    "thursday": "00:00:00",
                    "friday": "00:00:00",
                    "saturday": null,
                    "sunday": null
                },
                "never_work_masks": {
                    "monday": 8388609,
                    "tuesday": 8388609,
                    "wednesday": 8388609,
                    "thursday": 8388609,
                    "friday": 8388609,
                    "saturday": 16777215,
                    "sunday": 16777215
                },
                "always_work_masks": {
                    "monday": 0,
                    "tuesday": 0,
                    "wednesday": 0,
                    "thursday": 0,
                    "friday": 0,
                    "saturday": 0,
                    "sunday": 0
                }
            }
        },
        {
            "id": "Joint_Revisar curso_2timetable",
            "constraints": {
                "global_constraints": {
                    "max_weekly_cap": 17.0,
                    "max_daily_cap": 4.0,
                    "max_consecutive_cap": 3.0,
                    "max_shifts_day": 24,
                    "max_shifts_week": 17.0,
                    "is_human": true
                },
                "daily_start_times": {
                    "monday": "11:00:00",
                    "tuesday": "11:00:00",
                    "wednesday": "11:00:00",
                    "thursday": "11:00:00",
                    "friday": "11:00:00",
                    "saturday": null,
                    "sunday": null
                },
                "never_work_masks": {
                    "monday": 8388609,
                    "tuesday": 8388609,
                    "wednesday": 8388609,
                    "thursday": 8388609,
                    "friday": 8388609,
                    "saturday": 16777215,
                    "sunday": 16777215
                },
                "always_work_masks": {
                    "monday": 0,
                    "tuesday": 0,
                    "wednesday": 0,
                    "thursday": 0,
                    "friday": 0,
                    "saturday": 0,
                    "sunday": 0
                }
            }
        },
        {
            "id": "Joint_Evaluacion curso_0timetable",
            "constraints": {
                "global_constraints": {
                    "max_weekly_cap": 66.0,
                    "max_daily_cap": 17.0,
                    "max_consecutive_cap": 14.0,
                    "max_shifts_day": 24,
                    "max_shifts_week": 66.0,
                    "is_human": true
                },
                "daily_start_times": {
                    "monday": "00:00:00",
                    "tuesday": "00:00:00",
                    "wednesday": "00:00:00",
                    "thursday": "00:00:00",
                    "friday": "00:00:00",
                    "saturday": "00:00:00",
                    "sunday": null
                },
                "never_work_masks": {
                    "monday": 8388609,
                    "tuesday": 8388609,
                    "wednesday": 8388609,
                    "thursday": 8388609,
                    "friday": 8388609,
                    "saturday": 8388609,
                    "sunday": 16777215
                },
                "always_work_masks": {
                    "monday": 0,
                    "tuesday": 0,
                    "wednesday": 0,
                    "thursday": 0,
                    "friday": 0,
                    "saturday": 0,
                    "sunday": 0
                }
            }
        },
        {
            "id": "Joint_Evaluacion curso_1timetable",
            "constraints": {
                "global_constraints": {
                    "max_weekly_cap": 40.0,
                    "max_daily_cap": 10.0,
                    "max_consecutive_cap": 6.0,
                    "max_shifts_day": 24,
                    "max_shifts_week": 40.0,
                    "is_human": true
                },
                "daily_start_times": {
                    "monday": "03:00:00",
                    "tuesday": "03:00:00",
                    "wednesday": "03:00:00",
                    "thursday": "03:00:00",
                    "friday": "03:00:00",
                    "saturday": null,
                    "sunday": null
                },
                "never_work_masks": {
                    "monday": 8388609,
                    "tuesday": 8388609,
                    "wednesday": 8388609,
                    "thursday": 8388609,
                    "friday": 8388609,
                    "saturday": 16777215,
                    "sunday": 16777215
                },
                "always_work_masks": {
                    "monday": 0,
                    "tuesday": 0,
                    "wednesday": 0,
                    "thursday": 0,
                    "friday": 0,
                    "saturday": 0,
                    "sunday": 0
                }
            }
        },
        {
            "id": "Joint_Evaluacion curso_2timetable",
            "constraints": {
                "global_constraints": {
                    "max_weekly_cap": 19.0,
                    "max_daily_cap": 7.0,
                    "max_consecutive_cap": 4.0,
                    "max_shifts_day": 24,
                    "max_shifts_week": 19.0,
                    "is_human": true
                },
                "daily_start_times": {
                    "monday": "00:00:00",
                    "tuesday": null,
                    "wednesday": "00:00:00",
                    "thursday": "00:00:00",
                    "friday": "00:00:00",
                    "saturday": null,
                    "sunday": null
                },
                "never_work_masks": {
                    "monday": 8388609,
                    "tuesday": 16777215,
                    "wednesday": 8388609,
                    "thursday": 8388609,
                    "friday": 8388609,
                    "saturday": 16777215,
                    "sunday": 16777215
                },
                "always_work_masks": {
                    "monday": 0,
                    "tuesday": 0,
                    "wednesday": 0,
                    "thursday": 0,
                    "friday": 0,
                    "saturday": 0,
                    "sunday": 0
                }
            }
        },
        {
            "id": "Joint_Validacion final_0timetable",
            "constraints": {
                "global_constraints": {
                    "max_weekly_cap": 40.0,
                    "max_daily_cap": 10.0,
                    "max_consecutive_cap": 9.0,
                    "max_shifts_day": 24,
                    "max_shifts_week": 40.0,
                    "is_human": true
                },
                "daily_start_times": {
                    "monday": "01:00:00",
                    "tuesday": "01:00:00",
                    "wednesday": "01:00:00",
                    "thursday": "01:00:00",
                    "friday": "01:00:00",
                    "saturday": null,
                    "sunday": null
                },
                "never_work_masks": {
                    "monday": 8388609,
                    "tuesday": 8388609,
                    "wednesday": 8388609,
                    "thursday": 8388609,
                    "friday": 8388609,
                    "saturday": 16777215,
                    "sunday": 16777215
                },
                "always_work_masks": {
                    "monday": 0,
                    "tuesday": 0,
                    "wednesday": 0,
                    "thursday": 0,
                    "friday": 0,
                    "saturday": 0,
                    "sunday": 0
                }
            }
        },
        {
            "id": "Joint_Visto Bueno Cierre Proceso_0timetable",
            "constraints": {
                "global_constraints": {
                    "max_weekly_cap": 45.0,
                    "max_daily_cap": 11.0,
                    "max_consecutive_cap": 9.0,
                    "max_shifts_day": 24,
                    "max_shifts_week": 45.0,
                    "is_human": true
                },
                "daily_start_times": {
                    "monday": "00:00:00",
                    "tuesday": "00:00:00",
                    "wednesday": "00:00:00",
                    "thursday": "00:00:00",
                    "friday": "00:00:00",
                    "saturday": "00:00:00",
                    "sunday": null
                },
                "never_work_masks": {
                    "monday": 8388609,
                    "tuesday": 8388609,
                    "wednesday": 8388609,
                    "thursday": 8388609,
                    "friday": 8388609,
                    "saturday": 8388609,
                    "sunday": 16777215
                },
                "always_work_masks": {
                    "monday": 0,
                    "tuesday": 0,
                    "wednesday": 0,
                    "thursday": 0,
                    "friday": 0,
                    "saturday": 0,
                    "sunday": 0
                }
            }
        },
        {
            "id": "Joint_Transferir Creditos_0timetable",
            "constraints": {
                "global_constraints": {
                    "max_weekly_cap": 21.0,
                    "max_daily_cap": 6.0,
                    "max_consecutive_cap": 4.0,
                    "max_shifts_day": 24,
                    "max_shifts_week": 21.0,
                    "is_human": true
                },
                "daily_start_times": {
                    "monday": "12:00:00",
                    "tuesday": "12:00:00",
                    "wednesday": "12:00:00",
                    "thursday": "12:00:00",
                    "friday": "12:00:00",
                    "saturday": null,
                    "sunday": null
                },
                "never_work_masks": {
                    "monday": 8388609,
                    "tuesday": 8388609,
                    "wednesday": 8388609,
                    "thursday": 8388609,
                    "friday": 8388609,
                    "saturday": 16777215,
                    "sunday": 16777215
                },
                "always_work_masks": {
                    "monday": 0,
                    "tuesday": 0,
                    "wednesday": 0,
                    "thursday": 0,
                    "friday": 0,
                    "saturday": 0,
                    "sunday": 0
                }
            }
        },
        {
            "id": "Joint_Transferir creditos homologables_0timetable",
            "constraints": {
                "global_constraints": {
                    "max_weekly_cap": 18.0,
                    "max_daily_cap": 4.0,
                    "max_consecutive_cap": 3.0,
                    "max_shifts_day": 24,
                    "max_shifts_week": 18.0,
                    "is_human": true
                },
                "daily_start_times": {
                    "monday": "12:00:00",
                    "tuesday": "12:00:00",
                    "wednesday": "12:00:00",
                    "thursday": "12:00:00",
                    "friday": "12:00:00",
                    "saturday": null,
                    "sunday": null
                },
                "never_work_masks": {
                    "monday": 8388609,
                    "tuesday": 8388609,
                    "wednesday": 8388609,
                    "thursday": 8388609,
                    "friday": 8388609,
                    "saturday": 16777215,
                    "sunday": 16777215
                },
                "always_work_masks": {
                    "monday": 0,
                    "tuesday": 0,
                    "wednesday": 0,
                    "thursday": 0,
                    "friday": 0,
                    "saturday": 0,
                    "sunday": 0
                }
            }
        },
        {
            "id": "Joint_Cancelar curso_0timetable",
            "constraints": {
                "global_constraints": {
                    "max_weekly_cap": 13.0,
                    "max_daily_cap": 5.0,
                    "max_consecutive_cap": 2.0,
                    "max_shifts_day": 24,
                    "max_shifts_week": 13.0,
                    "is_human": true
                },
                "daily_start_times": {
                    "monday": "00:00:00",
                    "tuesday": null,
                    "wednesday": "00:00:00",
                    "thursday": "00:00:00",
                    "friday": "00:00:00",
                    "saturday": null,
                    "sunday": null
                },
                "never_work_masks": {
                    "monday": 8388609,
                    "tuesday": 16777215,
                    "wednesday": 8388609,
                    "thursday": 8388609,
                    "friday": 8388609,
                    "saturday": 16777215,
                    "sunday": 16777215
                },
                "always_work_masks": {
                    "monday": 0,
                    "tuesday": 0,
                    "wednesday": 0,
                    "thursday": 0,
                    "friday": 0,
                    "saturday": 0,
                    "sunday": 0
                }
            }
        },
        {
            "id": "Joint_Avanzar recepcion documentos_0timetable",
            "constraints": {
                "global_constraints": {
                    "max_weekly_cap": 4.0,
                    "max_daily_cap": 3.0,
                    "max_consecutive_cap": 2.0,
                    "max_shifts_day": 24,
                    "max_shifts_week": 4.0,
                    "is_human": true
                },
                "daily_start_times": {
                    "monday": null,
                    "tuesday": null,
                    "wednesday": "14:00:00",
                    "thursday": null,
                    "friday": "14:00:00",
                    "saturday": null,
                    "sunday": null
                },
                "never_work_masks": {
                    "monday": 16777215,
                    "tuesday": 16777215,
                    "wednesday": 8388609,
                    "thursday": 16777215,
                    "friday": 8388609,
                    "saturday": 16777215,
                    "sunday": 16777215
                },
                "always_work_masks": {
                    "monday": 0,
                    "tuesday": 0,
                    "wednesday": 0,
                    "thursday": 0,
                    "friday": 0,
                    "saturday": 0,
                    "sunday": 0
                }
            }
        },
        {
            "id": "Joint_Validar solicitud / pre-homologacion_0timetable",
            "constraints": {
                "global_constraints": {
                    "max_weekly_cap": 24.0,
                    "max_daily_cap": 7.0,
                    "max_consecutive_cap": 4.0,
                    "max_shifts_day": 24,
                    "max_shifts_week": 24.0,
                    "is_human": true
                },
                "daily_start_times": {
                    "monday": "00:00:00",
                    "tuesday": "00:00:00",
                    "wednesday": "00:00:00",
                    "thursday": "00:00:00",
                    "friday": "00:00:00",
                    "saturday": null,
                    "sunday": null
                },
                "never_work_masks": {
                    "monday": 8388609,
                    "tuesday": 8388609,
                    "wednesday": 8388609,
                    "thursday": 8388609,
                    "friday": 8388609,
                    "saturday": 16777215,
                    "sunday": 16777215
                },
                "always_work_masks": {
                    "monday": 0,
                    "tuesday": 0,
                    "wednesday": 0,
                    "thursday": 0,
                    "friday": 0,
                    "saturday": 0,
                    "sunday": 0
                }
            }
        }
    ]
}