{
    "time_var": 60,
    "max_cap": 9999999999,
    "max_shift_size": 24,
    "max_shift_blocks": 24,
    "hours_in_day": 24,
    "resources": [
        {
            "id": "Joint_W_Completeren aanvraag_0timetable",
            "constraints": {
                "global_constraints": {
                    "max_weekly_cap": 77.0,
                    "max_daily_cap": 14.0,
                    "max_consecutive_cap": 14.0,
                    "max_shifts_day": 24,
                    "max_shifts_week": 77.0,
                    "is_human": true
                },
                "daily_start_times": {
                    "monday": "09:00:00",
                    "tuesday": "09:00:00",
                    "wednesday": "09:00:00",
                    "thursday": "09:00:00",
                    "friday": "09:00:00",
                    "saturday": "09:00:00",
                    "sunday": "09:00:00"
                },
                "never_work_masks": {
                    "monday": 8388609,
                    "tuesday": 8388609,
                    "wednesday": 8388609,
                    "thursday": 8388609,
                    "friday": 8388609,
                    "saturday": 8388609,
                    "sunday": 8388609
                },
                "always_work_masks": {
                    "monday": 0,
                    "tuesday": 0,
                    "wednesday": 0,
                    "thursday": 0,
                    "friday": 0,
                    "saturday": 0,
                    "sunday": 0
                }
            }
        },
        {
            "id": "Joint_W_Afhandelen leads_0timetable",
            "constraints": {
                "global_constraints": {
                    "max_weekly_cap": 73.0,
                    "max_daily_cap": 13.0,
                    "max_consecutive_cap": 13.0,
                    "max_shifts_day": 24,
                    "max_shifts_week": 73.0,
                    "is_human": true
                },
                "daily_start_times": {
                    "monday": "09:00:00",
                    "tuesday": "09:00:00",
                    "wednesday": "09:00:00",
                    "thursday": "09:00:00",
                    "friday": "09:00:00",
                    "saturday": "09:00:00",
                    "sunday": null
                },
                "never_work_masks": {
                    "monday": 8388609,
                    "tuesday": 8388609,
                    "wednesday": 8388609,
                    "thursday": 8388609,
                    "friday": 8388609,
                    "saturday": 8388609,
                    "sunday": 16777215
                },
                "always_work_masks": {
                    "monday": 0,
                    "tuesday": 0,
                    "wednesday": 0,
                    "thursday": 0,
                    "friday": 0,
                    "saturday": 0,
                    "sunday": 0
                }
            }
        },
        {
            "id": "Joint_W_Nabellen offertes_0timetable",
            "constraints": {
                "global_constraints": {
                    "max_weekly_cap": 77.0,
                    "max_daily_cap": 14.0,
                    "max_consecutive_cap": 14.0,
                    "max_shifts_day": 24,
                    "max_shifts_week": 77.0,
                    "is_human": true
                },
                "daily_start_times": {
                    "monday": "09:00:00",
                    "tuesday": "09:00:00",
                    "wednesday": "09:00:00",
                    "thursday": "09:00:00",
                    "friday": "09:00:00",
                    "saturday": "09:00:00",
                    "sunday": "09:00:00"
                },
                "never_work_masks": {
                    "monday": 8388609,
                    "tuesday": 8388609,
                    "wednesday": 8388609,
                    "thursday": 8388609,
                    "friday": 8388609,
                    "saturday": 8388609,
                    "sunday": 8388609
                },
                "always_work_masks": {
                    "monday": 0,
                    "tuesday": 0,
                    "wednesday": 0,
                    "thursday": 0,
                    "friday": 0,
                    "saturday": 0,
                    "sunday": 0
                }
            }
        },
        {
            "id": "Joint_W_Nabellen incomplete dossiers_0timetable",
            "constraints": {
                "global_constraints": {
                    "max_weekly_cap": 85.0,
                    "max_daily_cap": 15.0,
                    "max_consecutive_cap": 15.0,
                    "max_shifts_day": 24,
                    "max_shifts_week": 85.0,
                    "is_human": true
                },
                "daily_start_times": {
                    "monday": "08:00:00",
                    "tuesday": "08:00:00",
                    "wednesday": "08:00:00",
                    "thursday": "08:00:00",
                    "friday": "08:00:00",
                    "saturday": "08:00:00",
                    "sunday": "08:00:00"
                },
                "never_work_masks": {
                    "monday": 8388609,
                    "tuesday": 8388609,
                    "wednesday": 8388609,
                    "thursday": 8388609,
                    "friday": 8388609,
                    "saturday": 8388609,
                    "sunday": 8388609
                },
                "always_work_masks": {
                    "monday": 0,
                    "tuesday": 0,
                    "wednesday": 0,
                    "thursday": 0,
                    "friday": 0,
                    "saturday": 0,
                    "sunday": 0
                }
            }
        },
        {
            "id": "Joint_W_Beoordelen fraude_0timetable",
            "constraints": {
                "global_constraints": {
                    "max_weekly_cap": 32.0,
                    "max_daily_cap": 8.0,
                    "max_consecutive_cap": 8.0,
                    "max_shifts_day": 24,
                    "max_shifts_week": 32.0,
                    "is_human": true
                },
                "daily_start_times": {
                    "monday": "07:00:00",
                    "tuesday": "07:00:00",
                    "wednesday": "07:00:00",
                    "thursday": "07:00:00",
                    "friday": "07:00:00",
                    "saturday": null,
                    "sunday": null
                },
                "never_work_masks": {
                    "monday": 8388609,
                    "tuesday": 8388609,
                    "wednesday": 8388609,
                    "thursday": 8388609,
                    "friday": 8388609,
                    "saturday": 16777215,
                    "sunday": 16777215
                },
                "always_work_masks": {
                    "monday": 0,
                    "tuesday": 0,
                    "wednesday": 0,
                    "thursday": 0,
                    "friday": 0,
                    "saturday": 0,
                    "sunday": 0
                }
            }
        },
        {
            "id": "Joint_W_Valideren aanvraag_0_COPY97056bf46ftimetable",
            "constraints": {
                "global_constraints": {
                    "max_weekly_cap": 82.0,
                    "max_daily_cap": 14.0,
                    "max_consecutive_cap": 14.0,
                    "max_shifts_day": 24,
                    "max_shifts_week": 82.0,
                    "is_human": true
                },
                "daily_start_times": {
                    "monday": "08:00:00",
                    "tuesday": "08:00:00",
                    "wednesday": "08:00:00",
                    "thursday": "08:00:00",
                    "friday": "08:00:00",
                    "saturday": "08:00:00",
                    "sunday": "08:00:00"
                },
                "never_work_masks": {
                    "monday": 8388609,
                    "tuesday": 8388609,
                    "wednesday": 8388609,
                    "thursday": 8388609,
                    "friday": 8388609,
                    "saturday": 8388609,
                    "sunday": 8388609
                },
                "always_work_masks": {
                    "monday": 0,
                    "tuesday": 0,
                    "wednesday": 0,
                    "thursday": 0,
                    "friday": 0,
                    "saturday": 0,
                    "sunday": 0
                }
            }
        },
        {
            "id": "Joint_W_Valideren aanvraag_0_COPY29eec5ac1ctimetable",
            "constraints": {
                "global_constraints": {
                    "max_weekly_cap": 82.0,
                    "max_daily_cap": 14.0,
                    "max_consecutive_cap": 14.0,
                    "max_shifts_day": 24,
                    "max_shifts_week": 82.0,
                    "is_human": true
                },
                "daily_start_times": {
                    "monday": "08:00:00",
                    "tuesday": "08:00:00",
                    "wednesday": "08:00:00",
                    "thursday": "08:00:00",
                    "friday": "08:00:00",
                    "saturday": "08:00:00",
                    "sunday": "08:00:00"
                },
                "never_work_masks": {
                    "monday": 8388609,
                    "tuesday": 8388609,
                    "wednesday": 8388609,
                    "thursday": 8388609,
                    "friday": 8388609,
                    "saturday": 8388609,
                    "sunday": 8388609
                },
                "always_work_masks": {
                    "monday": 0,
                    "tuesday": 0,
                    "wednesday": 0,
                    "thursday": 0,
                    "friday": 0,
                    "saturday": 0,
                    "sunday": 0
                }
            }
        },
        {
            "id": "Joint_W_Completeren aanvraag_0_COPYb6e204344dtimetable",
            "constraints": {
                "global_constraints": {
                    "max_weekly_cap": 77.0,
                    "max_daily_cap": 14.0,
                    "max_consecutive_cap": 14.0,
                    "max_shifts_day": 24,
                    "max_shifts_week": 77.0,
                    "is_human": true
                },
                "daily_start_times": {
                    "monday": "09:00:00",
                    "tuesday": "09:00:00",
                    "wednesday": "09:00:00",
                    "thursday": "09:00:00",
                    "friday": "09:00:00",
                    "saturday": "09:00:00",
                    "sunday": "09:00:00"
                },
                "never_work_masks": {
                    "monday": 8388609,
                    "tuesday": 8388609,
                    "wednesday": 8388609,
                    "thursday": 8388609,
                    "friday": 8388609,
                    "saturday": 8388609,
                    "sunday": 8388609
                },
                "always_work_masks": {
                    "monday": 0,
                    "tuesday": 0,
                    "wednesday": 0,
                    "thursday": 0,
                    "friday": 0,
                    "saturday": 0,
                    "sunday": 0
                }
            }
        },
        {
            "id": "Joint_W_Afhandelen leads_0_COPY7bcbb04f29timetable",
            "constraints": {
                "global_constraints": {
                    "max_weekly_cap": 73.0,
                    "max_daily_cap": 13.0,
                    "max_consecutive_cap": 13.0,
                    "max_shifts_day": 24,
                    "max_shifts_week": 73.0,
                    "is_human": true
                },
                "daily_start_times": {
                    "monday": "09:00:00",
                    "tuesday": "09:00:00",
                    "wednesday": "09:00:00",
                    "thursday": "09:00:00",
                    "friday": "09:00:00",
                    "saturday": "09:00:00",
                    "sunday": null
                },
                "never_work_masks": {
                    "monday": 8388609,
                    "tuesday": 8388609,
                    "wednesday": 8388609,
                    "thursday": 8388609,
                    "friday": 8388609,
                    "saturday": 8388609,
                    "sunday": 16777215
                },
                "always_work_masks": {
                    "monday": 0,
                    "tuesday": 0,
                    "wednesday": 0,
                    "thursday": 0,
                    "friday": 0,
                    "saturday": 0,
                    "sunday": 0
                }
            }
        }
    ]
}