{
    "time_var": 60,
    "max_cap": 9999999999,
    "max_shift_size": 24,
    "max_shift_blocks": 24,
    "hours_in_day": 24,
    "resources": [
        {
            "id": "D_SYSTEMtimetable",
            "constraints": {
                "global_constraints": {
                    "max_weekly_cap": 42.0,
                    "max_daily_cap": 8.0,
                    "max_consecutive_cap": 8.0,
                    "max_shifts_day": 24,
                    "max_shifts_week": 42.0,
                    "is_human": false
                },
                "daily_start_times": {
                    "monday": "09:00:00",
                    "tuesday": "09:00:00",
                    "wednesday": "09:00:00",
                    "thursday": "09:00:00",
                    "friday": "09:00:00",
                    "saturday": "09:00:00",
                    "sunday": null
                },
                "never_work_masks": {
                    "monday": 8388609,
                    "tuesday": 8388609,
                    "wednesday": 8388609,
                    "thursday": 8388609,
                    "friday": 8388609,
                    "saturday": 8388609,
                    "sunday": 16777215
                },
                "always_work_masks": {
                    "monday": 0,
                    "tuesday": 0,
                    "wednesday": 0,
                    "thursday": 0,
                    "friday": 0,
                    "saturday": 0,
                    "sunday": 0
                }
            }
        },
        {
            "id": "Clerk-000010timetable",
            "constraints": {
                "global_constraints": {
                    "max_weekly_cap": 22.0,
                    "max_daily_cap": 8.0,
                    "max_consecutive_cap": 8.0,
                    "max_shifts_day": 24,
                    "max_shifts_week": 22.0,
                    "is_human": true
                },
                "daily_start_times": {
                    "monday": "09:00:00",
                    "tuesday": "09:00:00",
                    "wednesday": "09:00:00",
                    "thursday": "09:00:00",
                    "friday": "09:00:00",
                    "saturday": null,
                    "sunday": null
                },
                "never_work_masks": {
                    "monday": 8388609,
                    "tuesday": 8388609,
                    "wednesday": 8388609,
                    "thursday": 8388609,
                    "friday": 8388609,
                    "saturday": 16777215,
                    "sunday": 16777215
                },
                "always_work_masks": {
                    "monday": 0,
                    "tuesday": 0,
                    "wednesday": 0,
                    "thursday": 0,
                    "friday": 0,
                    "saturday": 0,
                    "sunday": 0
                }
            }
        },
        {
            "id": "Clerk-000004timetable",
            "constraints": {
                "global_constraints": {
                    "max_weekly_cap": 20.0,
                    "max_daily_cap": 8.0,
                    "max_consecutive_cap": 8.0,
                    "max_shifts_day": 24,
                    "max_shifts_week": 20.0,
                    "is_human": true
                },
                "daily_start_times": {
                    "monday": "09:00:00",
                    "tuesday": "09:00:00",
                    "wednesday": "09:00:00",
                    "thursday": null,
                    "friday": "09:00:00",
                    "saturday": null,
                    "sunday": null
                },
                "never_work_masks": {
                    "monday": 8388609,
                    "tuesday": 8388609,
                    "wednesday": 8388609,
                    "thursday": 16777215,
                    "friday": 8388609,
                    "saturday": 16777215,
                    "sunday": 16777215
                },
                "always_work_masks": {
                    "monday": 0,
                    "tuesday": 0,
                    "wednesday": 0,
                    "thursday": 0,
                    "friday": 0,
                    "saturday": 0,
                    "sunday": 0
                }
            }
        },
        {
            "id": "Clerk-000009timetable",
            "constraints": {
                "global_constraints": {
                    "max_weekly_cap": 23.0,
                    "max_daily_cap": 8.0,
                    "max_consecutive_cap": 8.0,
                    "max_shifts_day": 24,
                    "max_shifts_week": 23.0,
                    "is_human": true
                },
                "daily_start_times": {
                    "monday": "09:00:00",
                    "tuesday": "09:00:00",
                    "wednesday": "09:00:00",
                    "thursday": null,
                    "friday": "09:00:00",
                    "saturday": null,
                    "sunday": null
                },
                "never_work_masks": {
                    "monday": 8388609,
                    "tuesday": 8388609,
                    "wednesday": 8388609,
                    "thursday": 16777215,
                    "friday": 8388609,
                    "saturday": 16777215,
                    "sunday": 16777215
                },
                "always_work_masks": {
                    "monday": 0,
                    "tuesday": 0,
                    "wednesday": 0,
                    "thursday": 0,
                    "friday": 0,
                    "saturday": 0,
                    "sunday": 0
                }
            }
        },
        {
            "id": "Clerk-000002timetable",
            "constraints": {
                "global_constraints": {
                    "max_weekly_cap": 22.0,
                    "max_daily_cap": 8.0,
                    "max_consecutive_cap": 8.0,
                    "max_shifts_day": 24,
                    "max_shifts_week": 22.0,
                    "is_human": true
                },
                "daily_start_times": {
                    "monday": "09:00:00",
                    "tuesday": "09:00:00",
                    "wednesday": "09:00:00",
                    "thursday": null,
                    "friday": "09:00:00",
                    "saturday": null,
                    "sunday": null
                },
                "never_work_masks": {
                    "monday": 8388609,
                    "tuesday": 8388609,
                    "wednesday": 8388609,
                    "thursday": 16777215,
                    "friday": 8388609,
                    "saturday": 16777215,
                    "sunday": 16777215
                },
                "always_work_masks": {
                    "monday": 0,
                    "tuesday": 0,
                    "wednesday": 0,
                    "thursday": 0,
                    "friday": 0,
                    "saturday": 0,
                    "sunday": 0
                }
            }
        },
        {
            "id": "Clerk-000011timetable",
            "constraints": {
                "global_constraints": {
                    "max_weekly_cap": 21.0,
                    "max_daily_cap": 8.0,
                    "max_consecutive_cap": 8.0,
                    "max_shifts_day": 24,
                    "max_shifts_week": 21.0,
                    "is_human": true
                },
                "daily_start_times": {
                    "monday": "09:00:00",
                    "tuesday": "09:00:00",
                    "wednesday": "09:00:00",
                    "thursday": "09:00:00",
                    "friday": "09:00:00",
                    "saturday": null,
                    "sunday": null
                },
                "never_work_masks": {
                    "monday": 8388609,
                    "tuesday": 8388609,
                    "wednesday": 8388609,
                    "thursday": 8388609,
                    "friday": 8388609,
                    "saturday": 16777215,
                    "sunday": 16777215
                },
                "always_work_masks": {
                    "monday": 0,
                    "tuesday": 0,
                    "wednesday": 0,
                    "thursday": 0,
                    "friday": 0,
                    "saturday": 0,
                    "sunday": 0
                }
            }
        },
        {
            "id": "Clerk-000013timetable",
            "constraints": {
                "global_constraints": {
                    "max_weekly_cap": 22.0,
                    "max_daily_cap": 8.0,
                    "max_consecutive_cap": 8.0,
                    "max_shifts_day": 24,
                    "max_shifts_week": 22.0,
                    "is_human": true
                },
                "daily_start_times": {
                    "monday": "09:00:00",
                    "tuesday": "09:00:00",
                    "wednesday": "09:00:00",
                    "thursday": null,
                    "friday": "09:00:00",
                    "saturday": null,
                    "sunday": null
                },
                "never_work_masks": {
                    "monday": 8388609,
                    "tuesday": 8388609,
                    "wednesday": 8388609,
                    "thursday": 16777215,
                    "friday": 8388609,
                    "saturday": 16777215,
                    "sunday": 16777215
                },
                "always_work_masks": {
                    "monday": 0,
                    "tuesday": 0,
                    "wednesday": 0,
                    "thursday": 0,
                    "friday": 0,
                    "saturday": 0,
                    "sunday": 0
                }
            }
        },
        {
            "id": "Clerk-000012timetable",
            "constraints": {
                "global_constraints": {
                    "max_weekly_cap": 21.0,
                    "max_daily_cap": 8.0,
                    "max_consecutive_cap": 8.0,
                    "max_shifts_day": 24,
                    "max_shifts_week": 21.0,
                    "is_human": true
                },
                "daily_start_times": {
                    "monday": "09:00:00",
                    "tuesday": "09:00:00",
                    "wednesday": "09:00:00",
                    "thursday": null,
                    "friday": "09:00:00",
                    "saturday": null,
                    "sunday": null
                },
                "never_work_masks": {
                    "monday": 8388609,
                    "tuesday": 8388609,
                    "wednesday": 8388609,
                    "thursday": 16777215,
                    "friday": 8388609,
                    "saturday": 16777215,
                    "sunday": 16777215
                },
                "always_work_masks": {
                    "monday": 0,
                    "tuesday": 0,
                    "wednesday": 0,
                    "thursday": 0,
                    "friday": 0,
                    "saturday": 0,
                    "sunday": 0
                }
            }
        },
        {
            "id": "Clerk-000001timetable",
            "constraints": {
                "global_constraints": {
                    "max_weekly_cap": 21.0,
                    "max_daily_cap": 8.0,
                    "max_consecutive_cap": 8.0,
                    "max_shifts_day": 24,
                    "max_shifts_week": 21.0,
                    "is_human": true
                },
                "daily_start_times": {
                    "monday": "09:00:00",
                    "tuesday": "09:00:00",
                    "wednesday": "09:00:00",
                    "thursday": null,
                    "friday": "09:00:00",
                    "saturday": null,
                    "sunday": null
                },
                "never_work_masks": {
                    "monday": 8388609,
                    "tuesday": 8388609,
                    "wednesday": 8388609,
                    "thursday": 16777215,
                    "friday": 8388609,
                    "saturday": 16777215,
                    "sunday": 16777215
                },
                "always_work_masks": {
                    "monday": 0,
                    "tuesday": 0,
                    "wednesday": 0,
                    "thursday": 0,
                    "friday": 0,
                    "saturday": 0,
                    "sunday": 0
                }
            }
        },
        {
            "id": "Clerk-000015timetable",
            "constraints": {
                "global_constraints": {
                    "max_weekly_cap": 22.0,
                    "max_daily_cap": 8.0,
                    "max_consecutive_cap": 8.0,
                    "max_shifts_day": 24,
                    "max_shifts_week": 22.0,
                    "is_human": true
                },
                "daily_start_times": {
                    "monday": "09:00:00",
                    "tuesday": "09:00:00",
                    "wednesday": "09:00:00",
                    "thursday": null,
                    "friday": "09:00:00",
                    "saturday": null,
                    "sunday": null
                },
                "never_work_masks": {
                    "monday": 8388609,
                    "tuesday": 8388609,
                    "wednesday": 8388609,
                    "thursday": 16777215,
                    "friday": 8388609,
                    "saturday": 16777215,
                    "sunday": 16777215
                },
                "always_work_masks": {
                    "monday": 0,
                    "tuesday": 0,
                    "wednesday": 0,
                    "thursday": 0,
                    "friday": 0,
                    "saturday": 0,
                    "sunday": 0
                }
            }
        },
        {
            "id": "AML Investigator-000003timetable",
            "constraints": {
                "global_constraints": {
                    "max_weekly_cap": 17.0,
                    "max_daily_cap": 8.0,
                    "max_consecutive_cap": 8.0,
                    "max_shifts_day": 24,
                    "max_shifts_week": 17.0,
                    "is_human": true
                },
                "daily_start_times": {
                    "monday": "09:00:00",
                    "tuesday": null,
                    "wednesday": "09:00:00",
                    "thursday": "09:00:00",
                    "friday": null,
                    "saturday": null,
                    "sunday": null
                },
                "never_work_masks": {
                    "monday": 8388609,
                    "tuesday": 16777215,
                    "wednesday": 8388609,
                    "thursday": 8388609,
                    "friday": 16777215,
                    "saturday": 16777215,
                    "sunday": 16777215
                },
                "always_work_masks": {
                    "monday": 0,
                    "tuesday": 0,
                    "wednesday": 0,
                    "thursday": 0,
                    "friday": 0,
                    "saturday": 0,
                    "sunday": 0
                }
            }
        },
        {
            "id": "Appraiser-000003timetable",
            "constraints": {
                "global_constraints": {
                    "max_weekly_cap": 17.0,
                    "max_daily_cap": 8.0,
                    "max_consecutive_cap": 8.0,
                    "max_shifts_day": 24,
                    "max_shifts_week": 17.0,
                    "is_human": true
                },
                "daily_start_times": {
                    "monday": "09:00:00",
                    "tuesday": null,
                    "wednesday": null,
                    "thursday": "09:00:00",
                    "friday": "09:00:00",
                    "saturday": null,
                    "sunday": null
                },
                "never_work_masks": {
                    "monday": 8388609,
                    "tuesday": 16777215,
                    "wednesday": 16777215,
                    "thursday": 8388609,
                    "friday": 8388609,
                    "saturday": 16777215,
                    "sunday": 16777215
                },
                "always_work_masks": {
                    "monday": 0,
                    "tuesday": 0,
                    "wednesday": 0,
                    "thursday": 0,
                    "friday": 0,
                    "saturday": 0,
                    "sunday": 0
                }
            }
        },
        {
            "id": "Appraiser-000002timetable",
            "constraints": {
                "global_constraints": {
                    "max_weekly_cap": 17.0,
                    "max_daily_cap": 8.0,
                    "max_consecutive_cap": 8.0,
                    "max_shifts_day": 24,
                    "max_shifts_week": 17.0,
                    "is_human": true
                },
                "daily_start_times": {
                    "monday": "09:00:00",
                    "tuesday": null,
                    "wednesday": null,
                    "thursday": "09:00:00",
                    "friday": "09:00:00",
                    "saturday": null,
                    "sunday": null
                },
                "never_work_masks": {
                    "monday": 8388609,
                    "tuesday": 16777215,
                    "wednesday": 16777215,
                    "thursday": 8388609,
                    "friday": 8388609,
                    "saturday": 16777215,
                    "sunday": 16777215
                },
                "always_work_masks": {
                    "monday": 0,
                    "tuesday": 0,
                    "wednesday": 0,
                    "thursday": 0,
                    "friday": 0,
                    "saturday": 0,
                    "sunday": 0
                }
            }
        },
        {
            "id": "Appraiser-000001timetable",
            "constraints": {
                "global_constraints": {
                    "max_weekly_cap": 16.0,
                    "max_daily_cap": 8.0,
                    "max_consecutive_cap": 8.0,
                    "max_shifts_day": 24,
                    "max_shifts_week": 16.0,
                    "is_human": true
                },
                "daily_start_times": {
                    "monday": "09:00:00",
                    "tuesday": null,
                    "wednesday": null,
                    "thursday": "09:00:00",
                    "friday": "09:00:00",
                    "saturday": null,
                    "sunday": null
                },
                "never_work_masks": {
                    "monday": 8388609,
                    "tuesday": 16777215,
                    "wednesday": 16777215,
                    "thursday": 8388609,
                    "friday": 8388609,
                    "saturday": 16777215,
                    "sunday": 16777215
                },
                "always_work_masks": {
                    "monday": 0,
                    "tuesday": 0,
                    "wednesday": 0,
                    "thursday": 0,
                    "friday": 0,
                    "saturday": 0,
                    "sunday": 0
                }
            }
        },
        {
            "id": "Loan Officer-000008timetable",
            "constraints": {
                "global_constraints": {
                    "max_weekly_cap": 17.0,
                    "max_daily_cap": 8.0,
                    "max_consecutive_cap": 8.0,
                    "max_shifts_day": 24,
                    "max_shifts_week": 17.0,
                    "is_human": true
                },
                "daily_start_times": {
                    "monday": "09:00:00",
                    "tuesday": "09:00:00",
                    "wednesday": "09:00:00",
                    "thursday": "09:00:00",
                    "friday": null,
                    "saturday": null,
                    "sunday": null
                },
                "never_work_masks": {
                    "monday": 8388609,
                    "tuesday": 8388609,
                    "wednesday": 8388609,
                    "thursday": 8388609,
                    "friday": 16777215,
                    "saturday": 16777215,
                    "sunday": 16777215
                },
                "always_work_masks": {
                    "monday": 0,
                    "tuesday": 0,
                    "wednesday": 0,
                    "thursday": 0,
                    "friday": 0,
                    "saturday": 0,
                    "sunday": 0
                }
            }
        },
        {
            "id": "Loan Officer-000005timetable",
            "constraints": {
                "global_constraints": {
                    "max_weekly_cap": 16.0,
                    "max_daily_cap": 8.0,
                    "max_consecutive_cap": 8.0,
                    "max_shifts_day": 24,
                    "max_shifts_week": 16.0,
                    "is_human": true
                },
                "daily_start_times": {
                    "monday": "09:00:00",
                    "tuesday": "09:00:00",
                    "wednesday": "09:00:00",
                    "thursday": "09:00:00",
                    "friday": null,
                    "saturday": null,
                    "sunday": null
                },
                "never_work_masks": {
                    "monday": 8388609,
                    "tuesday": 8388609,
                    "wednesday": 8388609,
                    "thursday": 8388609,
                    "friday": 16777215,
                    "saturday": 16777215,
                    "sunday": 16777215
                },
                "always_work_masks": {
                    "monday": 0,
                    "tuesday": 0,
                    "wednesday": 0,
                    "thursday": 0,
                    "friday": 0,
                    "saturday": 0,
                    "sunday": 0
                }
            }
        },
        {
            "id": "Loan Officer-000010timetable",
            "constraints": {
                "global_constraints": {
                    "max_weekly_cap": 18.0,
                    "max_daily_cap": 8.0,
                    "max_consecutive_cap": 8.0,
                    "max_shifts_day": 24,
                    "max_shifts_week": 18.0,
                    "is_human": true
                },
                "daily_start_times": {
                    "monday": "09:00:00",
                    "tuesday": "09:00:00",
                    "wednesday": "09:00:00",
                    "thursday": "09:00:00",
                    "friday": "09:00:00",
                    "saturday": null,
                    "sunday": null
                },
                "never_work_masks": {
                    "monday": 8388609,
                    "tuesday": 8388609,
                    "wednesday": 8388609,
                    "thursday": 8388609,
                    "friday": 8388609,
                    "saturday": 16777215,
                    "sunday": 16777215
                },
                "always_work_masks": {
                    "monday": 0,
                    "tuesday": 0,
                    "wednesday": 0,
                    "thursday": 0,
                    "friday": 0,
                    "saturday": 0,
                    "sunday": 0
                }
            }
        },
        {
            "id": "Loan Officer-000006timetable",
            "constraints": {
                "global_constraints": {
                    "max_weekly_cap": 17.0,
                    "max_daily_cap": 8.0,
                    "max_consecutive_cap": 8.0,
                    "max_shifts_day": 24,
                    "max_shifts_week": 17.0,
                    "is_human": true
                },
                "daily_start_times": {
                    "monday": "09:00:00",
                    "tuesday": "09:00:00",
                    "wednesday": "09:00:00",
                    "thursday": "09:00:00",
                    "friday": "09:00:00",
                    "saturday": null,
                    "sunday": null
                },
                "never_work_masks": {
                    "monday": 8388609,
                    "tuesday": 8388609,
                    "wednesday": 8388609,
                    "thursday": 8388609,
                    "friday": 8388609,
                    "saturday": 16777215,
                    "sunday": 16777215
                },
                "always_work_masks": {
                    "monday": 0,
                    "tuesday": 0,
                    "wednesday": 0,
                    "thursday": 0,
                    "friday": 0,
                    "saturday": 0,
                    "sunday": 0
                }
            }
        },
        {
            "id": "Loan Officer-000001timetable",
            "constraints": {
                "global_constraints": {
                    "max_weekly_cap": 17.0,
                    "max_daily_cap": 8.0,
                    "max_consecutive_cap": 8.0,
                    "max_shifts_day": 24,
                    "max_shifts_week": 17.0,
                    "is_human": true
                },
                "daily_start_times": {
                    "monday": "09:00:00",
                    "tuesday": "09:00:00",
                    "wednesday": "09:00:00",
                    "thursday": "09:00:00",
                    "friday": "09:00:00",
                    "saturday": null,
                    "sunday": null
                },
                "never_work_masks": {
                    "monday": 8388609,
                    "tuesday": 8388609,
                    "wednesday": 8388609,
                    "thursday": 8388609,
                    "friday": 8388609,
                    "saturday": 16777215,
                    "sunday": 16777215
                },
                "always_work_masks": {
                    "monday": 0,
                    "tuesday": 0,
                    "wednesday": 0,
                    "thursday": 0,
                    "friday": 0,
                    "saturday": 0,
                    "sunday": 0
                }
            }
        },
        {
            "id": "Loan Officer-000002timetable",
            "constraints": {
                "global_constraints": {
                    "max_weekly_cap": 18.0,
                    "max_daily_cap": 8.0,
                    "max_consecutive_cap": 8.0,
                    "max_shifts_day": 24,
                    "max_shifts_week": 18.0,
                    "is_human": true
                },
                "daily_start_times": {
                    "monday": "09:00:00",
                    "tuesday": "09:00:00",
                    "wednesday": "09:00:00",
                    "thursday": "09:00:00",
                    "friday": "09:00:00",
                    "saturday": null,
                    "sunday": null
                },
                "never_work_masks": {
                    "monday": 8388609,
                    "tuesday": 8388609,
                    "wednesday": 8388609,
                    "thursday": 8388609,
                    "friday": 8388609,
                    "saturday": 16777215,
                    "sunday": 16777215
                },
                "always_work_masks": {
                    "monday": 0,
                    "tuesday": 0,
                    "wednesday": 0,
                    "thursday": 0,
                    "friday": 0,
                    "saturday": 0,
                    "sunday": 0
                }
            }
        },
        {
            "id": "Loan Officer-000004timetable",
            "constraints": {
                "global_constraints": {
                    "max_weekly_cap": 16.0,
                    "max_daily_cap": 8.0,
                    "max_consecutive_cap": 8.0,
                    "max_shifts_day": 24,
                    "max_shifts_week": 16.0,
                    "is_human": true
                },
                "daily_start_times": {
                    "monday": "09:00:00",
                    "tuesday": "09:00:00",
                    "wednesday": "09:00:00",
                    "thursday": "09:00:00",
                    "friday": "09:00:00",
                    "saturday": null,
                    "sunday": null
                },
                "never_work_masks": {
                    "monday": 8388609,
                    "tuesday": 8388609,
                    "wednesday": 8388609,
                    "thursday": 8388609,
                    "friday": 8388609,
                    "saturday": 16777215,
                    "sunday": 16777215
                },
                "always_work_masks": {
                    "monday": 0,
                    "tuesday": 0,
                    "wednesday": 0,
                    "thursday": 0,
                    "friday": 0,
                    "saturday": 0,
                    "sunday": 0
                }
            }
        },
        {
            "id": "Loan Officer-000003timetable",
            "constraints": {
                "global_constraints": {
                    "max_weekly_cap": 16.0,
                    "max_daily_cap": 8.0,
                    "max_consecutive_cap": 8.0,
                    "max_shifts_day": 24,
                    "max_shifts_week": 16.0,
                    "is_human": true
                },
                "daily_start_times": {
                    "monday": "09:00:00",
                    "tuesday": "09:00:00",
                    "wednesday": "09:00:00",
                    "thursday": "09:00:00",
                    "friday": "09:00:00",
                    "saturday": null,
                    "sunday": null
                },
                "never_work_masks": {
                    "monday": 8388609,
                    "tuesday": 8388609,
                    "wednesday": 8388609,
                    "thursday": 8388609,
                    "friday": 8388609,
                    "saturday": 16777215,
                    "sunday": 16777215
                },
                "always_work_masks": {
                    "monday": 0,
                    "tuesday": 0,
                    "wednesday": 0,
                    "thursday": 0,
                    "friday": 0,
                    "saturday": 0,
                    "sunday": 0
                }
            }
        },
        {
            "id": "Senior Officer-000001timetable",
            "constraints": {
                "global_constraints": {
                    "max_weekly_cap": 17.0,
                    "max_daily_cap": 8.0,
                    "max_consecutive_cap": 8.0,
                    "max_shifts_day": 24,
                    "max_shifts_week": 17.0,
                    "is_human": true
                },
                "daily_start_times": {
                    "monday": null,
                    "tuesday": "09:00:00",
                    "wednesday": null,
                    "thursday": null,
                    "friday": "09:00:00",
                    "saturday": "09:00:00",
                    "sunday": null
                },
                "never_work_masks": {
                    "monday": 16777215,
                    "tuesday": 8388609,
                    "wednesday": 16777215,
                    "thursday": 16777215,
                    "friday": 8388609,
                    "saturday": 8388609,
                    "sunday": 16777215
                },
                "always_work_masks": {
                    "monday": 0,
                    "tuesday": 0,
                    "wednesday": 0,
                    "thursday": 0,
                    "friday": 0,
                    "saturday": 0,
                    "sunday": 0
                }
            }
        },
        {
            "id": "Senior Officer-000003timetable",
            "constraints": {
                "global_constraints": {
                    "max_weekly_cap": 17.0,
                    "max_daily_cap": 8.0,
                    "max_consecutive_cap": 8.0,
                    "max_shifts_day": 24,
                    "max_shifts_week": 17.0,
                    "is_human": true
                },
                "daily_start_times": {
                    "monday": null,
                    "tuesday": "09:00:00",
                    "wednesday": null,
                    "thursday": null,
                    "friday": "09:00:00",
                    "saturday": "09:00:00",
                    "sunday": null
                },
                "never_work_masks": {
                    "monday": 16777215,
                    "tuesday": 8388609,
                    "wednesday": 16777215,
                    "thursday": 16777215,
                    "friday": 8388609,
                    "saturday": 8388609,
                    "sunday": 16777215
                },
                "always_work_masks": {
                    "monday": 0,
                    "tuesday": 0,
                    "wednesday": 0,
                    "thursday": 0,
                    "friday": 0,
                    "saturday": 0,
                    "sunday": 0
                }
            }
        },
        {
            "id": "Senior Officer-000002timetable",
            "constraints": {
                "global_constraints": {
                    "max_weekly_cap": 17.0,
                    "max_daily_cap": 8.0,
                    "max_consecutive_cap": 8.0,
                    "max_shifts_day": 24,
                    "max_shifts_week": 17.0,
                    "is_human": true
                },
                "daily_start_times": {
                    "monday": null,
                    "tuesday": "09:00:00",
                    "wednesday": null,
                    "thursday": null,
                    "friday": "09:00:00",
                    "saturday": "09:00:00",
                    "sunday": null
                },
                "never_work_masks": {
                    "monday": 16777215,
                    "tuesday": 8388609,
                    "wednesday": 16777215,
                    "thursday": 16777215,
                    "friday": 8388609,
                    "saturday": 8388609,
                    "sunday": 16777215
                },
                "always_work_masks": {
                    "monday": 0,
                    "tuesday": 0,
                    "wednesday": 0,
                    "thursday": 0,
                    "friday": 0,
                    "saturday": 0,
                    "sunday": 0
                }
            }
        },
        {
            "id": "AML Investigator-000003_COPY6177050008timetable",
            "constraints": {
                "global_constraints": {
                    "max_weekly_cap": 17.0,
                    "max_daily_cap": 8.0,
                    "max_consecutive_cap": 8.0,
                    "max_shifts_day": 24,
                    "max_shifts_week": 17.0,
                    "is_human": true
                },
                "daily_start_times": {
                    "monday": "09:00:00",
                    "tuesday": null,
                    "wednesday": "09:00:00",
                    "thursday": "09:00:00",
                    "friday": null,
                    "saturday": null,
                    "sunday": null
                },
                "never_work_masks": {
                    "monday": 8388609,
                    "tuesday": 16777215,
                    "wednesday": 8388609,
                    "thursday": 8388609,
                    "friday": 16777215,
                    "saturday": 16777215,
                    "sunday": 16777215
                },
                "always_work_masks": {
                    "monday": 0,
                    "tuesday": 0,
                    "wednesday": 0,
                    "thursday": 0,
                    "friday": 0,
                    "saturday": 0,
                    "sunday": 0
                }
            }
        },
        {
            "id": "AML Investigator-000003_COPYcf2ad31e29timetable",
            "constraints": {
                "global_constraints": {
                    "max_weekly_cap": 17.0,
                    "max_daily_cap": 8.0,
                    "max_consecutive_cap": 8.0,
                    "max_shifts_day": 24,
                    "max_shifts_week": 17.0,
                    "is_human": true
                },
                "daily_start_times": {
                    "monday": "09:00:00",
                    "tuesday": null,
                    "wednesday": "09:00:00",
                    "thursday": "09:00:00",
                    "friday": null,
                    "saturday": null,
                    "sunday": null
                },
                "never_work_masks": {
                    "monday": 8388609,
                    "tuesday": 16777215,
                    "wednesday": 8388609,
                    "thursday": 8388609,
                    "friday": 16777215,
                    "saturday": 16777215,
                    "sunday": 16777215
                },
                "always_work_masks": {
                    "monday": 0,
                    "tuesday": 0,
                    "wednesday": 0,
                    "thursday": 0,
                    "friday": 0,
                    "saturday": 0,
                    "sunday": 0
                }
            }
        }
    ]
}