{
    "time_var": 60,
    "max_cap": 9999999999,
    "max_shift_size": 24,
    "max_shift_blocks": 24,
    "hours_in_day": 24,
    "resources": [
        {
            "id": "Starttimetable",
            "constraints": {
                "global_constraints": {
                    "max_weekly_cap": 95.0,
                    "max_daily_cap": 16.0,
                    "max_consecutive_cap": 14.0,
                    "max_shifts_day": 24,
                    "max_shifts_week": 95.0,
                    "is_human": true
                },
                "daily_start_times": {
                    "monday": "00:00:00",
                    "tuesday": "00:00:00",
                    "wednesday": "00:00:00",
                    "thursday": "00:00:00",
                    "friday": "00:00:00",
                    "saturday": "00:00:00",
                    "sunday": "00:00:00"
                },
                "never_work_masks": {
                    "monday": 8388609,
                    "tuesday": 8388609,
                    "wednesday": 8388609,
                    "thursday": 8388609,
                    "friday": 8388609,
                    "saturday": 8388609,
                    "sunday": 8388609
                },
                "always_work_masks": {
                    "monday": 0,
                    "tuesday": 0,
                    "wednesday": 0,
                    "thursday": 0,
                    "friday": 0,
                    "saturday": 0,
                    "sunday": 0
                }
            }
        },
        {
            "id": "Joint_Traer informacion estudiante - banner_0timetable",
            "constraints": {
                "global_constraints": {
                    "max_weekly_cap": 94.0,
                    "max_daily_cap": 15.0,
                    "max_consecutive_cap": 13.0,
                    "max_shifts_day": 24,
                    "max_shifts_week": 94.0,
                    "is_human": true
                },
                "daily_start_times": {
                    "monday": "00:00:00",
                    "tuesday": "00:00:00",
                    "wednesday": "00:00:00",
                    "thursday": "00:00:00",
                    "friday": "00:00:00",
                    "saturday": "00:00:00",
                    "sunday": "00:00:00"
                },
                "never_work_masks": {
                    "monday": 8388609,
                    "tuesday": 8388609,
                    "wednesday": 8388609,
                    "thursday": 8388609,
                    "friday": 8388609,
                    "saturday": 8388609,
                    "sunday": 8388609
                },
                "always_work_masks": {
                    "monday": 0,
                    "tuesday": 0,
                    "wednesday": 0,
                    "thursday": 0,
                    "friday": 0,
                    "saturday": 0,
                    "sunday": 0
                }
            }
        },
        {
            "id": "Joint_Radicar Solicitud Homologacion_0timetable",
            "constraints": {
                "global_constraints": {
                    "max_weekly_cap": 95.0,
                    "max_daily_cap": 15.0,
                    "max_consecutive_cap": 13.0,
                    "max_shifts_day": 24,
                    "max_shifts_week": 95.0,
                    "is_human": true
                },
                "daily_start_times": {
                    "monday": "00:00:00",
                    "tuesday": "00:00:00",
                    "wednesday": "00:00:00",
                    "thursday": "00:00:00",
                    "friday": "00:00:00",
                    "saturday": "00:00:00",
                    "sunday": "00:00:00"
                },
                "never_work_masks": {
                    "monday": 8388609,
                    "tuesday": 8388609,
                    "wednesday": 8388609,
                    "thursday": 8388609,
                    "friday": 8388609,
                    "saturday": 8388609,
                    "sunday": 8388609
                },
                "always_work_masks": {
                    "monday": 0,
                    "tuesday": 0,
                    "wednesday": 0,
                    "thursday": 0,
                    "friday": 0,
                    "saturday": 0,
                    "sunday": 0
                }
            }
        },
        {
            "id": "677timetable",
            "constraints": {
                "global_constraints": {
                    "max_weekly_cap": 72.0,
                    "max_daily_cap": 14.0,
                    "max_consecutive_cap": 13.0,
                    "max_shifts_day": 24,
                    "max_shifts_week": 72.0,
                    "is_human": true
                },
                "daily_start_times": {
                    "monday": "00:00:00",
                    "tuesday": "00:00:00",
                    "wednesday": "00:00:00",
                    "thursday": "00:00:00",
                    "friday": "00:00:00",
                    "saturday": "00:00:00",
                    "sunday": "00:00:00"
                },
                "never_work_masks": {
                    "monday": 8388609,
                    "tuesday": 8388609,
                    "wednesday": 8388609,
                    "thursday": 8388609,
                    "friday": 8388609,
                    "saturday": 8388609,
                    "sunday": 8388609
                },
                "always_work_masks": {
                    "monday": 0,
                    "tuesday": 0,
                    "wednesday": 0,
                    "thursday": 0,
                    "friday": 0,
                    "saturday": 0,
                    "sunday": 0
                }
            }
        },
        {
            "id": "Joint_Cancelar Solicitud_0timetable",
            "constraints": {
                "global_constraints": {
                    "max_weekly_cap": 76.0,
                    "max_daily_cap": 15.0,
                    "max_consecutive_cap": 10.0,
                    "max_shifts_day": 24,
                    "max_shifts_week": 76.0,
                    "is_human": true
                },
                "daily_start_times": {
                    "monday": "00:00:00",
                    "tuesday": "00:00:00",
                    "wednesday": "00:00:00",
                    "thursday": "00:00:00",
                    "friday": "00:00:00",
                    "saturday": "00:00:00",
                    "sunday": "00:00:00"
                },
                "never_work_masks": {
                    "monday": 8388609,
                    "tuesday": 8388609,
                    "wednesday": 8388609,
                    "thursday": 8388609,
                    "friday": 8388609,
                    "saturday": 8388609,
                    "sunday": 8388609
                },
                "always_work_masks": {
                    "monday": 0,
                    "tuesday": 0,
                    "wednesday": 0,
                    "thursday": 0,
                    "friday": 0,
                    "saturday": 0,
                    "sunday": 0
                }
            }
        },
        {
            "id": "26789timetable",
            "constraints": {
                "global_constraints": {
                    "max_weekly_cap": 28.0,
                    "max_daily_cap": 7.0,
                    "max_consecutive_cap": 6.0,
                    "max_shifts_day": 24,
                    "max_shifts_week": 28.0,
                    "is_human": true
                },
                "daily_start_times": {
                    "monday": "00:00:00",
                    "tuesday": "00:00:00",
                    "wednesday": "00:00:00",
                    "thursday": "00:00:00",
                    "friday": "00:00:00",
                    "saturday": "00:00:00",
                    "sunday": "00:00:00"
                },
                "never_work_masks": {
                    "monday": 8388609,
                    "tuesday": 8388609,
                    "wednesday": 8388609,
                    "thursday": 8388609,
                    "friday": 8388609,
                    "saturday": 8388609,
                    "sunday": 8388609
                },
                "always_work_masks": {
                    "monday": 0,
                    "tuesday": 0,
                    "wednesday": 0,
                    "thursday": 0,
                    "friday": 0,
                    "saturday": 0,
                    "sunday": 0
                }
            }
        },
        {
            "id": "Joint_Visto Bueno Cierre Proceso_0timetable",
            "constraints": {
                "global_constraints": {
                    "max_weekly_cap": 45.0,
                    "max_daily_cap": 11.0,
                    "max_consecutive_cap": 9.0,
                    "max_shifts_day": 24,
                    "max_shifts_week": 45.0,
                    "is_human": true
                },
                "daily_start_times": {
                    "monday": "00:00:00",
                    "tuesday": "00:00:00",
                    "wednesday": "00:00:00",
                    "thursday": "00:00:00",
                    "friday": "00:00:00",
                    "saturday": "00:00:00",
                    "sunday": null
                },
                "never_work_masks": {
                    "monday": 8388609,
                    "tuesday": 8388609,
                    "wednesday": 8388609,
                    "thursday": 8388609,
                    "friday": 8388609,
                    "saturday": 8388609,
                    "sunday": 16777215
                },
                "always_work_masks": {
                    "monday": 0,
                    "tuesday": 0,
                    "wednesday": 0,
                    "thursday": 0,
                    "friday": 0,
                    "saturday": 0,
                    "sunday": 0
                }
            }
        },
        {
            "id": "Joint_Transferir Creditos_0timetable",
            "constraints": {
                "global_constraints": {
                    "max_weekly_cap": 21.0,
                    "max_daily_cap": 6.0,
                    "max_consecutive_cap": 4.0,
                    "max_shifts_day": 24,
                    "max_shifts_week": 21.0,
                    "is_human": true
                },
                "daily_start_times": {
                    "monday": "12:00:00",
                    "tuesday": "12:00:00",
                    "wednesday": "12:00:00",
                    "thursday": "12:00:00",
                    "friday": "12:00:00",
                    "saturday": null,
                    "sunday": null
                },
                "never_work_masks": {
                    "monday": 8388609,
                    "tuesday": 8388609,
                    "wednesday": 8388609,
                    "thursday": 8388609,
                    "friday": 8388609,
                    "saturday": 16777215,
                    "sunday": 16777215
                },
                "always_work_masks": {
                    "monday": 0,
                    "tuesday": 0,
                    "wednesday": 0,
                    "thursday": 0,
                    "friday": 0,
                    "saturday": 0,
                    "sunday": 0
                }
            }
        },
        {
            "id": "Joint_Transferir creditos homologables_0timetable",
            "constraints": {
                "global_constraints": {
                    "max_weekly_cap": 18.0,
                    "max_daily_cap": 4.0,
                    "max_consecutive_cap": 3.0,
                    "max_shifts_day": 24,
                    "max_shifts_week": 18.0,
                    "is_human": true
                },
                "daily_start_times": {
                    "monday": "12:00:00",
                    "tuesday": "12:00:00",
                    "wednesday": "12:00:00",
                    "thursday": "12:00:00",
                    "friday": "12:00:00",
                    "saturday": null,
                    "sunday": null
                },
                "never_work_masks": {
                    "monday": 8388609,
                    "tuesday": 8388609,
                    "wednesday": 8388609,
                    "thursday": 8388609,
                    "friday": 8388609,
                    "saturday": 16777215,
                    "sunday": 16777215
                },
                "always_work_masks": {
                    "monday": 0,
                    "tuesday": 0,
                    "wednesday": 0,
                    "thursday": 0,
                    "friday": 0,
                    "saturday": 0,
                    "sunday": 0
                }
            }
        },
        {
            "id": "End_COPYc592fe0a8etimetable",
            "constraints": {
                "global_constraints": {
                    "max_weekly_cap": 78.0,
                    "max_daily_cap": 13.0,
                    "max_consecutive_cap": 13.0,
                    "max_shifts_day": 24,
                    "max_shifts_week": 78.0,
                    "is_human": true
                },
                "daily_start_times": {
                    "monday": "00:00:00",
                    "tuesday": "00:00:00",
                    "wednesday": "00:00:00",
                    "thursday": "00:00:00",
                    "friday": "00:00:00",
                    "saturday": "00:00:00",
                    "sunday": "00:00:00"
                },
                "never_work_masks": {
                    "monday": 8388609,
                    "tuesday": 8388609,
                    "wednesday": 8388609,
                    "thursday": 8388609,
                    "friday": 8388609,
                    "saturday": 8388609,
                    "sunday": 8388609
                },
                "always_work_masks": {
                    "monday": 0,
                    "tuesday": 0,
                    "wednesday": 0,
                    "thursday": 0,
                    "friday": 0,
                    "saturday": 0,
                    "sunday": 0
                }
            }
        },
        {
            "id": "Joint_Cancelar Solicitud_0_COPYcedb231a92timetable",
            "constraints": {
                "global_constraints": {
                    "max_weekly_cap": 76.0,
                    "max_daily_cap": 15.0,
                    "max_consecutive_cap": 10.0,
                    "max_shifts_day": 24,
                    "max_shifts_week": 76.0,
                    "is_human": true
                },
                "daily_start_times": {
                    "monday": "00:00:00",
                    "tuesday": "00:00:00",
                    "wednesday": "00:00:00",
                    "thursday": "00:00:00",
                    "friday": "00:00:00",
                    "saturday": "00:00:00",
                    "sunday": "00:00:00"
                },
                "never_work_masks": {
                    "monday": 8388609,
                    "tuesday": 8388609,
                    "wednesday": 8388609,
                    "thursday": 8388609,
                    "friday": 8388609,
                    "saturday": 8388609,
                    "sunday": 8388609
                },
                "always_work_masks": {
                    "monday": 0,
                    "tuesday": 0,
                    "wednesday": 0,
                    "thursday": 0,
                    "friday": 0,
                    "saturday": 0,
                    "sunday": 0
                }
            }
        },
        {
            "id": "Joint_Cancelar Solicitud_0_COPY1aa6231a34timetable",
            "constraints": {
                "global_constraints": {
                    "max_weekly_cap": 76.0,
                    "max_daily_cap": 15.0,
                    "max_consecutive_cap": 10.0,
                    "max_shifts_day": 24,
                    "max_shifts_week": 76.0,
                    "is_human": true
                },
                "daily_start_times": {
                    "monday": "00:00:00",
                    "tuesday": "00:00:00",
                    "wednesday": "00:00:00",
                    "thursday": "00:00:00",
                    "friday": "00:00:00",
                    "saturday": "00:00:00",
                    "sunday": "00:00:00"
                },
                "never_work_masks": {
                    "monday": 8388609,
                    "tuesday": 8388609,
                    "wednesday": 8388609,
                    "thursday": 8388609,
                    "friday": 8388609,
                    "saturday": 8388609,
                    "sunday": 8388609
                },
                "always_work_masks": {
                    "monday": 0,
                    "tuesday": 0,
                    "wednesday": 0,
                    "thursday": 0,
                    "friday": 0,
                    "saturday": 0,
                    "sunday": 0
                }
            }
        }
    ]
}