Total Solutions Generated,549
Total Iterations,282

# Iteration,Allocation Id,Execution Cost,Cycle Time,Execution Time,Cycle Time Deviation,Execution Time Deviation
0,20_105,3115646.9097222225,88332.15992367538,89730631.0,523.8452851666225,769528.0
1,20_125,3528619.668055556,87940.33713258526,87607109.0,361.5303818295215,724643.0
2,39_105,3557794.96,88359.39536147943,88944874.0,485.04682267642056,1074992.0
3,40_105,3635144.2,88656.3573035125,90251856.0,470.25900945381727,551550.0
4,1_105,2572637.3427777775,88246.37520811961,87372589.0,288.39683890085144,917120.0
5,20_7,665885.4075,93334.08129576503,88784721.0,1005.5929835204006,860278.0
6,20_6,648249.8677777778,99503.45411035899,89757674.0,1188.9074221848714,1253881.0
7,1_124,3034462.5694444445,88137.812814103,87392522.0,694.5508916943218,790897.0
8,39_86,3031967.8819444445,88330.72986504932,87320675.0,590.8308662235067,835256.0
9,20_104,2935261.8322222224,88524.09306761688,85217279.0,651.1869586329994,1218383.0
10,20_106,3087974.925,88313.32010907498,88227855.0,927.9547856170393,874251.0
11,39_125,4038839.388888889,88102.90192833004,88657450.0,610.3676950247318,906228.0
12,40_125,4064876.154166667,88075.47138806309,88688207.0,591.7118653438665,820183.0
13,1_125,3096995.1950000003,88154.64054163542,88485577.0,995.4114805249264,785906.0
14,20_5,623105.0069444445,148317.5236103679,89727121.0,7681.246035312128,820927.0
15,1_144,3492274.5722222226,88514.44021256139,86704748.0,473.03569866697944,937484.0
16,39_106,3634896.8138888883,88604.49377491848,90245714.0,521.6574155901908,1074332.0
17,20_124,3495186.72,88102.72951013694,87379668.0,599.5504703982442,835728.0
18,2_105,2626090.5972222225,88594.27196181672,88354450.0,835.8785905650147,1037123.0
19,1_7,192851.87555555557,91780.63398309638,86783344.0,1342.2414327530569,1166105.0
20,1_6,173539.35861111112,102685.99989249262,89248813.0,1594.5052645495452,1005459.0
21,1_104,2552678.0999999996,87925.30685521675,87520392.0,580.6027189372253,901048.0
22,1_106,2589861.2591666663,88807.54434732393,87135519.0,354.3640323572763,764118.0
23,1_8,222368.71,89946.42172173454,88947484.0,765.8849820658943,1122633.0
24,1_9,245241.4361111111,88162.18562246759,88286917.0,872.8598100798554,1115245.0
25,1_5,148617.38,140614.20844731544,89170428.0,10632.067394559577,977170.0
26,2_104,2612947.965,88463.4515831082,88741629.0,539.0991044060211,1159071.0
27,1_103,2598080.102222222,88258.73781850871,89933542.0,538.0670745838579,1416025.0
28,1_10,272446.79000000004,88160.43426411304,89164404.0,797.4794539095601,800833.0
29,1_11,309020.92000000004,88087.46174083075,92706276.0,497.8244501169538,1134670.0
30,1_12,318885.48250000004,88491.82963218231,88306749.0,763.2876152172103,895086.0
31,1_13,357446.5883333333,88172.28506747875,91914837.0,462.4440773641545,905926.0
32,1_4,124240.10833333334,1832688.3101286083,89452878.0,460223.05793476943,908036.0
33,1_14,368083.3833333333,88173.87563514871,88340012.0,758.6036825283227,628639.0
34,1_15,388878.9422222222,88316.40201527445,87497762.0,581.3541633122077,857759.0
35,1_16,420191.2005555556,88546.36567640612,88981666.0,599.3484665427823,1042908.0
36,1_17,448495.015,88416.38312024194,89699003.0,724.1857524507941,702571.0
37,1_18,451694.2886111111,88335.0360212102,85584181.0,439.1019975190429,1186618.0
38,1_19,489741.8666666667,88637.21472243797,88153536.0,524.8040918780171,680909.0
39,2_103,2608990.533333333,88099.29326986654,89451104.0,331.3155370139866,706389.0
40,1_102,2441683.409166666,88549.00881908354,85340391.0,935.7635480677127,974539.0
41,1_20,520482.97000000003,88165.82189672324,89225652.0,425.8081006457214,851973.0
42,1_21,532386.1888888889,89247.11876617515,87117740.0,449.14093348474125,745384.0
43,2_125,3007876.078611111,88422.17585456252,85262629.0,348.43724978365935,1177604.0
44,3_103,2539401.131111111,88161.31549741226,86243812.0,594.6800338825415,810717.0
45,4_103,2631170.214166667,88630.31172641146,88525353.0,464.0308052219043,1237426.0
46,2_6,190129.14222222223,102876.05103843861,85558114.0,1562.426431217842,1215484.0
47,2_5,170528.77138888888,144856.28001694524,87700511.0,10084.8167824189,882336.0
48,3_102,2522156.8166666664,88509.64961295,86473948.0,833.9599044693168,1246178.0
49,2_102,2567866.311111111,88408.34019402832,88887680.0,484.74571978680615,222460.0
50,2_7,220046.9125,92209.17326629648,88018765.0,1048.4895246041997,1054507.0
51,2_8,250189.51666666666,89653.8776554595,90068226.0,761.0899461404042,1728650.0
52,2_9,277715.2216666667,88983.47962050894,90888618.0,776.7814924646955,724282.0
53,3_125,3207319.3955555554,88666.2157795003,90205858.0,696.9797742881783,1083434.0
54,5_103,2610959.1,88233.15871209039,87031970.0,564.0867766022857,607127.0
55,6_103,2701881.3119444447,88719.9459491994,89236447.0,1131.9085552729666,774502.0
56,3_6,217204.375,101938.4916908482,86881750.0,1495.8824583562673,588410.0
57,3_5,193321.5911111111,146785.2048862465,86994716.0,15033.352729040955,740240.0
58,5_101,2587212.6077777776,88076.54712159192,87867598.0,516.7206472740363,701166.0
59,3_104,2604410.911111111,88352.75394100351,87625040.0,747.6502539058274,853507.0
60,3_7,242544.85,93686.92949655166,87316146.0,1184.1093209022074,1110261.0
61,4_102,2611519.026111111,88170.42692365962,88693099.0,464.36698949970014,1053264.0
62,3_101,2545977.431111111,88618.83965381027,88129988.0,326.5703589466284,753815.0
63,2_101,2594012.3980555558,88150.09908137031,90664511.0,568.6505099955684,672452.0
64,2_4,149775.19166666665,1043641.7229107129,89865115.0,203776.53592218133,939224.0
65,5_102,2653329.7952777776,88557.99949141353,89270909.0,711.3741782866709,639407.0
66,6_102,2647428.63,88605.79410067342,88247621.0,482.0779897756438,928466.0
67,5_100,2540399.5166666666,88258.18718564948,87099412.0,417.04429662352777,767331.0
68,5_125,3255625.1361111114,88349.53366891888,90155773.0,845.3675691212411,1397354.0
69,9_100,2644651.8913888885,88115.31214835057,87346301.0,647.8271147339983,664201.0
70,10_100,2735641.8833333333,87958.03080280316,89530098.0,373.0670486792369,1338835.0
71,1_100,2529706.8244444444,88466.26772962834,90167768.0,787.9765691139328,1221957.0
72,5_6,269062.44444444444,104522.44825750015,88056800.0,2169.70580656371,1373907.0
73,5_5,249207.40555555557,142987.5296758936,89714666.0,7732.966860738903,912574.0
74,9_96,2587026.5458333334,88685.13363475702,88698053.0,462.93719231036084,829160.0
75,5_99,2511553.4888888886,88147.28567384479,86938390.0,586.7382391254068,1060897.0
76,2_100,2540117.0216666665,88425.34271899457,89651189.0,702.2690424722387,1316603.0
77,1_99,2420128.111111111,88033.98157280916,87124612.0,502.59344968646474,982223.0
78,1_101,2560016.0316666667,88505.74818315948,90353507.0,213.44772215068224,1059796.0
79,2_99,2440064.695277778,88437.6082574988,86972603.0,558.9903661115968,830679.0
80,1_98,2379195.6925,88972.04365063123,86516207.0,801.3266029118386,1216115.0
81,3_100,2514543.034166666,88661.18141570069,87886941.0,492.63620177833945,396850.0
82,4_100,2544184.413333333,88165.93689228233,88067922.0,651.1815726937639,704105.0
83,3_99,2491882.8366666664,88387.79861085072,87948806.0,684.6523670791794,749026.0
84,4_125,3111766.666666667,88904.92943822675,86840000.0,554.3105167164758,1074838.0
85,7_100,2630059.2866666666,88509.8142538538,88487976.0,658.2056748408068,1027065.0
86,8_100,2653031.76,88464.01270637334,88434392.0,710.3694222742924,691333.0
87,4_6,253040.6388888889,103626.07691964455,91094630.0,2212.9934103533888,697978.0
88,4_5,218002.605,154174.20828238296,87201042.0,7929.655363980826,740317.0
89,7_97,2537948.053333333,88577.43556383824,87852048.0,666.3237891042954,645595.0
90,4_99,2548935.6497222222,88350.92483357189,89089013.0,738.3484113044688,632105.0
91,4_101,2564833.716666667,88598.30536438613,87937156.0,455.347805114463,836069.0
92,7_99,2597895.582222222,88121.50848010043,88230416.0,942.2765708108054,561471.0
93,8_99,2554063.0419444446,87922.85158782403,85931093.0,406.0234496165358,1024345.0
94,7_96,2572837.715277778,88498.42087005175,89924425.0,279.44490888220025,1071406.0
95,4_98,2459075.33,88256.74168760548,86790894.0,975.1022873494803,1267527.0
96,8_125,3249247.1530555557,87721.4760159348,87949547.0,782.1920327613625,820943.0
97,15_99,2808753.691666667,88191.15283051768,88697485.0,509.80592779452854,1055585.0
98,16_99,2846232.398611111,88607.85266141075,89099449.0,1019.097918689702,711011.0
99,8_6,339283.7,102419.75229133792,87244380.0,1933.1638628106884,1272528.0
100,8_5,315640.2961111111,147857.09942648702,87408082.0,12301.809830423008,1040191.0
101,15_92,2649360.214166667,88785.12036369261,89137353.0,334.11245391833654,1112360.0
102,8_98,2550615.783888889,88282.0089496934,86624687.0,336.885196008574,528519.0
103,15_125,3409521.3055555555,88017.94552148062,87673405.0,668.6254024344234,350193.0
104,16_125,3406392.8758333335,88245.85651833328,86971733.0,959.0256916499347,435479.0
105,1_132,3283411.8605555557,88309.83845461074,88874306.0,570.5140766598925,1151735.0
106,15_118,3232188.0558333336,88535.71138189908,87487797.0,599.501474891018,677392.0
107,8_124,3233350.4133333336,88790.04012792141,88182284.0,647.3161973681708,542518.0
108,15_98,2748770.6708333334,88291.65076432067,87571455.0,755.8246122159326,988378.0
109,16_98,2830891.573333333,88266.45341487482,89396576.0,550.490694664637,1169985.0
110,15_91,2583401.3188888887,88568.106956656,87738158.0,369.35796934533573,885733.0
111,8_97,2611918.5166666666,87799.81895420664,89551492.0,908.6584056922293,1040624.0
112,15_97,2713285.5555555555,88918.14972432853,87212750.0,913.8081686911464,699835.0
113,16_97,2830066.606111111,88547.08497262266,90161414.0,527.0404086401104,1308105.0
114,1_97,2429739.6705555553,88074.81471429326,89255743.0,826.3944591435429,1420562.0
115,15_90,2493110.345833333,88495.46385255763,85478069.0,914.9450113584462,1772010.0
116,8_96,2520380.026666667,88912.16176537817,87243924.0,342.6389842911449,1032207.0
117,7_102,2722752.6925,87868.46554063432,89925777.0,998.1783571251581,1717955.0
118,8_102,2686211.702777778,88069.49788198892,87912383.0,502.0428894756187,773223.0
119,9_103,2717751.8977777776,88709.48457921251,87356311.0,437.5209094643651,1252021.0
120,10_103,2770749.1394444443,88336.44238751593,88271654.0,801.0533950425015,1170120.0
121,1_107,2611058.64,88590.0016261155,87035288.0,660.8654779536446,850933.0
122,9_99,2624794.23,88928.3617345646,87493141.0,905.1715419610991,1268218.0
123,5_104,2648466.195,88027.59399186482,87472278.0,416.9026110734121,743939.0
124,2_97,2395038.9925,88134.30049097532,87092327.0,573.9558027786261,626863.0
125,1_96,2318714.378611111,88235.85460951501,86055379.0,1022.8340859637246,1111014.0
126,7_125,3233221.8966666665,89322.05580912116,88178779.0,374.783434083889,1013507.0
127,13_99,2789199.7777777775,88678.08374809047,89652850.0,292.55446675169514,1070710.0
128,14_99,2715847.65,88427.1157187437,86522580.0,553.6460283045453,1662316.0
129,7_6,323391.0080555555,103840.09929461042,89554433.0,2991.8228622630704,1502285.0
130,7_5,298217.02999999997,144047.1225402967,89465109.0,6237.568840241525,557850.0
131,13_93,2565690.1616666666,88319.2809097937,87136647.0,617.7706195760402,1002743.0
132,7_98,2548729.720833333,89066.74923553815,87385019.0,726.585629833542,837647.0
133,13_125,3361495.923333334,88739.33482542884,87691198.0,443.89931844612875,346807.0
134,25_93,2944324.691666667,88397.0865685482,89826855.0,382.3579979900387,855454.0
135,26_93,2939044.6788888886,88086.88812502862,88912276.0,365.93680317948747,906739.0
136,1_93,2261412.52,88711.69246379391,86607288.0,605.969335124988,799781.0
137,13_6,471192.37361111114,103117.81963778364,89278555.0,2168.8257203946123,587073.0
138,13_5,442913.235,154707.53722500693,88582647.0,7870.535836348223,918233.0
139,25_81,2565544.176111111,89187.73040683183,87131689.0,1035.2067815841438,996417.0
140,13_92,2645272.1166666667,88648.32595166253,90695044.0,562.5623791234102,1206472.0
141,13_94,2571811.2508333335,88686.58183339387,86528229.0,644.556045182122,871465.0
142,3_98,2393811.9136111108,87845.46475754897,85323989.0,547.8460214726365,759648.0
143,2_98,2404006.6388888885,88296.46098712675,86544239.0,799.7611396063148,1053510.0
144,5_98,2517530.5777777773,88772.88477471838,87991360.0,554.6027339452849,747783.0
145,6_98,2583282.751111111,88427.56923942584,89421326.0,504.1419799605792,837477.0
146,5_96,2421341.820277778,87932.80357009164,86305253.0,575.9812075712398,1426652.0
147,3_97,2468219.7777777775,88052.95033123148,88855912.0,516.858402517435,1064937.0
148,4_97,2433103.8875,88683.583923743,86724495.0,466.93620432395255,754251.0
149,3_96,2405695.6275,88587.65612116766,87479841.0,366.18298566210433,402482.0
150,2_96,2401981.3066666666,88669.95690822336,88236048.0,369.46436988293135,560863.0
151,9_101,2705212.033333333,88166.44713182107,88534212.0,636.8340363686584,473143.0
152,10_101,2734685.9716666667,88576.42630420714,88692518.0,823.0667565391341,710156.0
153,9_97,2550867.0038888888,88349.17184095523,86633219.0,651.1601791449211,987282.0
154,10_96,2586764.021666667,87939.21097305862,87852363.0,547.3953948383714,704570.0
155,9_92,2536146.1075,88642.20443063261,90397287.0,669.9177980791574,1063699.0
156,5_95,2472131.9444444445,88281.58588641079,88996750.0,835.2572725718783,572992.0
157,5_97,2475569.8916666666,88753.85262246369,87373055.0,722.1797368523985,405410.0
158,10_125,3286848.375,88190.59506987453,87649290.0,683.7284900409868,581509.0
159,19_96,2829277.5333333337,88432.9856218882,88568688.0,529.9089541816938,955106.0
160,20_96,2787123.0422222223,88564.95539617928,86496922.0,953.777766360552,732643.0
161,10_6,397129.4844444444,102507.97287746758,89354134.0,2027.4983854435704,797902.0
162,10_5,372064.8541666667,148148.65450012957,89295565.0,6777.752547835,395476.0
163,19_87,2644934.9666666663,88499.70068819266,89827980.0,566.7177437899081,1194451.0
164,10_95,2526122.6375,87578.09819844244,86609919.0,468.7239619380125,955746.0
165,10_97,2664333.3780555557,87799.073397323,89641123.0,600.9561009990284,673878.0
166,19_95,2821637.021666667,88082.25002023691,89104327.0,548.2623343225423,679590.0
167,20_95,2816563.484722222,88332.31198515893,88170683.0,430.42411545457435,648471.0
168,1_95,2418929.6799999997,87756.20896707484,90709863.0,607.6059184400947,1312799.0
169,19_86,2635594.2375,88071.64814822952,90363231.0,451.655397423252,667811.0
170,10_94,2505366.875555556,88564.44358185766,86724238.0,713.8579133555468,766323.0
171,2_95,2342955.3522222224,88824.20626491142,86955044.0,861.7272378377384,871769.0
172,1_94,2218463.8819444445,88684.35752354821,84068105.0,551.206552929274,436544.0
173,10_99,2676385.091666667,87499.52101203724,88394370.0,728.1166866602725,1286270.0
174,9_95,2537849.6288888888,88744.38057565715,87848641.0,580.06153830736,757407.0
175,19_99,2880115.450555556,88343.36980950041,87867929.0,823.2354034842429,729274.0
176,20_99,2876900.3666666667,88518.68477869005,87032280.0,623.7723421285045,487825.0
177,1_108,2670392.695555555,88489.6816235115,88196456.0,979.8807405965927,959065.0
178,19_90,2603836.811111111,88256.41813823006,85998280.0,515.0980873166991,1251148.0
179,10_98,2611868.37,88390.29427552597,87062279.0,648.5854488883779,1280759.0
180,19_97,2874413.9766666666,88408.18637379029,89205951.0,699.8422893797979,1213389.0
181,20_97,2831177.83,87827.1905768255,87113164.0,450.3027387152979,927947.0
182,19_88,2572840.234166667,88603.75803647126,86562849.0,680.4107335259177,772465.0
183,9_125,3327096.0127777783,88502.64027122283,89384669.0,989.9282505559095,1333663.0
184,17_97,2749388.4450000003,88851.88779456928,86822793.0,1112.0749657389679,835880.0
185,18_97,2784709.1875,88857.5363935756,87173505.0,591.2238037620846,1075662.0
186,9_6,370680.2583333333,103567.26116842026,88963262.0,3235.3842995460873,600448.0
187,9_5,348720.9794444444,147273.808773289,89671109.0,7276.762472929782,580018.0
188,17_89,2653409.372222222,87753.70455408307,90115790.0,646.5579548829701,1369685.0
189,9_98,2598141.721666666,88252.00699574692,87414114.0,1183.510962294502,310762.0
190,17_125,3462458.5383333336,88507.9795999339,87780639.0,496.6390771936276,392896.0
191,33_89,3023150.3077777773,87825.31853491637,89207714.0,928.6016625310149,1048705.0
192,34_89,3002863.8141666665,88104.28016001322,87888697.0,708.6193069674191,1075753.0
193,1_89,2197455.175,87942.9259815572,87898207.0,430.9415490968677,284304.0
194,17_6,571697.4172222223,102378.14156638291,89483074.0,787.2980377229833,1060668.0
195,17_5,521630.945,142526.82951765886,85357791.0,8864.386877474491,598678.0
196,33_73,2638144.4005555552,88207.6116573379,89597357.0,760.6443594192242,1163817.0
197,17_88,2569939.720833333,88127.38376329734,88112219.0,793.447847325544,686536.0
198,17_90,2608733.8894444443,88473.37146037757,87770486.0,407.13680507059325,597373.0
199,2_89,2254366.407222222,87680.94662663835,89183726.0,920.6575920459873,1425589.0
200,1_88,2177852.793888889,88162.65855994516,88092922.0,711.9538558149943,548977.0
201,1_90,2260993.735,88064.93636541693,89445906.0,656.8543304516206,885249.0
202,3_89,2319288.9755555554,88889.95426668394,90754786.0,855.8584890981874,1322664.0
203,4_89,2269082.174166667,88147.93635366014,87835439.0,415.1097775368835,921120.0
204,3_88,2222721.6627777778,88323.94792452031,87931846.0,527.289868890919,957213.0
205,2_88,2228962.35,88963.03333215053,89158494.0,1005.2300295986934,845948.0
206,2_90,2310094.751111111,88479.64266734455,90395012.0,659.3645180056774,801223.0
207,1_91,2245304.0066666664,88563.01041483265,87859722.0,614.3284295724734,446948.0
208,2_91,2269432.035,88122.12815396032,87848982.0,250.46790344094916,683394.0
209,1_92,2369326.7191666667,87986.25746891263,91715873.0,352.04586781706894,461756.0
210,1_87,2114324.788888889,88145.99627920902,86495105.0,632.4399518951395,1109791.0
211,5_88,2288780.194166667,89034.61357986706,88597943.0,849.2139546063408,866343.0
212,6_88,2254161.83,88033.53423476043,86329602.0,557.8722105705674,785806.0
213,5_86,2194857.21,88244.91379781991,86829516.0,603.061521965501,1023363.0
214,3_87,2192950.125,88335.46242686018,87718005.0,661.3975972555636,665855.0
215,6_125,3165765.65,88414.80573453322,86998140.0,781.0703945179557,822154.0
216,11_88,2378887.3625,88873.22029465437,86504995.0,493.9865156422602,1016597.0
217,12_88,2400322.638888889,87956.98075937491,86411615.0,838.8924917787081,370967.0
218,6_7,314553.0447222222,92751.34311496196,87106997.0,1120.140739563445,882295.0
219,6_6,297126.01666666666,102395.71112744098,89137805.0,1429.9157993877889,994080.0
220,11_83,2273676.7261111108,88639.34795485457,87076981.0,1057.7774053555622,908768.0
221,6_87,2284969.2091666665,88795.50452462392,88450421.0,580.2478337357461,1050938.0
222,6_89,2344069.952777778,88626.51650979253,88827914.0,412.8932665821776,865110.0
223,9_86,2323230.3569444446,88635.18626567989,88038203.0,303.25561065395596,1247054.0
224,10_86,2371853.546666667,87922.1766664576,88944508.0,484.54694091658166,647489.0
225,1_86,2132551.54,88590.61315238089,88243512.0,632.3666177386767,680942.0
226,5_7,295340.32666666666,92560.4282871094,88602098.0,910.5788003136258,873188.0
227,9_82,2217184.388611111,88305.2355108677,87712789.0,511.86825591941306,1038258.0
228,5_85,2173143.8249999997,88515.12721824035,86925753.0,656.743780288496,730188.0
229,5_87,2269397.222222222,88658.55032583718,88802500.0,687.853357850865,1110305.0
230,3_86,2156491.6072222223,88777.82923196822,87228874.0,800.022898406387,894761.0
231,5_8,319042.67416666663,89337.49003450679,88350279.0,1269.2804493233853,890788.0
232,5_9,347347.37333333335,89235.82687454892,89317896.0,237.82257990991639,781769.0
233,4_8,289617.61,90151.29595263703,86885283.0,601.5888169081736,873338.0
234,17_82,2338153.895,88222.39440882968,85023778.0,302.749146333299,713938.0
235,18_82,2460372.0833333335,88544.19793101061,88573395.0,618.2194209260342,476523.0
236,1_82,2084773.8724999998,88439.5963753832,90423927.0,724.9663977627642,596818.0
237,17_74,2190077.561388889,88388.7802699712,86640431.0,875.9730894960812,1020265.0
238,9_81,2166403.8,88569.83707354797,86656152.0,738.1168026681407,886023.0
239,9_83,2257986.8966666665,87960.13471001387,88356009.0,440.0854613912961,531902.0
240,17_83,2431993.3055555555,88438.95545594548,87551759.0,756.0391169476497,479149.0
241,18_83,2554220.3380555557,88605.93262712004,91041517.0,382.3047194717801,713526.0
242,1_83,2111005.3766666665,88577.45623659178,90471659.0,430.71912775457895,1333042.0
243,17_75,2264968.418888889,88583.77064241344,88629199.0,990.2190791704488,697184.0
244,9_84,2279596.9608333334,88259.7827022919,88242463.0,576.0105683665752,1083917.0
245,33_74,2626732.1513888887,88123.83898994193,88376035.0,726.4603463264357,1050018.0
246,34_74,2694847.83,88771.9761785922,89828261.0,590.2237415645359,1531972.0
247,1_74,1837390.1041666665,89154.50679251191,88194725.0,370.0249080579524,660216.0
248,17_7,585098.4533333333,92772.55583978845,87764768.0,916.773594396087,872370.0
249,33_58,2239622.2333333334,88524.75818553055,88600440.0,571.26347274422,1244543.0
250,17_73,2206386.875,88194.36436372776,88255475.0,635.1223713038489,1347270.0
251,34_73,2608928.183611111,88487.98112993431,87777023.0,476.54197910609946,558328.0
252,1_73,1809789.0988888887,87665.16589567403,88043794.0,642.1951195379661,711426.0
253,33_57,2147170.45,88370.61513624551,85886818.0,576.4116025117546,805342.0
254,17_72,2109720.8958333335,88916.36834462565,85337025.0,598.2110590423399,986235.0
255,2_73,1831522.9583333333,87890.1588692736,87913102.0,642.3151472837635,269427.0
256,1_72,1817124.6180555555,88265.68908947593,89611625.0,571.8374174609198,705319.0
257,3_73,1826434.4488888886,88117.34989376261,86515316.0,314.8081589734502,1012025.0
258,4_73,1896363.4647222222,88318.40675125692,88661149.0,921.2442336052482,1159351.0
259,3_72,1842869.4583333333,88393.84014283473,88457734.0,894.5134776055784,885009.0
260,2_72,1825000.1072222223,88360.1985149087,88783789.0,611.4330315863772,1294255.0
261,2_74,1886440.3122222223,88984.69422062156,89357699.0,1140.7902355514088,1040822.0
262,5_72,1903024.0716666665,88640.01168596497,88972554.0,636.7439117646427,1332977.0
263,6_72,1867804.7483333333,88545.9189735607,86206373.0,592.7800524189079,863706.0
264,5_70,1866263.5625,88369.91291048094,89580651.0,824.1685452628153,1102045.0
265,3_71,1773130.4444444443,88337.22562400845,86260400.0,421.16469430201687,1048238.0
266,5_71,1879598.7288888886,87963.60732547572,89033624.0,573.6937054839655,710411.0
267,6_71,1922236.8977777776,87741.29094922406,89870816.0,774.4923325202835,1445485.0
268,1_71,1757965.3599999996,88438.0983234477,87898268.0,486.0483537757682,1004359.0
269,5_69,1778927.2549999997,88403.06796075772,86542407.0,282.76779910636833,1172444.0
270,3_70,1804074.3877777776,88165.56956583845,88968052.0,784.8808921450109,880938.0
271,6_70,1863034.7822222223,88342.130478224,88249016.0,507.96947166913014,1459560.0
272,1_70,1758159.9833333332,88770.46772473553,89146140.0,1284.350053668124,1027873.0
273,5_68,1762512.8313888889,88680.34546540084,86918441.0,574.4339160176314,919202.0
274,3_69,1713494.2599999998,88206.76482183515,85674713.0,488.43151443741226,927548.0
275,13_102,2767473.9777777777,87758.5549648619,86633968.0,417.62293659218994,596717.0
276,14_102,2805142.7722222223,88414.72168084893,87056155.0,829.1591132126923,929235.0
277,13_96,2685633.7719444446,88468.69372966974,88699831.0,1243.6062009960733,697990.0
278,7_101,2578409.58,88407.91942923928,85946986.0,695.9803314192686,753684.0
279,7_103,2743366.327777778,88051.37912665581,89782898.0,808.7838776967401,997533.0
280,2_71,1767070.5458333332,88461.24572086768,87143205.0,661.7335696628579,813669.0
281,4_71,1885962.8541666665,88290.94032446397,90526217.0,887.447630749637,737666.0
282,2_70,1727471.6,88642.1912157551,86373580.0,719.8837275960104,1273160.0
283,11_70,1946694.6224999998,88803.75081285203,86519761.0,771.6201586445532,925620.0
284,12_70,2065113.6705555557,88104.6525539858,90663527.0,1166.0073178434832,1050501.0
285,1_75,1837475.5599999998,88531.1124961133,87038316.0,727.6777603412047,908865.0
286,11_65,1814714.1933333331,87858.38093175253,85960146.0,570.6504397473473,963108.0
287,6_69,1871757.9791666665,88635.99203283603,89844383.0,1126.080520389689,1352214.0
288,11_124,3324288.2624999997,88667.3157858445,88647687.0,526.5263356331125,1243057.0
289,11_125,3252019.3066666666,87986.9906317948,86082864.0,826.9925334110303,937025.0
290,21_65,2105636.183333333,89255.71314525661,88142910.0,780.05831374228,1116678.0
291,22_65,2111593.2641666667,88292.61170869741,87376273.0,573.329506031092,405642.0
292,1_65,1595912.853333333,88572.24237382716,87049792.0,724.2112277701526,679023.0
293,11_6,425760.1125,101951.41306722192,90160965.0,3099.1283206272637,745705.0
294,11_5,393290.9511111111,156073.51346241572,88490464.0,13500.826596315776,792065.0
295,21_55,1819760.5933333335,88390.88515176666,86199186.0,982.769423421094,811502.0
296,11_64,1828257.75,88423.94763459786,87756372.0,834.0103909478494,657393.0
297,11_66,1889556.9855555554,88425.29276872164,88342924.0,898.5668237246573,599013.0
298,11_122,3392295.3400000003,88035.55008631229,91821528.0,1031.671497706644,1352358.0
299,11_123,3252329.0749999997,88253.01210010069,87376005.0,300.43684704946645,1127903.0
300,21_64,2098369.948611111,87686.48545284715,88872139.0,896.3084506699233,537934.0
301,22_64,2086527.6044444446,88792.46884261466,87343016.0,573.824847737953,897211.0
302,1_64,1592850.7833333332,88425.43456697956,88219428.0,592.3678956640069,848080.0
303,21_54,1849508.6041666665,88154.97652208383,88776413.0,854.8986086242658,1492334.0
304,11_63,1797074.7683333333,88494.51060894769,87425259.0,394.3431578356249,718531.0
305,21_102,2955829.5025,88620.27394985638,86512083.0,1045.777430645554,833259.0
306,21_103,2967948.5422222223,88414.00080354097,86166248.0,623.6808308380278,1168013.0
307,41_54,2291172.7916666665,88960.39489068605,86823390.0,540.4564471654303,1132481.0
308,42_54,2401503.253333333,88340.65293232664,90056372.0,563.6154719735059,1184177.0
309,1_54,1319130.5569444443,88434.99971286404,86343091.0,717.5749379050394,780501.0
310,21_6,651789.135,102958.11071726156,86905218.0,3090.4191897857527,806579.0
311,21_5,632291.6311111111,139992.6571564816,87548072.0,7220.011417478818,683299.0
312,41_34,1847107.5625000002,88581.77293464058,88661163.0,696.847558845926,958720.0
313,21_53,1811750.6333333333,88264.79882947264,88139220.0,314.0811960932333,705080.0
314,21_99,2901805.6,88204.82778197882,87054168.0,695.6890991388354,1002836.0
315,21_100,2892614.9419444446,88523.36449894377,86061271.0,641.5173112748016,660971.0
316,41_53,2295620.3472222225,88439.10426885569,87917375.0,569.0113928426872,999608.0
317,42_53,2331787.2180555556,88467.1795425092,88362463.0,623.6773822038522,1299006.0
318,1_53,1350238.0799999998,88266.100458331,90015872.0,1082.8714890595438,820988.0
319,21_7,686060.5188888889,92683.44354002769,88207781.0,1449.9140319328144,652456.0
320,41_33,1802099.245,89089.43400297295,87669693.0,610.1233746936196,862633.0
321,21_52,1817777.4205555555,87805.05590988883,89643818.0,779.7486262021703,404757.0
322,21_98,2915739.7849999997,87996.7004435943,88207254.0,319.18468762813427,397992.0
323,41_52,2256902.4808333335,88653.38454092157,87363967.0,700.4379920465726,488270.0
324,42_52,2316606.369444445,88481.55016825107,88721095.0,783.8948655872373,917905.0
325,1_52,1305359.3777777776,88647.77739150317,88665920.0,743.9157709073625,593701.0
326,41_32,1770328.7588888889,88885.8991562311,87303884.0,823.56003079316,1017622.0
327,21_51,1729244.08,88778.13548887703,86462204.0,686.867896032607,829929.0
328,9_91,2436341.0277777775,88315.32359337472,87708277.0,312.5982661585149,1251579.0
329,5_94,2446278.5875,88096.17092553694,88955585.0,597.5166103375668,1215187.0
330,6_97,2477958.263888889,88076.46097985773,86608250.0,834.5300550255779,442903.0
331,11_97,2603616.36,87954.42530701004,86787212.0,669.6514091776189,769774.0
332,12_97,2636423.2391666668,88003.1027317017,87074529.0,704.0795505432179,1183284.0
333,6_5,267646.29222222226,147386.37397982346,87593332.0,11676.360461010714,611096.0
334,11_92,2547143.7358333333,88626.09175808543,89026383.0,691.3903389383486,1344374.0
335,6_96,2483598.765,88343.83099590924,87656427.0,789.5146515112283,836667.0
336,12_125,3291464.501666667,88488.7910117548,86491038.0,433.9167531973799,1113287.0
337,23_97,2934158.6666666665,89394.37592482581,88024760.0,1044.9641413552163,578590.0
338,24_97,2942984.754722222,88482.6766327928,87559877.0,447.896891145705,382928.0
339,12_6,439615.445,103460.45772872269,87923089.0,2022.285418088708,441427.0
340,12_5,420104.79333333333,143437.5051155126,88963368.0,6823.990790792042,742848.0
341,23_86,2666517.563888889,89118.61073461853,88068470.0,945.5050585183635,601392.0
342,12_96,2623096.02,88698.68886056397,87436534.0,716.5917079497303,500477.0
343,12_98,2624409.6999999997,88983.20364408588,85889772.0,845.9541253300122,1321556.0
344,1_22,567608.0427777778,88456.62717032176,88842998.0,385.627763414348,914361.0
345,1_23,584925.6466666667,88030.65011941068,87738847.0,750.7701188620995,723542.0
346,1_40,982792.2880555555,87634.17070037252,86293957.0,358.38773664226755,1013683.0
347,1_41,985762.1083333334,87998.86029469887,84493895.0,614.4190177529963,713300.0
348,1_24,597322.6180555556,88870.92177209248,86014457.0,382.53465890101506,509745.0
349,1_39,974424.5333333333,88277.7055614169,87698208.0,612.262562846372,786470.0
350,1_38,935091.2675000001,88817.46074718458,86316117.0,491.2572533129278,409493.0
351,1_34,868746.3166666667,88220.8110080835,89356764.0,663.1846051191242,810855.0
352,1_35,883590.54,88178.1027202764,88359054.0,576.3152554422995,820099.0
353,7_95,2449036.15,88896.77237238151,86436570.0,533.2251153912948,210770.0
354,21_97,2841604.3805555557,88659.95171246036,86693015.0,337.66349844803335,922068.0
355,22_97,2847365.558333333,89244.28602983993,86138790.0,561.4122910793376,1160172.0
356,21_87,2642794.86,87846.01209015955,88093162.0,655.1335199650639,1412587.0
357,11_96,2580733.7430555555,88874.88325231434,86828425.0,806.6907137929811,1120310.0
358,11_98,2690921.1802777774,87953.34983933893,88874461.0,511.6328335629223,1336547.0
359,22_98,2960425.466666667,88903.61461190552,88812764.0,556.9893733256467,1240051.0
360,21_88,2649466.4516666667,88524.28765046742,87505314.0,764.6804541607708,558791.0
361,11_99,2694075.236111111,88090.12540347353,88169735.0,475.55770714474784,1044600.0
362,21_125,3546966.8672222225,88360.05264271286,87459457.0,1004.1153038707416,788108.0
363,41_87,3116067.3066666666,88453.13593396416,87639393.0,350.4310917200055,800996.0
364,42_87,3142939.9825,87954.5584867757,87709953.0,554.5928753488697,904176.0
365,41_67,2698620.96,88529.84960965201,89954032.0,674.5225435219327,760786.0
366,21_86,2580754.1325,88973.125109828,86829111.0,344.47769768576836,943525.0
367,1_25,625155.1583333333,88511.78382002853,86559945.0,884.4278440383787,718653.0
368,1_44,1091916.3625,88125.18539976227,87353309.0,930.4170227140276,832182.0
369,1_45,1099630.6772222223,88483.91882573947,86058053.0,580.3699888131378,630855.0
370,1_26,652124.355,88090.65401107367,86949914.0,515.9370359673048,668131.0
371,1_46,1162771.2397222223,88844.29258401069,89063329.0,552.020820684309,1012429.0
372,1_47,1201095.8533333335,88055.6028104743,90082189.0,521.878624382196,1522349.0
373,1_27,682783.7177777778,88370.81627420532,87786478.0,905.367043882783,865673.0
374,25_102,3079649.1055555553,88271.0687164387,87297140.0,552.249815627074,763940.0
375,26_102,3086200.6044444446,88437.22666526333,86799392.0,803.4965482569824,1223480.0
376,1_114,2832377.518055556,88728.32430040103,88665731.0,999.8643730106851,1079952.0
377,25_90,2797073.6999999997,88413.15680378077,87560568.0,485.60876122434274,856292.0
378,13_101,2705314.0500000003,89030.35096891083,85430970.0,768.7444305411045,604762.0
379,13_103,2917278.2966666664,88343.02776142562,90536223.0,854.1052669013734,1317428.0
380,1_48,1217719.9066666667,87906.94060862705,89465136.0,384.4606790027028,904418.0
381,1_49,1241646.5138888888,88235.58705584613,89398549.0,548.2615459072404,607437.0
382,1_28,711286.4397222222,88612.30007161396,88297627.0,819.0826635400881,871859.0
383,1_36,885167.3108333334,88623.88431843162,86124387.0,647.0442966740811,1150556.0
384,1_62,1486501.5724999998,88830.83322422986,84942947.0,508.54672365952865,1042025.0
385,1_63,1555515.8577777778,88659.08005448914,87497767.0,419.12591010230244,1190981.0
386,1_33,831149.9938888889,88309.55186350085,88004117.0,524.807163831807,677327.0
387,1_84,2069187.111111111,88084.50784895738,87636160.0,381.69588849213324,894498.0
388,1_85,2063265.6077777776,88324.99513996634,86369258.0,614.9462507110584,1418124.0
389,2_45,1162339.1791666667,88071.44007714448,89030235.0,812.7823777397134,1115967.0
390,23_88,2725363.9141666666,88698.46107922713,88390181.0,932.7181755447091,877662.0
391,24_88,2731056.284444445,88333.5549329273,87783952.0,752.5081355058792,747100.0
392,12_7,457534.70916666667,92521.99701265433,86690787.0,887.1477383672609,1491362.0
393,23_77,2551309.083333333,88471.56790776805,91847127.0,379.83769975425093,1259552.0
394,12_87,2454580.205,88343.0851090463,89257462.0,780.9108706115512,1067055.0
395,12_89,2495414.490833333,88520.15763509112,88945467.0,775.719262699844,680774.0
396,1_30,769672.1161111111,88333.68996057355,89381278.0,718.3437215537269,707193.0
397,1_31,795038.4266666666,87959.6157277239,89441823.0,437.9968271505204,812210.0
398,1_56,1384345.8266666664,87892.61752157098,87432368.0,451.8674371630914,832392.0
399,1_57,1404374.2033333334,88539.03741629607,87168054.0,336.9599377833365,1122961.0
400,1_32,790909.2675,88253.96936257283,86281011.0,576.7090818840952,1398724.0
401,1_58,1417537.6219444443,88423.95100998705,86493821.0,769.1521752145345,1178957.0
402,1_59,1459358.5666666667,88181.61623145234,87561514.0,761.7030960508419,1300426.0
403,1_55,1364353.2622222223,88069.07780025763,87708424.0,917.5454253275675,384619.0
404,1_29,731075.1166666667,88284.69457624725,87729014.0,706.5551014938974,506664.0
405,1_60,1499627.863333333,88334.48634627096,88502628.0,414.23287706580595,910324.0
406,1_61,1542615.7827777779,88131.35487608709,89571239.0,548.9367119691742,690737.0
407,20_86,2645342.8605555557,88754.02553564832,89841833.0,596.15332126063,1258184.0
408,10_7,414142.6525,92361.04292849106,87700797.0,1480.9840113989485,799417.0
409,19_77,2382513.84,89280.49345406392,89344269.0,984.4707459781785,1112962.0
410,10_85,2328194.6611111113,88083.19457322553,88226324.0,460.26190974104975,763158.0
411,10_87,2327656.323611111,89002.4101119171,86387245.0,740.7904676630715,1144813.0
412,39_97,3311262.8711111112,88158.11602025825,87651076.0,825.4686759547767,1006283.0
413,40_97,3350305.8494444448,88106.05607389487,88037234.0,657.7600866878347,342968.0
414,1_116,2840828.575,88225.2558742308,87410110.0,626.0806110015837,1257770.0
415,39_78,2889421.6325000003,88164.92982356681,88905281.0,802.5363701439055,1171931.0
416,20_98,2833967.453333333,88213.02775865182,86460024.0,801.166028974927,637649.0
417,39_98,3421094.776944444,88702.25284299755,89897381.0,724.8617301523336,868153.0
418,40_98,3394066.683333333,88602.21895291576,88540870.0,456.81528533104574,1371052.0
419,1_117,2858848.048333334,88812.13115978337,87219093.0,1311.5267435986316,787629.0
420,39_79,2847160.213888889,88752.164742103,86862515.0,442.44861649669474,1241230.0
421,2_48,1203800.9166666667,88632.6533431958,86673666.0,1166.9238117966306,1206884.0
422,33_125,3958620.0411111116,88893.06832993355,90196406.0,606.551164529883,1054384.0
423,65_89,3784588.628333333,88800.73480662504,88470903.0,674.9402372510231,1003165.0
424,66_89,3792000.8152777776,88182.84756628261,88072277.0,457.2039103228599,704851.0
425,33_6,946741.3908333334,102653.91211858355,87391513.0,1586.472793441426,744780.0
426,33_5,920381.4805555556,144148.4340662856,87194035.0,7577.683751241566,1020283.0
427,1_121,3016120.0238888892,88820.24579640686,89000263.0,727.6426915132179,1095664.0
428,65_57,2904840.1638888884,87914.09454496363,85716595.0,504.2688678052218,1216442.0
429,33_88,2941356.901388889,87906.8288302864,87511445.0,317.15715139650274,879306.0
430,33_90,3063652.190833333,88489.15112691624,89667869.0,1301.7337467523903,1104398.0
431,65_108,4168055.9377777777,88005.13232801021,86734112.0,1096.5726026055636,540802.0
432,65_109,4191868.2199999997,88484.48061069372,86728308.0,553.2963029218372,845020.0
433,125_57,4482283.664444445,88899.6543051081,88660556.0,959.5249379092857,1153809.0
434,65_6,1737504.4463888889,101171.81822026933,88098817.0,1961.9317005556513,992319.0
435,65_5,1736539.0777777776,143852.9795865716,89307724.0,13024.541800734747,1305329.0
436,14_108,2956964.6638888884,88246.75545948354,87254695.0,548.604478549416,716266.0
437,116_6,2945853.5477777775,102409.23019603378,86926826.0,2404.559915326332,937694.0
438,64_57,2951593.501388889,88701.40852252627,87816005.0,608.0447918449063,353024.0
439,65_58,3047505.5025,88659.33369648206,89195283.0,737.9064999758266,732881.0
440,2_56,1438504.5611111112,88117.24058634716,89286490.0,492.604561899032,1187056.0
441,2_87,2246744.6530555557,87957.56484246171,90879559.0,704.7332508833206,1033299.0
442,4_87,2207072.3927777777,88923.65699856046,87312754.0,616.7152345223585,530160.0
443,2_86,2128697.2666666666,88441.12121179476,87083070.0,1069.1984968968754,949064.0
444,21_122,3517504.744722223,88238.1977580132,88552567.0,687.6022128431941,1059633.0
445,21_123,3538835.56,88697.63078541937,88470889.0,616.1039116359898,939272.0
446,41_64,2592237.5208333335,88318.9126838395,88876715.0,604.9730165001674,863336.0
447,42_64,2596633.5638888893,88512.71894190954,88187555.0,494.9807597536128,643620.0
448,41_44,2049758.0472222222,88383.4636591597,86813282.0,406.1192383878806,930840.0
449,21_63,2077068.1866666668,87921.97409649339,89017208.0,354.3725629068649,649690.0
450,21_120,3460523.441666667,88022.12503983968,88353790.0,628.0498937473603,1163672.0
451,21_121,3516273.382777778,88766.8103959777,89144959.0,358.1753296055831,879747.0
452,41_63,2574733.8355555558,88513.65210977472,89125402.0,248.45468844336574,921401.0
453,42_63,2513443.129166667,87983.62601381319,86175193.0,577.9564050244953,1667911.0
454,41_43,2064404.3,88503.0297937209,88474470.0,979.9170821307489,1110120.0
455,21_62,2029966.3672222223,88212.78561714994,88046734.0,956.0638632999617,862877.0
456,42_120,3908814.3,88086.24230493778,86862540.0,1059.6105363287934,573625.0
457,42_121,4016592.9797222223,88524.24871844493,88710029.0,652.4167824574542,1027529.0
458,83_63,3542436.9738888885,88162.48878062467,87347761.0,334.4236348788254,891605.0
459,84_63,3516862.1366666667,88480.05984038334,86127236.0,233.27736482938053,1095678.0
460,42_6,1192848.8133333335,103396.01093785757,89463661.0,2067.8811969301896,1201385.0
461,42_5,1155655.596388889,143013.51345834596,88518301.0,8237.452016727359,233490.0
462,83_22,2509540.3666666667,88379.70791276632,86041384.0,477.4734749375348,988326.0
463,42_62,2514337.077777778,89235.36823042625,87034745.0,537.7693154263688,828341.0
464,42_125,4248645.237222223,88187.27068472847,91587562.0,869.9833598169935,1177483.0
465,83_87,4207257.372222222,88445.03766768852,89094862.0,798.269505673612,877755.0
466,84_87,4158961.7275,87817.66403659651,87557089.0,914.6035467009933,1058433.0
467,42_7,1206997.8900000001,92284.25401287022,88677396.0,1507.2888989053026,1226152.0
468,1_128,3144925.9375,88089.19749304297,87765375.0,592.4496912410832,473323.0
469,83_46,3191397.3633333333,88266.58263910537,89062252.0,585.5135568764235,1015609.0
470,42_86,3070455.7155555557,88455.2303273724,86356567.0,518.9433215765312,894739.0
471,42_88,3253049.980555556,88626.94750237379,90084461.0,659.9031581891468,726384.0
472,22_125,3660406.1666666665,88036.13722150776,89642600.0,592.6176647645771,318143.0
473,1_135,3305957.2466666666,88349.88932585657,87510633.0,549.9729660432931,832763.0
474,21_115,3274855.671111111,88554.73191678643,86687356.0,457.6978321935312,346162.0
475,11_71,1971430.6749999998,88846.06010471359,86550615.0,698.7171825096593,586515.0
476,12_71,1994540.676111111,88107.81029397747,86510198.0,484.0022952174186,1127836.0
477,1_76,1861433.1633333333,88587.72674495235,87028044.0,421.36129086994333,822694.0
478,23_71,2341097.6255555553,88487.24282331992,89659058.0,509.4700221352832,729214.0
479,24_71,2323818.961111111,88084.84565935808,88060508.0,812.9957797688548,835238.0
480,23_60,1991750.5619444444,87802.90421869996,86389181.0,575.023640909465,1082077.0
481,12_72,2036064.52,88102.87729505548,87259908.0,545.2205258198956,861762.0
482,23_113,3338462.946666667,87834.65199790431,88371078.0,367.95673653409176,707864.0
483,23_114,3363642.8375000004,88128.43463462891,88387695.0,578.9195774132677,518443.0
484,45_60,2593462.8125,88582.34051374017,88918725.0,631.4208573194628,846175.0
485,46_60,2625762.481666667,88402.58106001646,89176839.0,514.1578730802867,520583.0
486,23_7,730223.4916666667,92910.89788748375,87626819.0,508.14044354534417,672881.0
487,23_6,717273.7716666666,101868.66769740151,89040882.0,1739.8148970820184,1402386.0
488,45_38,2001113.469166667,88549.89637654966,86795283.0,668.1642089045636,942332.0
489,23_59,1974567.7216666667,88492.17478020178,86688339.0,339.99284645242733,663548.0
490,23_61,2084442.1500000001,88609.21638913781,89333235.0,367.24871926872584,942351.0
491,9_71,1960328.7999999998,88768.97340872789,88214796.0,538.8389124064852,551307.0
492,10_71,1973548.7774999999,89126.92284521557,87713279.0,790.8579795331025,1401699.0
493,9_67,1854793.5744444442,88044.29739358208,87858643.0,460.4910142561275,765663.0
494,23_125,3624078.96,88404.38913253257,88153272.0,908.7202619306481,893687.0
495,45_113,3838864.028888889,88467.3130530424,87467788.0,719.4832364550093,1165356.0
496,46_113,3798732.335,88160.67128661403,86009034.0,778.1131423352781,691723.0
497,1_113,2761622.006666667,88330.52334443011,87209116.0,746.4515087119507,1251987.0
498,45_91,3250552.168888889,88266.43847918707,86044028.0,421.71404531727603,766549.0
499,23_112,3279715.8375,88237.0350854535,87459089.0,351.0534507601551,667169.0
500,1_69,1722885.3444444442,88498.73466021303,88605532.0,484.2638861509622,1297543.0
501,5_67,1777353.5399999998,88288.84776743934,88867677.0,951.8104790797806,611882.0
502,3_68,1731735.183611111,88876.11548446838,87806291.0,738.2042960810359,726180.0
503,46_125,4170746.62,88084.83498341682,87805192.0,729.966587009636,997144.0
504,91_113,4998155.380000001,88249.46910499674,88202742.0,325.1363345649879,666145.0
505,92_113,5003600.594444445,88128.18499325967,87868108.0,837.6735147618456,911643.0
506,46_7,1318575.4725000001,92833.09951122767,89563617.0,1176.542719109275,900726.0
507,46_6,1245891.428888889,102211.04530142242,86254022.0,2008.0949125801708,1173171.0
508,1_158,3883210.9783333335,89081.88652507654,87921758.0,751.4682323923043,955519.0
509,91_68,3784403.475833333,88132.36912025779,85684607.0,944.1307721616613,985398.0
510,46_112,3879877.7127777776,87972.8117252794,88402277.0,546.533877263384,716541.0
511,46_114,3900519.6,88177.3984283709,87761691.0,737.2886804329755,1591440.0
512,91_125,5209433.04,88696.11121088997,86823884.0,574.0348886454158,745424.0
513,125_68,4802115.561111111,88482.25072986376,89573140.0,631.1652439322497,1139224.0
514,1_68,1718644.0458333332,88003.79687614489,89668385.0,593.9531687491544,783152.0
515,91_6,2337573.468888889,103439.2715756532,86755304.0,2449.3078998174315,414398.0
516,91_5,2313372.7466666666,146832.56796624896,86751478.0,13789.17160406604,759325.0
517,29_130,3938041.9074999993,88522.62963781797,89163213.0,789.1825423755508,699697.0
518,153_6,3980955.433333333,101467.78466911765,90134840.0,2773.8017216932785,1225400.0
519,90_68,3863559.604444445,88707.11861168212,88030472.0,410.1309027323441,1207011.0
520,91_69,3881284.4888888886,88312.18580454249,87328901.0,616.0786486912548,1033761.0
521,91_112,4979081.936111111,88212.70273212447,88298990.0,634.6849333845457,873631.0
522,92_112,5001048.836666667,88333.25062633229,88253803.0,690.8523759074596,776400.0
523,1_112,2699866.656388889,87885.73528883595,86013451.0,788.3998542255285,687572.0
524,1_157,3828525.869444445,88695.20568013308,87232235.0,473.8804648256919,958506.0
525,91_67,3894227.053333333,88494.14557084402,88729224.0,793.6391613527521,934553.0
526,46_111,3850186.665277778,88358.27378031626,88284535.0,1052.6172633831593,699616.0
527,2_112,2816308.9149999996,88270.99999276725,88936071.0,675.9501576786133,653694.0
528,1_111,2734293.893333333,88664.2490756266,87888018.0,493.7914319994743,653739.0
529,83_120,4996456.536944444,88061.45083389986,88607111.0,450.55276595613395,786661.0
530,84_120,4922088.71,88273.70945676843,86860389.0,803.928529727069,927711.0
531,1_120,2956159.3019444444,88677.12223894251,87951847.0,512.8041804027889,750880.0
532,1_161,3900796.4699999997,88269.59034690725,86684366.0,590.5696196932113,722731.0
533,83_79,4110582.33,88266.72102951947,91346274.0,552.1078109550435,774459.0
534,42_119,3998653.020833333,88433.89864298758,89410875.0,404.96584898635047,636882.0
535,84_125,5222592.029722222,88771.92233028795,89958523.0,538.217400504931,567235.0
536,125_87,5037238.955555556,88212.95420744299,85538020.0,590.5557013702346,1019900.0
537,84_7,2213457.1044444446,93124.37606556853,87565336.0,1600.6786354590004,618503.0
538,84_6,2239650.975,100194.60251020703,89586039.0,1369.893103027076,1533592.0
539,4_167,4204593.03,88601.87962906391,88517748.0,705.6876285326725,905719.0
540,164_7,4092702.1725,93098.62935156972,86162151.0,1465.9598852671334,701623.0
541,84_86,4235679.813888889,89095.41464837309,89696749.0,613.053495312095,1213207.0
542,84_88,4210490.6744444445,88330.0381484921,88126549.0,465.25155072486086,793300.0
543,65_125,4477945.491666666,88573.41374926906,84845283.0,597.0674286529975,1023402.0
544,125_108,5818328.109722222,88405.74820176435,89896915.0,328.5232067361503,1130444.0
545,65_7,1799413.1599999997,92708.74345066732,89970658.0,1174.250200306924,645941.0
546,1_172,4112632.7447222224,88325.84565022195,85580797.0,282.68142887210706,1470745.0
547,129_44,4256812.770833334,88807.86035431808,88581075.0,151.15335928459535,648416.0
548,65_107,4215311.022222223,88035.01652417578,88227440.0,831.4059782467084,965667.0

Explored Solutions: Pools Info
# Iteration,Pool ID,Resource,Allocation,Utilization,Single Resource cost per time unit
0,20_105,SYSTEM,20,0.0,1
0,20_105,Role 1,105,0.04,1
1,20_125,SYSTEM,20,0.0,1
1,20_125,Role 1,125,0.03,1
2,39_105,SYSTEM,39,0.0,1
2,39_105,Role 1,105,0.04,1
3,40_105,SYSTEM,40,0.0,1
3,40_105,Role 1,105,0.04,1
4,1_105,SYSTEM,1,0.0,1
4,1_105,Role 1,105,0.04,1
5,20_7,SYSTEM,20,0.0,1
5,20_7,Role 1,7,0.57,1
6,20_6,SYSTEM,20,0.0,1
6,20_6,Role 1,6,0.65,1
7,1_124,SYSTEM,1,0.0,1
7,1_124,Role 1,124,0.03,1
8,39_86,SYSTEM,39,0.0,1
8,39_86,Role 1,86,0.05,1
9,20_104,SYSTEM,20,0.0,1
9,20_104,Role 1,104,0.04,1
10,20_106,SYSTEM,20,0.0,1
10,20_106,Role 1,106,0.04,1
11,39_125,SYSTEM,39,0.0,1
11,39_125,Role 1,125,0.03,1
12,40_125,SYSTEM,40,0.0,1
12,40_125,Role 1,125,0.03,1
13,1_125,SYSTEM,1,0.0,1
13,1_125,Role 1,125,0.03,1
14,20_5,SYSTEM,20,0.0,1
14,20_5,Role 1,5,0.8,1
15,1_144,SYSTEM,1,0.0,1
15,1_144,Role 1,144,0.03,1
16,39_106,SYSTEM,39,0.0,1
16,39_106,Role 1,106,0.04,1
17,20_124,SYSTEM,20,0.0,1
17,20_124,Role 1,124,0.03,1
18,2_105,SYSTEM,2,0.0,1
18,2_105,Role 1,105,0.04,1
19,1_7,SYSTEM,1,0.0,1
19,1_7,Role 1,7,0.58,1
20,1_6,SYSTEM,1,0.0,1
20,1_6,Role 1,6,0.65,1
21,1_104,SYSTEM,1,0.0,1
21,1_104,Role 1,104,0.04,1
22,1_106,SYSTEM,1,0.0,1
22,1_106,Role 1,106,0.04,1
23,1_8,SYSTEM,1,0.0,1
23,1_8,Role 1,8,0.5,1
24,1_9,SYSTEM,1,0.0,1
24,1_9,Role 1,9,0.44,1
25,1_5,SYSTEM,1,0.0,1
25,1_5,Role 1,5,0.8,1
26,2_104,SYSTEM,2,0.0,1
26,2_104,Role 1,104,0.04,1
27,1_103,SYSTEM,1,0.0,1
27,1_103,Role 1,103,0.04,1
28,1_10,SYSTEM,1,0.0,1
28,1_10,Role 1,10,0.39,1
29,1_11,SYSTEM,1,0.0,1
29,1_11,Role 1,11,0.35,1
30,1_12,SYSTEM,1,0.0,1
30,1_12,Role 1,12,0.33,1
31,1_13,SYSTEM,1,0.0,1
31,1_13,Role 1,13,0.3,1
32,1_4,SYSTEM,1,0.0,1
32,1_4,Role 1,4,0.99,1
33,1_14,SYSTEM,1,0.0,1
33,1_14,Role 1,14,0.29,1
34,1_15,SYSTEM,1,0.0,1
34,1_15,Role 1,15,0.27,1
35,1_16,SYSTEM,1,0.0,1
35,1_16,Role 1,16,0.25,1
36,1_17,SYSTEM,1,0.0,1
36,1_17,Role 1,17,0.23,1
37,1_18,SYSTEM,1,0.0,1
37,1_18,Role 1,18,0.23,1
38,1_19,SYSTEM,1,0.0,1
38,1_19,Role 1,19,0.21,1
39,2_103,SYSTEM,2,0.0,1
39,2_103,Role 1,103,0.04,1
40,1_102,SYSTEM,1,0.0,1
40,1_102,Role 1,102,0.04,1
41,1_20,SYSTEM,1,0.0,1
41,1_20,Role 1,20,0.2,1
42,1_21,SYSTEM,1,0.0,1
42,1_21,Role 1,21,0.2,1
43,2_125,SYSTEM,2,0.0,1
43,2_125,Role 1,125,0.03,1
44,3_103,SYSTEM,3,0.0,1
44,3_103,Role 1,103,0.04,1
45,4_103,SYSTEM,4,0.0,1
45,4_103,Role 1,103,0.04,1
46,2_6,SYSTEM,2,0.0,1
46,2_6,Role 1,6,0.69,1
47,2_5,SYSTEM,2,0.0,1
47,2_5,Role 1,5,0.8,1
48,3_102,SYSTEM,3,0.0,1
48,3_102,Role 1,102,0.04,1
49,2_102,SYSTEM,2,0.0,1
49,2_102,Role 1,102,0.04,1
50,2_7,SYSTEM,2,0.0,1
50,2_7,Role 1,7,0.57,1
51,2_8,SYSTEM,2,0.0,1
51,2_8,Role 1,8,0.49,1
52,2_9,SYSTEM,2,0.0,1
52,2_9,Role 1,9,0.43,1
53,3_125,SYSTEM,3,0.0,1
53,3_125,Role 1,125,0.03,1
54,5_103,SYSTEM,5,0.0,1
54,5_103,Role 1,103,0.04,1
55,6_103,SYSTEM,6,0.0,1
55,6_103,Role 1,103,0.04,1
56,3_6,SYSTEM,3,0.0,1
56,3_6,Role 1,6,0.67,1
57,3_5,SYSTEM,3,0.0,1
57,3_5,Role 1,5,0.81,1
58,5_101,SYSTEM,5,0.0,1
58,5_101,Role 1,101,0.04,1
59,3_104,SYSTEM,3,0.0,1
59,3_104,Role 1,104,0.04,1
60,3_7,SYSTEM,3,0.0,1
60,3_7,Role 1,7,0.57,1
61,4_102,SYSTEM,4,0.0,1
61,4_102,Role 1,102,0.04,1
62,3_101,SYSTEM,3,0.0,1
62,3_101,Role 1,101,0.04,1
63,2_101,SYSTEM,2,0.0,1
63,2_101,Role 1,101,0.04,1
64,2_4,SYSTEM,2,0.0,1
64,2_4,Role 1,4,0.99,1
65,5_102,SYSTEM,5,0.0,1
65,5_102,Role 1,102,0.04,1
66,6_102,SYSTEM,6,0.0,1
66,6_102,Role 1,102,0.04,1
67,5_100,SYSTEM,5,0.0,1
67,5_100,Role 1,100,0.04,1
68,5_125,SYSTEM,5,0.0,1
68,5_125,Role 1,125,0.03,1
69,9_100,SYSTEM,9,0.0,1
69,9_100,Role 1,100,0.04,1
70,10_100,SYSTEM,10,0.0,1
70,10_100,Role 1,100,0.04,1
71,1_100,SYSTEM,1,0.0,1
71,1_100,Role 1,100,0.04,1
72,5_6,SYSTEM,5,0.0,1
72,5_6,Role 1,6,0.66,1
73,5_5,SYSTEM,5,0.0,1
73,5_5,Role 1,5,0.79,1
74,9_96,SYSTEM,9,0.0,1
74,9_96,Role 1,96,0.04,1
75,5_99,SYSTEM,5,0.0,1
75,5_99,Role 1,99,0.04,1
76,2_100,SYSTEM,2,0.0,1
76,2_100,Role 1,100,0.04,1
77,1_99,SYSTEM,1,0.0,1
77,1_99,Role 1,99,0.04,1
78,1_101,SYSTEM,1,0.0,1
78,1_101,Role 1,101,0.04,1
79,2_99,SYSTEM,2,0.0,1
79,2_99,Role 1,99,0.04,1
80,1_98,SYSTEM,1,0.0,1
80,1_98,Role 1,98,0.04,1
81,3_100,SYSTEM,3,0.0,1
81,3_100,Role 1,100,0.04,1
82,4_100,SYSTEM,4,0.0,1
82,4_100,Role 1,100,0.04,1
83,3_99,SYSTEM,3,0.0,1
83,3_99,Role 1,99,0.04,1
84,4_125,SYSTEM,4,0.0,1
84,4_125,Role 1,125,0.03,1
85,7_100,SYSTEM,7,0.0,1
85,7_100,Role 1,100,0.04,1
86,8_100,SYSTEM,8,0.0,1
86,8_100,Role 1,100,0.04,1
87,4_6,SYSTEM,4,0.0,1
87,4_6,Role 1,6,0.67,1
88,4_5,SYSTEM,4,0.0,1
88,4_5,Role 1,5,0.82,1
89,7_97,SYSTEM,7,0.0,1
89,7_97,Role 1,97,0.04,1
90,4_99,SYSTEM,4,0.0,1
90,4_99,Role 1,99,0.04,1
91,4_101,SYSTEM,4,0.0,1
91,4_101,Role 1,101,0.04,1
92,7_99,SYSTEM,7,0.0,1
92,7_99,Role 1,99,0.04,1
93,8_99,SYSTEM,8,0.0,1
93,8_99,Role 1,99,0.04,1
94,7_96,SYSTEM,7,0.0,1
94,7_96,Role 1,96,0.04,1
95,4_98,SYSTEM,4,0.0,1
95,4_98,Role 1,98,0.04,1
96,8_125,SYSTEM,8,0.0,1
96,8_125,Role 1,125,0.03,1
97,15_99,SYSTEM,15,0.0,1
97,15_99,Role 1,99,0.04,1
98,16_99,SYSTEM,16,0.0,1
98,16_99,Role 1,99,0.04,1
99,8_6,SYSTEM,8,0.0,1
99,8_6,Role 1,6,0.68,1
100,8_5,SYSTEM,8,0.0,1
100,8_5,Role 1,5,0.81,1
101,15_92,SYSTEM,15,0.0,1
101,15_92,Role 1,92,0.04,1
102,8_98,SYSTEM,8,0.0,1
102,8_98,Role 1,98,0.04,1
103,15_125,SYSTEM,15,0.0,1
103,15_125,Role 1,125,0.03,1
104,16_125,SYSTEM,16,0.0,1
104,16_125,Role 1,125,0.03,1
105,1_132,SYSTEM,1,0.0,1
105,1_132,Role 1,132,0.03,1
106,15_118,SYSTEM,15,0.0,1
106,15_118,Role 1,118,0.03,1
107,8_124,SYSTEM,8,0.0,1
107,8_124,Role 1,124,0.03,1
108,15_98,SYSTEM,15,0.0,1
108,15_98,Role 1,98,0.04,1
109,16_98,SYSTEM,16,0.0,1
109,16_98,Role 1,98,0.04,1
110,15_91,SYSTEM,15,0.0,1
110,15_91,Role 1,91,0.04,1
111,8_97,SYSTEM,8,0.0,1
111,8_97,Role 1,97,0.04,1
112,15_97,SYSTEM,15,0.0,1
112,15_97,Role 1,97,0.04,1
113,16_97,SYSTEM,16,0.0,1
113,16_97,Role 1,97,0.04,1
114,1_97,SYSTEM,1,0.0,1
114,1_97,Role 1,97,0.04,1
115,15_90,SYSTEM,15,0.0,1
115,15_90,Role 1,90,0.05,1
116,8_96,SYSTEM,8,0.0,1
116,8_96,Role 1,96,0.04,1
117,7_102,SYSTEM,7,0.0,1
117,7_102,Role 1,102,0.04,1
118,8_102,SYSTEM,8,0.0,1
118,8_102,Role 1,102,0.04,1
119,9_103,SYSTEM,9,0.0,1
119,9_103,Role 1,103,0.04,1
120,10_103,SYSTEM,10,0.0,1
120,10_103,Role 1,103,0.04,1
121,1_107,SYSTEM,1,0.0,1
121,1_107,Role 1,107,0.04,1
122,9_99,SYSTEM,9,0.0,1
122,9_99,Role 1,99,0.04,1
123,5_104,SYSTEM,5,0.0,1
123,5_104,Role 1,104,0.04,1
124,2_97,SYSTEM,2,0.0,1
124,2_97,Role 1,97,0.04,1
125,1_96,SYSTEM,1,0.0,1
125,1_96,Role 1,96,0.04,1
126,7_125,SYSTEM,7,0.0,1
126,7_125,Role 1,125,0.03,1
127,13_99,SYSTEM,13,0.0,1
127,13_99,Role 1,99,0.04,1
128,14_99,SYSTEM,14,0.0,1
128,14_99,Role 1,99,0.04,1
129,7_6,SYSTEM,7,0.0,1
129,7_6,Role 1,6,0.66,1
130,7_5,SYSTEM,7,0.0,1
130,7_5,Role 1,5,0.79,1
131,13_93,SYSTEM,13,0.0,1
131,13_93,Role 1,93,0.04,1
132,7_98,SYSTEM,7,0.0,1
132,7_98,Role 1,98,0.04,1
133,13_125,SYSTEM,13,0.0,1
133,13_125,Role 1,125,0.03,1
134,25_93,SYSTEM,25,0.0,1
134,25_93,Role 1,93,0.04,1
135,26_93,SYSTEM,26,0.0,1
135,26_93,Role 1,93,0.04,1
136,1_93,SYSTEM,1,0.0,1
136,1_93,Role 1,93,0.04,1
137,13_6,SYSTEM,13,0.0,1
137,13_6,Role 1,6,0.67,1
138,13_5,SYSTEM,13,0.0,1
138,13_5,Role 1,5,0.81,1
139,25_81,SYSTEM,25,0.0,1
139,25_81,Role 1,81,0.05,1
140,13_92,SYSTEM,13,0.0,1
140,13_92,Role 1,92,0.04,1
141,13_94,SYSTEM,13,0.0,1
141,13_94,Role 1,94,0.04,1
142,3_98,SYSTEM,3,0.0,1
142,3_98,Role 1,98,0.04,1
143,2_98,SYSTEM,2,0.0,1
143,2_98,Role 1,98,0.04,1
144,5_98,SYSTEM,5,0.0,1
144,5_98,Role 1,98,0.04,1
145,6_98,SYSTEM,6,0.0,1
145,6_98,Role 1,98,0.04,1
146,5_96,SYSTEM,5,0.0,1
146,5_96,Role 1,96,0.04,1
147,3_97,SYSTEM,3,0.0,1
147,3_97,Role 1,97,0.04,1
148,4_97,SYSTEM,4,0.0,1
148,4_97,Role 1,97,0.04,1
149,3_96,SYSTEM,3,0.0,1
149,3_96,Role 1,96,0.04,1
150,2_96,SYSTEM,2,0.0,1
150,2_96,Role 1,96,0.04,1
151,9_101,SYSTEM,9,0.0,1
151,9_101,Role 1,101,0.04,1
152,10_101,SYSTEM,10,0.0,1
152,10_101,Role 1,101,0.04,1
153,9_97,SYSTEM,9,0.0,1
153,9_97,Role 1,97,0.04,1
154,10_96,SYSTEM,10,0.0,1
154,10_96,Role 1,96,0.04,1
155,9_92,SYSTEM,9,0.0,1
155,9_92,Role 1,92,0.04,1
156,5_95,SYSTEM,5,0.0,1
156,5_95,Role 1,95,0.04,1
157,5_97,SYSTEM,5,0.0,1
157,5_97,Role 1,97,0.04,1
158,10_125,SYSTEM,10,0.0,1
158,10_125,Role 1,125,0.03,1
159,19_96,SYSTEM,19,0.0,1
159,19_96,Role 1,96,0.04,1
160,20_96,SYSTEM,20,0.0,1
160,20_96,Role 1,96,0.04,1
161,10_6,SYSTEM,10,0.0,1
161,10_6,Role 1,6,0.65,1
162,10_5,SYSTEM,10,0.0,1
162,10_5,Role 1,5,0.79,1
163,19_87,SYSTEM,19,0.0,1
163,19_87,Role 1,87,0.05,1
164,10_95,SYSTEM,10,0.0,1
164,10_95,Role 1,95,0.04,1
165,10_97,SYSTEM,10,0.0,1
165,10_97,Role 1,97,0.04,1
166,19_95,SYSTEM,19,0.0,1
166,19_95,Role 1,95,0.04,1
167,20_95,SYSTEM,20,0.0,1
167,20_95,Role 1,95,0.04,1
168,1_95,SYSTEM,1,0.0,1
168,1_95,Role 1,95,0.04,1
169,19_86,SYSTEM,19,0.0,1
169,19_86,Role 1,86,0.05,1
170,10_94,SYSTEM,10,0.0,1
170,10_94,Role 1,94,0.04,1
171,2_95,SYSTEM,2,0.0,1
171,2_95,Role 1,95,0.04,1
172,1_94,SYSTEM,1,0.0,1
172,1_94,Role 1,94,0.04,1
173,10_99,SYSTEM,10,0.0,1
173,10_99,Role 1,99,0.04,1
174,9_95,SYSTEM,9,0.0,1
174,9_95,Role 1,95,0.04,1
175,19_99,SYSTEM,19,0.0,1
175,19_99,Role 1,99,0.04,1
176,20_99,SYSTEM,20,0.0,1
176,20_99,Role 1,99,0.04,1
177,1_108,SYSTEM,1,0.0,1
177,1_108,Role 1,108,0.04,1
178,19_90,SYSTEM,19,0.0,1
178,19_90,Role 1,90,0.05,1
179,10_98,SYSTEM,10,0.0,1
179,10_98,Role 1,98,0.04,1
180,19_97,SYSTEM,19,0.0,1
180,19_97,Role 1,97,0.04,1
181,20_97,SYSTEM,20,0.0,1
181,20_97,Role 1,97,0.04,1
182,19_88,SYSTEM,19,0.0,1
182,19_88,Role 1,88,0.05,1
183,9_125,SYSTEM,9,0.0,1
183,9_125,Role 1,125,0.03,1
184,17_97,SYSTEM,17,0.0,1
184,17_97,Role 1,97,0.04,1
185,18_97,SYSTEM,18,0.0,1
185,18_97,Role 1,97,0.04,1
186,9_6,SYSTEM,9,0.0,1
186,9_6,Role 1,6,0.67,1
187,9_5,SYSTEM,9,0.0,1
187,9_5,Role 1,5,0.79,1
188,17_89,SYSTEM,17,0.0,1
188,17_89,Role 1,89,0.04,1
189,9_98,SYSTEM,9,0.0,1
189,9_98,Role 1,98,0.04,1
190,17_125,SYSTEM,17,0.0,1
190,17_125,Role 1,125,0.03,1
191,33_89,SYSTEM,33,0.0,1
191,33_89,Role 1,89,0.04,1
192,34_89,SYSTEM,34,0.0,1
192,34_89,Role 1,89,0.05,1
193,1_89,SYSTEM,1,0.0,1
193,1_89,Role 1,89,0.04,1
194,17_6,SYSTEM,17,0.0,1
194,17_6,Role 1,6,0.67,1
195,17_5,SYSTEM,17,0.0,1
195,17_5,Role 1,5,0.83,1
196,33_73,SYSTEM,33,0.0,1
196,33_73,Role 1,73,0.05,1
197,17_88,SYSTEM,17,0.0,1
197,17_88,Role 1,88,0.05,1
198,17_90,SYSTEM,17,0.0,1
198,17_90,Role 1,90,0.04,1
199,2_89,SYSTEM,2,0.0,1
199,2_89,Role 1,89,0.04,1
200,1_88,SYSTEM,1,0.0,1
200,1_88,Role 1,88,0.05,1
201,1_90,SYSTEM,1,0.0,1
201,1_90,Role 1,90,0.04,1
202,3_89,SYSTEM,3,0.0,1
202,3_89,Role 1,89,0.04,1
203,4_89,SYSTEM,4,0.0,1
203,4_89,Role 1,89,0.05,1
204,3_88,SYSTEM,3,0.0,1
204,3_88,Role 1,88,0.05,1
205,2_88,SYSTEM,2,0.0,1
205,2_88,Role 1,88,0.05,1
206,2_90,SYSTEM,2,0.0,1
206,2_90,Role 1,90,0.04,1
207,1_91,SYSTEM,1,0.0,1
207,1_91,Role 1,91,0.04,1
208,2_91,SYSTEM,2,0.0,1
208,2_91,Role 1,91,0.04,1
209,1_92,SYSTEM,1,0.0,1
209,1_92,Role 1,92,0.04,1
210,1_87,SYSTEM,1,0.0,1
210,1_87,Role 1,87,0.05,1
211,5_88,SYSTEM,5,0.0,1
211,5_88,Role 1,88,0.05,1
212,6_88,SYSTEM,6,0.0,1
212,6_88,Role 1,88,0.05,1
213,5_86,SYSTEM,5,0.0,1
213,5_86,Role 1,86,0.05,1
214,3_87,SYSTEM,3,0.0,1
214,3_87,Role 1,87,0.05,1
215,6_125,SYSTEM,6,0.0,1
215,6_125,Role 1,125,0.03,1
216,11_88,SYSTEM,11,0.0,1
216,11_88,Role 1,88,0.05,1
217,12_88,SYSTEM,12,0.0,1
217,12_88,Role 1,88,0.05,1
218,6_7,SYSTEM,6,0.0,1
218,6_7,Role 1,7,0.58,1
219,6_6,SYSTEM,6,0.0,1
219,6_6,Role 1,6,0.67,1
220,11_83,SYSTEM,11,0.0,1
220,11_83,Role 1,83,0.05,1
221,6_87,SYSTEM,6,0.0,1
221,6_87,Role 1,87,0.05,1
222,6_89,SYSTEM,6,0.0,1
222,6_89,Role 1,89,0.04,1
223,9_86,SYSTEM,9,0.0,1
223,9_86,Role 1,86,0.05,1
224,10_86,SYSTEM,10,0.0,1
224,10_86,Role 1,86,0.05,1
225,1_86,SYSTEM,1,0.0,1
225,1_86,Role 1,86,0.05,1
226,5_7,SYSTEM,5,0.0,1
226,5_7,Role 1,7,0.57,1
227,9_82,SYSTEM,9,0.0,1
227,9_82,Role 1,82,0.05,1
228,5_85,SYSTEM,5,0.0,1
228,5_85,Role 1,85,0.05,1
229,5_87,SYSTEM,5,0.0,1
229,5_87,Role 1,87,0.05,1
230,3_86,SYSTEM,3,0.0,1
230,3_86,Role 1,86,0.05,1
231,5_8,SYSTEM,5,0.0,1
231,5_8,Role 1,8,0.5,1
232,5_9,SYSTEM,5,0.0,1
232,5_9,Role 1,9,0.44,1
233,4_8,SYSTEM,4,0.0,1
233,4_8,Role 1,8,0.51,1
234,17_82,SYSTEM,17,0.0,1
234,17_82,Role 1,82,0.05,1
235,18_82,SYSTEM,18,0.0,1
235,18_82,Role 1,82,0.05,1
236,1_82,SYSTEM,1,0.0,1
236,1_82,Role 1,82,0.05,1
237,17_74,SYSTEM,17,0.0,1
237,17_74,Role 1,74,0.06,1
238,9_81,SYSTEM,9,0.0,1
238,9_81,Role 1,81,0.05,1
239,9_83,SYSTEM,9,0.0,1
239,9_83,Role 1,83,0.05,1
240,17_83,SYSTEM,17,0.0,1
240,17_83,Role 1,83,0.05,1
241,18_83,SYSTEM,18,0.0,1
241,18_83,Role 1,83,0.05,1
242,1_83,SYSTEM,1,0.0,1
242,1_83,Role 1,83,0.05,1
243,17_75,SYSTEM,17,0.0,1
243,17_75,Role 1,75,0.05,1
244,9_84,SYSTEM,9,0.0,1
244,9_84,Role 1,84,0.05,1
245,33_74,SYSTEM,33,0.0,1
245,33_74,Role 1,74,0.05,1
246,34_74,SYSTEM,34,0.0,1
246,34_74,Role 1,74,0.05,1
247,1_74,SYSTEM,1,0.0,1
247,1_74,Role 1,74,0.05,1
248,17_7,SYSTEM,17,0.0,1
248,17_7,Role 1,7,0.57,1
249,33_58,SYSTEM,33,0.0,1
249,33_58,Role 1,58,0.07,1
250,17_73,SYSTEM,17,0.0,1
250,17_73,Role 1,73,0.05,1
251,34_73,SYSTEM,34,0.0,1
251,34_73,Role 1,73,0.06,1
252,1_73,SYSTEM,1,0.0,1
252,1_73,Role 1,73,0.05,1
253,33_57,SYSTEM,33,0.0,1
253,33_57,Role 1,57,0.07,1
254,17_72,SYSTEM,17,0.0,1
254,17_72,Role 1,72,0.06,1
255,2_73,SYSTEM,2,0.0,1
255,2_73,Role 1,73,0.05,1
256,1_72,SYSTEM,1,0.0,1
256,1_72,Role 1,72,0.05,1
257,3_73,SYSTEM,3,0.0,1
257,3_73,Role 1,73,0.06,1
258,4_73,SYSTEM,4,0.0,1
258,4_73,Role 1,73,0.05,1
259,3_72,SYSTEM,3,0.0,1
259,3_72,Role 1,72,0.06,1
260,2_72,SYSTEM,2,0.0,1
260,2_72,Role 1,72,0.06,1
261,2_74,SYSTEM,2,0.0,1
261,2_74,Role 1,74,0.05,1
262,5_72,SYSTEM,5,0.0,1
262,5_72,Role 1,72,0.06,1
263,6_72,SYSTEM,6,0.0,1
263,6_72,Role 1,72,0.06,1
264,5_70,SYSTEM,5,0.0,1
264,5_70,Role 1,70,0.06,1
265,3_71,SYSTEM,3,0.0,1
265,3_71,Role 1,71,0.06,1
266,5_71,SYSTEM,5,0.0,1
266,5_71,Role 1,71,0.06,1
267,6_71,SYSTEM,6,0.0,1
267,6_71,Role 1,71,0.06,1
268,1_71,SYSTEM,1,0.0,1
268,1_71,Role 1,71,0.06,1
269,5_69,SYSTEM,5,0.0,1
269,5_69,Role 1,69,0.06,1
270,3_70,SYSTEM,3,0.0,1
270,3_70,Role 1,70,0.06,1
271,6_70,SYSTEM,6,0.0,1
271,6_70,Role 1,70,0.06,1
272,1_70,SYSTEM,1,0.0,1
272,1_70,Role 1,70,0.06,1
273,5_68,SYSTEM,5,0.0,1
273,5_68,Role 1,68,0.06,1
274,3_69,SYSTEM,3,0.0,1
274,3_69,Role 1,69,0.06,1
275,13_102,SYSTEM,13,0.0,1
275,13_102,Role 1,102,0.04,1
276,14_102,SYSTEM,14,0.0,1
276,14_102,Role 1,102,0.04,1
277,13_96,SYSTEM,13,0.0,1
277,13_96,Role 1,96,0.04,1
278,7_101,SYSTEM,7,0.0,1
278,7_101,Role 1,101,0.04,1
279,7_103,SYSTEM,7,0.0,1
279,7_103,Role 1,103,0.04,1
280,2_71,SYSTEM,2,0.0,1
280,2_71,Role 1,71,0.06,1
281,4_71,SYSTEM,4,0.0,1
281,4_71,Role 1,71,0.05,1
282,2_70,SYSTEM,2,0.0,1
282,2_70,Role 1,70,0.06,1
283,11_70,SYSTEM,11,0.0,1
283,11_70,Role 1,70,0.06,1
284,12_70,SYSTEM,12,0.0,1
284,12_70,Role 1,70,0.06,1
285,1_75,SYSTEM,1,0.0,1
285,1_75,Role 1,75,0.05,1
286,11_65,SYSTEM,11,0.0,1
286,11_65,Role 1,65,0.06,1
287,6_69,SYSTEM,6,0.0,1
287,6_69,Role 1,69,0.06,1
288,11_124,SYSTEM,11,0.0,1
288,11_124,Role 1,124,0.03,1
289,11_125,SYSTEM,11,0.0,1
289,11_125,Role 1,125,0.03,1
290,21_65,SYSTEM,21,0.0,1
290,21_65,Role 1,65,0.06,1
291,22_65,SYSTEM,22,0.0,1
291,22_65,Role 1,65,0.06,1
292,1_65,SYSTEM,1,0.0,1
292,1_65,Role 1,65,0.06,1
293,11_6,SYSTEM,11,0.0,1
293,11_6,Role 1,6,0.66,1
294,11_5,SYSTEM,11,0.0,1
294,11_5,Role 1,5,0.8,1
295,21_55,SYSTEM,21,0.0,1
295,21_55,Role 1,55,0.07,1
296,11_64,SYSTEM,11,0.0,1
296,11_64,Role 1,64,0.06,1
297,11_66,SYSTEM,11,0.0,1
297,11_66,Role 1,66,0.06,1
298,11_122,SYSTEM,11,0.0,1
298,11_122,Role 1,122,0.03,1
299,11_123,SYSTEM,11,0.0,1
299,11_123,Role 1,123,0.03,1
300,21_64,SYSTEM,21,0.0,1
300,21_64,Role 1,64,0.06,1
301,22_64,SYSTEM,22,0.0,1
301,22_64,Role 1,64,0.06,1
302,1_64,SYSTEM,1,0.0,1
302,1_64,Role 1,64,0.06,1
303,21_54,SYSTEM,21,0.0,1
303,21_54,Role 1,54,0.07,1
304,11_63,SYSTEM,11,0.0,1
304,11_63,Role 1,63,0.06,1
305,21_102,SYSTEM,21,0.0,1
305,21_102,Role 1,102,0.04,1
306,21_103,SYSTEM,21,0.0,1
306,21_103,Role 1,103,0.04,1
307,41_54,SYSTEM,41,0.0,1
307,41_54,Role 1,54,0.08,1
308,42_54,SYSTEM,42,0.0,1
308,42_54,Role 1,54,0.07,1
309,1_54,SYSTEM,1,0.0,1
309,1_54,Role 1,54,0.08,1
310,21_6,SYSTEM,21,0.0,1
310,21_6,Role 1,6,0.68,1
311,21_5,SYSTEM,21,0.0,1
311,21_5,Role 1,5,0.8,1
312,41_34,SYSTEM,41,0.0,1
312,41_34,Role 1,34,0.12,1
313,21_53,SYSTEM,21,0.0,1
313,21_53,Role 1,53,0.08,1
314,21_99,SYSTEM,21,0.0,1
314,21_99,Role 1,99,0.04,1
315,21_100,SYSTEM,21,0.0,1
315,21_100,Role 1,100,0.04,1
316,41_53,SYSTEM,41,0.0,1
316,41_53,Role 1,53,0.08,1
317,42_53,SYSTEM,42,0.0,1
317,42_53,Role 1,53,0.08,1
318,1_53,SYSTEM,1,0.0,1
318,1_53,Role 1,53,0.07,1
319,21_7,SYSTEM,21,0.0,1
319,21_7,Role 1,7,0.57,1
320,41_33,SYSTEM,41,0.0,1
320,41_33,Role 1,33,0.12,1
321,21_52,SYSTEM,21,0.0,1
321,21_52,Role 1,52,0.08,1
322,21_98,SYSTEM,21,0.0,1
322,21_98,Role 1,98,0.04,1
323,41_52,SYSTEM,41,0.0,1
323,41_52,Role 1,52,0.08,1
324,42_52,SYSTEM,42,0.0,1
324,42_52,Role 1,52,0.08,1
325,1_52,SYSTEM,1,0.0,1
325,1_52,Role 1,52,0.08,1
326,41_32,SYSTEM,41,0.0,1
326,41_32,Role 1,32,0.13,1
327,21_51,SYSTEM,21,0.0,1
327,21_51,Role 1,51,0.08,1
328,9_91,SYSTEM,9,0.0,1
328,9_91,Role 1,91,0.04,1
329,5_94,SYSTEM,5,0.0,1
329,5_94,Role 1,94,0.04,1
330,6_97,SYSTEM,6,0.0,1
330,6_97,Role 1,97,0.04,1
331,11_97,SYSTEM,11,0.0,1
331,11_97,Role 1,97,0.04,1
332,12_97,SYSTEM,12,0.0,1
332,12_97,Role 1,97,0.04,1
333,6_5,SYSTEM,6,0.0,1
333,6_5,Role 1,5,0.81,1
334,11_92,SYSTEM,11,0.0,1
334,11_92,Role 1,92,0.04,1
335,6_96,SYSTEM,6,0.0,1
335,6_96,Role 1,96,0.04,1
336,12_125,SYSTEM,12,0.0,1
336,12_125,Role 1,125,0.03,1
337,23_97,SYSTEM,23,0.0,1
337,23_97,Role 1,97,0.04,1
338,24_97,SYSTEM,24,0.0,1
338,24_97,Role 1,97,0.04,1
339,12_6,SYSTEM,12,0.0,1
339,12_6,Role 1,6,0.67,1
340,12_5,SYSTEM,12,0.0,1
340,12_5,Role 1,5,0.8,1
341,23_86,SYSTEM,23,0.0,1
341,23_86,Role 1,86,0.05,1
342,12_96,SYSTEM,12,0.0,1
342,12_96,Role 1,96,0.04,1
343,12_98,SYSTEM,12,0.0,1
343,12_98,Role 1,98,0.04,1
344,1_22,SYSTEM,1,0.0,1
344,1_22,Role 1,22,0.18,1
345,1_23,SYSTEM,1,0.0,1
345,1_23,Role 1,23,0.17,1
346,1_40,SYSTEM,1,0.0,1
346,1_40,Role 1,40,0.1,1
347,1_41,SYSTEM,1,0.0,1
347,1_41,Role 1,41,0.1,1
348,1_24,SYSTEM,1,0.0,1
348,1_24,Role 1,24,0.17,1
349,1_39,SYSTEM,1,0.0,1
349,1_39,Role 1,39,0.1,1
350,1_38,SYSTEM,1,0.0,1
350,1_38,Role 1,38,0.11,1
351,1_34,SYSTEM,1,0.0,1
351,1_34,Role 1,34,0.12,1
352,1_35,SYSTEM,1,0.0,1
352,1_35,Role 1,35,0.11,1
353,7_95,SYSTEM,7,0.0,1
353,7_95,Role 1,95,0.04,1
354,21_97,SYSTEM,21,0.0,1
354,21_97,Role 1,97,0.04,1
355,22_97,SYSTEM,22,0.0,1
355,22_97,Role 1,97,0.04,1
356,21_87,SYSTEM,21,0.0,1
356,21_87,Role 1,87,0.05,1
357,11_96,SYSTEM,11,0.0,1
357,11_96,Role 1,96,0.04,1
358,11_98,SYSTEM,11,0.0,1
358,11_98,Role 1,98,0.04,1
359,22_98,SYSTEM,22,0.0,1
359,22_98,Role 1,98,0.04,1
360,21_88,SYSTEM,21,0.0,1
360,21_88,Role 1,88,0.05,1
361,11_99,SYSTEM,11,0.0,1
361,11_99,Role 1,99,0.04,1
362,21_125,SYSTEM,21,0.0,1
362,21_125,Role 1,125,0.03,1
363,41_87,SYSTEM,41,0.0,1
363,41_87,Role 1,87,0.05,1
364,42_87,SYSTEM,42,0.0,1
364,42_87,Role 1,87,0.05,1
365,41_67,SYSTEM,41,0.0,1
365,41_67,Role 1,67,0.06,1
366,21_86,SYSTEM,21,0.0,1
366,21_86,Role 1,86,0.05,1
367,1_25,SYSTEM,1,0.0,1
367,1_25,Role 1,25,0.16,1
368,1_44,SYSTEM,1,0.0,1
368,1_44,Role 1,44,0.09,1
369,1_45,SYSTEM,1,0.0,1
369,1_45,Role 1,45,0.09,1
370,1_26,SYSTEM,1,0.0,1
370,1_26,Role 1,26,0.16,1
371,1_46,SYSTEM,1,0.0,1
371,1_46,Role 1,46,0.09,1
372,1_47,SYSTEM,1,0.0,1
372,1_47,Role 1,47,0.08,1
373,1_27,SYSTEM,1,0.0,1
373,1_27,Role 1,27,0.15,1
374,25_102,SYSTEM,25,0.0,1
374,25_102,Role 1,102,0.04,1
375,26_102,SYSTEM,26,0.0,1
375,26_102,Role 1,102,0.04,1
376,1_114,SYSTEM,1,0.0,1
376,1_114,Role 1,114,0.04,1
377,25_90,SYSTEM,25,0.0,1
377,25_90,Role 1,90,0.04,1
378,13_101,SYSTEM,13,0.0,1
378,13_101,Role 1,101,0.04,1
379,13_103,SYSTEM,13,0.0,1
379,13_103,Role 1,103,0.04,1
380,1_48,SYSTEM,1,0.0,1
380,1_48,Role 1,48,0.08,1
381,1_49,SYSTEM,1,0.0,1
381,1_49,Role 1,49,0.08,1
382,1_28,SYSTEM,1,0.0,1
382,1_28,Role 1,28,0.14,1
383,1_36,SYSTEM,1,0.0,1
383,1_36,Role 1,36,0.11,1
384,1_62,SYSTEM,1,0.0,1
384,1_62,Role 1,62,0.07,1
385,1_63,SYSTEM,1,0.0,1
385,1_63,Role 1,63,0.06,1
386,1_33,SYSTEM,1,0.0,1
386,1_33,Role 1,33,0.12,1
387,1_84,SYSTEM,1,0.0,1
387,1_84,Role 1,84,0.05,1
388,1_85,SYSTEM,1,0.0,1
388,1_85,Role 1,85,0.05,1
389,2_45,SYSTEM,2,0.0,1
389,2_45,Role 1,45,0.09,1
390,23_88,SYSTEM,23,0.0,1
390,23_88,Role 1,88,0.05,1
391,24_88,SYSTEM,24,0.0,1
391,24_88,Role 1,88,0.05,1
392,12_7,SYSTEM,12,0.0,1
392,12_7,Role 1,7,0.58,1
393,23_77,SYSTEM,23,0.0,1
393,23_77,Role 1,77,0.05,1
394,12_87,SYSTEM,12,0.0,1
394,12_87,Role 1,87,0.05,1
395,12_89,SYSTEM,12,0.0,1
395,12_89,Role 1,89,0.04,1
396,1_30,SYSTEM,1,0.0,1
396,1_30,Role 1,30,0.13,1
397,1_31,SYSTEM,1,0.0,1
397,1_31,Role 1,31,0.13,1
398,1_56,SYSTEM,1,0.0,1
398,1_56,Role 1,56,0.07,1
399,1_57,SYSTEM,1,0.0,1
399,1_57,Role 1,57,0.07,1
400,1_32,SYSTEM,1,0.0,1
400,1_32,Role 1,32,0.13,1
401,1_58,SYSTEM,1,0.0,1
401,1_58,Role 1,58,0.07,1
402,1_59,SYSTEM,1,0.0,1
402,1_59,Role 1,59,0.07,1
403,1_55,SYSTEM,1,0.0,1
403,1_55,Role 1,55,0.07,1
404,1_29,SYSTEM,1,0.0,1
404,1_29,Role 1,29,0.14,1
405,1_60,SYSTEM,1,0.0,1
405,1_60,Role 1,60,0.07,1
406,1_61,SYSTEM,1,0.0,1
406,1_61,Role 1,61,0.06,1
407,20_86,SYSTEM,20,0.0,1
407,20_86,Role 1,86,0.05,1
408,10_7,SYSTEM,10,0.0,1
408,10_7,Role 1,7,0.57,1
409,19_77,SYSTEM,19,0.0,1
409,19_77,Role 1,77,0.05,1
410,10_85,SYSTEM,10,0.0,1
410,10_85,Role 1,85,0.05,1
411,10_87,SYSTEM,10,0.0,1
411,10_87,Role 1,87,0.05,1
412,39_97,SYSTEM,39,0.0,1
412,39_97,Role 1,97,0.04,1
413,40_97,SYSTEM,40,0.0,1
413,40_97,Role 1,97,0.04,1
414,1_116,SYSTEM,1,0.0,1
414,1_116,Role 1,116,0.03,1
415,39_78,SYSTEM,39,0.0,1
415,39_78,Role 1,78,0.05,1
416,20_98,SYSTEM,20,0.0,1
416,20_98,Role 1,98,0.04,1
417,39_98,SYSTEM,39,0.0,1
417,39_98,Role 1,98,0.04,1
418,40_98,SYSTEM,40,0.0,1
418,40_98,Role 1,98,0.04,1
419,1_117,SYSTEM,1,0.0,1
419,1_117,Role 1,117,0.03,1
420,39_79,SYSTEM,39,0.0,1
420,39_79,Role 1,79,0.05,1
421,2_48,SYSTEM,2,0.0,1
421,2_48,Role 1,48,0.09,1
422,33_125,SYSTEM,33,0.0,1
422,33_125,Role 1,125,0.03,1
423,65_89,SYSTEM,65,0.0,1
423,65_89,Role 1,89,0.05,1
424,66_89,SYSTEM,66,0.0,1
424,66_89,Role 1,89,0.05,1
425,33_6,SYSTEM,33,0.0,1
425,33_6,Role 1,6,0.68,1
426,33_5,SYSTEM,33,0.0,1
426,33_5,Role 1,5,0.8,1
427,1_121,SYSTEM,1,0.0,1
427,1_121,Role 1,121,0.03,1
428,65_57,SYSTEM,65,0.0,1
428,65_57,Role 1,57,0.07,1
429,33_88,SYSTEM,33,0.0,1
429,33_88,Role 1,88,0.05,1
430,33_90,SYSTEM,33,0.0,1
430,33_90,Role 1,90,0.04,1
431,65_108,SYSTEM,65,0.0,1
431,65_108,Role 1,108,0.04,1
432,65_109,SYSTEM,65,0.0,1
432,65_109,Role 1,109,0.04,1
433,125_57,SYSTEM,125,0.0,1
433,125_57,Role 1,57,0.07,1
434,65_6,SYSTEM,65,0.0,1
434,65_6,Role 1,6,0.67,1
435,65_5,SYSTEM,65,0.0,1
435,65_5,Role 1,5,0.79,1
436,14_108,SYSTEM,14,0.0,1
436,14_108,Role 1,108,0.04,1
437,116_6,SYSTEM,116,0.0,1
437,116_6,Role 1,6,0.68,1
438,64_57,SYSTEM,64,0.0,1
438,64_57,Role 1,57,0.07,1
439,65_58,SYSTEM,65,0.0,1
439,65_58,Role 1,58,0.07,1
440,2_56,SYSTEM,2,0.0,1
440,2_56,Role 1,56,0.07,1
441,2_87,SYSTEM,2,0.0,1
441,2_87,Role 1,87,0.04,1
442,4_87,SYSTEM,4,0.0,1
442,4_87,Role 1,87,0.05,1
443,2_86,SYSTEM,2,0.0,1
443,2_86,Role 1,86,0.05,1
444,21_122,SYSTEM,21,0.0,1
444,21_122,Role 1,122,0.03,1
445,21_123,SYSTEM,21,0.0,1
445,21_123,Role 1,123,0.03,1
446,41_64,SYSTEM,41,0.0,1
446,41_64,Role 1,64,0.06,1
447,42_64,SYSTEM,42,0.0,1
447,42_64,Role 1,64,0.06,1
448,41_44,SYSTEM,41,0.0,1
448,41_44,Role 1,44,0.09,1
449,21_63,SYSTEM,21,0.0,1
449,21_63,Role 1,63,0.06,1
450,21_120,SYSTEM,21,0.0,1
450,21_120,Role 1,120,0.03,1
451,21_121,SYSTEM,21,0.0,1
451,21_121,Role 1,121,0.03,1
452,41_63,SYSTEM,41,0.0,1
452,41_63,Role 1,63,0.06,1
453,42_63,SYSTEM,42,0.0,1
453,42_63,Role 1,63,0.06,1
454,41_43,SYSTEM,41,0.0,1
454,41_43,Role 1,43,0.09,1
455,21_62,SYSTEM,21,0.0,1
455,21_62,Role 1,62,0.06,1
456,42_120,SYSTEM,42,0.0,1
456,42_120,Role 1,120,0.03,1
457,42_121,SYSTEM,42,0.0,1
457,42_121,Role 1,121,0.03,1
458,83_63,SYSTEM,83,0.0,1
458,83_63,Role 1,63,0.06,1
459,84_63,SYSTEM,84,0.0,1
459,84_63,Role 1,63,0.07,1
460,42_6,SYSTEM,42,0.0,1
460,42_6,Role 1,6,0.66,1
461,42_5,SYSTEM,42,0.0,1
461,42_5,Role 1,5,0.79,1
462,83_22,SYSTEM,83,0.0,1
462,83_22,Role 1,22,0.19,1
463,42_62,SYSTEM,42,0.0,1
463,42_62,Role 1,62,0.07,1
464,42_125,SYSTEM,42,0.0,1
464,42_125,Role 1,125,0.03,1
465,83_87,SYSTEM,83,0.0,1
465,83_87,Role 1,87,0.05,1
466,84_87,SYSTEM,84,0.0,1
466,84_87,Role 1,87,0.05,1
467,42_7,SYSTEM,42,0.0,1
467,42_7,Role 1,7,0.57,1
468,1_128,SYSTEM,1,0.0,1
468,1_128,Role 1,128,0.03,1
469,83_46,SYSTEM,83,0.0,1
469,83_46,Role 1,46,0.09,1
470,42_86,SYSTEM,42,0.0,1
470,42_86,Role 1,86,0.05,1
471,42_88,SYSTEM,42,0.0,1
471,42_88,Role 1,88,0.04,1
472,22_125,SYSTEM,22,0.0,1
472,22_125,Role 1,125,0.03,1
473,1_135,SYSTEM,1,0.0,1
473,1_135,Role 1,135,0.03,1
474,21_115,SYSTEM,21,0.0,1
474,21_115,Role 1,115,0.04,1
475,11_71,SYSTEM,11,0.0,1
475,11_71,Role 1,71,0.06,1
476,12_71,SYSTEM,12,0.0,1
476,12_71,Role 1,71,0.06,1
477,1_76,SYSTEM,1,0.0,1
477,1_76,Role 1,76,0.05,1
478,23_71,SYSTEM,23,0.0,1
478,23_71,Role 1,71,0.06,1
479,24_71,SYSTEM,24,0.0,1
479,24_71,Role 1,71,0.06,1
480,23_60,SYSTEM,23,0.0,1
480,23_60,Role 1,60,0.07,1
481,12_72,SYSTEM,12,0.0,1
481,12_72,Role 1,72,0.06,1
482,23_113,SYSTEM,23,0.0,1
482,23_113,Role 1,113,0.04,1
483,23_114,SYSTEM,23,0.0,1
483,23_114,Role 1,114,0.03,1
484,45_60,SYSTEM,45,0.0,1
484,45_60,Role 1,60,0.07,1
485,46_60,SYSTEM,46,0.0,1
485,46_60,Role 1,60,0.07,1
486,23_7,SYSTEM,23,0.0,1
486,23_7,Role 1,7,0.57,1
487,23_6,SYSTEM,23,0.0,1
487,23_6,Role 1,6,0.66,1
488,45_38,SYSTEM,45,0.0,1
488,45_38,Role 1,38,0.11,1
489,23_59,SYSTEM,23,0.0,1
489,23_59,Role 1,59,0.07,1
490,23_61,SYSTEM,23,0.0,1
490,23_61,Role 1,61,0.07,1
491,9_71,SYSTEM,9,0.0,1
491,9_71,Role 1,71,0.06,1
492,10_71,SYSTEM,10,0.0,1
492,10_71,Role 1,71,0.06,1
493,9_67,SYSTEM,9,0.0,1
493,9_67,Role 1,67,0.06,1
494,23_125,SYSTEM,23,0.0,1
494,23_125,Role 1,125,0.03,1
495,45_113,SYSTEM,45,0.0,1
495,45_113,Role 1,113,0.04,1
496,46_113,SYSTEM,46,0.0,1
496,46_113,Role 1,113,0.04,1
497,1_113,SYSTEM,1,0.0,1
497,1_113,Role 1,113,0.04,1
498,45_91,SYSTEM,45,0.0,1
498,45_91,Role 1,91,0.05,1
499,23_112,SYSTEM,23,0.0,1
499,23_112,Role 1,112,0.04,1
500,1_69,SYSTEM,1,0.0,1
500,1_69,Role 1,69,0.06,1
501,5_67,SYSTEM,5,0.0,1
501,5_67,Role 1,67,0.06,1
502,3_68,SYSTEM,3,0.0,1
502,3_68,Role 1,68,0.06,1
503,46_125,SYSTEM,46,0.0,1
503,46_125,Role 1,125,0.03,1
504,91_113,SYSTEM,91,0.0,1
504,91_113,Role 1,113,0.04,1
505,92_113,SYSTEM,92,0.0,1
505,92_113,Role 1,113,0.04,1
506,46_7,SYSTEM,46,0.0,1
506,46_7,Role 1,7,0.57,1
507,46_6,SYSTEM,46,0.0,1
507,46_6,Role 1,6,0.68,1
508,1_158,SYSTEM,1,0.0,1
508,1_158,Role 1,158,0.03,1
509,91_68,SYSTEM,91,0.0,1
509,91_68,Role 1,68,0.06,1
510,46_112,SYSTEM,46,0.0,1
510,46_112,Role 1,112,0.04,1
511,46_114,SYSTEM,46,0.0,1
511,46_114,Role 1,114,0.04,1
512,91_125,SYSTEM,91,0.0,1
512,91_125,Role 1,125,0.03,1
513,125_68,SYSTEM,125,0.0,1
513,125_68,Role 1,68,0.06,1
514,1_68,SYSTEM,1,0.0,1
514,1_68,Role 1,68,0.06,1
515,91_6,SYSTEM,91,0.0,1
515,91_6,Role 1,6,0.68,1
516,91_5,SYSTEM,91,0.0,1
516,91_5,Role 1,5,0.81,1
517,29_130,SYSTEM,29,0.0,1
517,29_130,Role 1,130,0.03,1
518,153_6,SYSTEM,153,0.0,1
518,153_6,Role 1,6,0.66,1
519,90_68,SYSTEM,90,0.0,1
519,90_68,Role 1,68,0.06,1
520,91_69,SYSTEM,91,0.0,1
520,91_69,Role 1,69,0.06,1
521,91_112,SYSTEM,91,0.0,1
521,91_112,Role 1,112,0.04,1
522,92_112,SYSTEM,92,0.0,1
522,92_112,Role 1,112,0.04,1
523,1_112,SYSTEM,1,0.0,1
523,1_112,Role 1,112,0.04,1
524,1_157,SYSTEM,1,0.0,1
524,1_157,Role 1,157,0.03,1
525,91_67,SYSTEM,91,0.0,1
525,91_67,Role 1,67,0.06,1
526,46_111,SYSTEM,46,0.0,1
526,46_111,Role 1,111,0.04,1
527,2_112,SYSTEM,2,0.0,1
527,2_112,Role 1,112,0.04,1
528,1_111,SYSTEM,1,0.0,1
528,1_111,Role 1,111,0.04,1
529,83_120,SYSTEM,83,0.0,1
529,83_120,Role 1,120,0.03,1
530,84_120,SYSTEM,84,0.0,1
530,84_120,Role 1,120,0.03,1
531,1_120,SYSTEM,1,0.0,1
531,1_120,Role 1,120,0.03,1
532,1_161,SYSTEM,1,0.0,1
532,1_161,Role 1,161,0.03,1
533,83_79,SYSTEM,83,0.0,1
533,83_79,Role 1,79,0.05,1
534,42_119,SYSTEM,42,0.0,1
534,42_119,Role 1,119,0.03,1
535,84_125,SYSTEM,84,0.0,1
535,84_125,Role 1,125,0.03,1
536,125_87,SYSTEM,125,0.0,1
536,125_87,Role 1,87,0.05,1
537,84_7,SYSTEM,84,0.0,1
537,84_7,Role 1,7,0.58,1
538,84_6,SYSTEM,84,0.0,1
538,84_6,Role 1,6,0.65,1
539,4_167,SYSTEM,4,0.0,1
539,4_167,Role 1,167,0.02,1
540,164_7,SYSTEM,164,0.0,1
540,164_7,Role 1,7,0.59,1
541,84_86,SYSTEM,84,0.0,1
541,84_86,Role 1,86,0.05,1
542,84_88,SYSTEM,84,0.0,1
542,84_88,Role 1,88,0.05,1
543,65_125,SYSTEM,65,0.0,1
543,65_125,Role 1,125,0.03,1
544,125_108,SYSTEM,125,0.0,1
544,125_108,Role 1,108,0.04,1
545,65_7,SYSTEM,65,0.0,1
545,65_7,Role 1,7,0.57,1
546,1_172,SYSTEM,1,0.0,1
546,1_172,Role 1,172,0.02,1
547,129_44,SYSTEM,129,0.0,1
547,129_44,Role 1,44,0.09,1
548,65_107,SYSTEM,65,0.0,1
548,65_107,Role 1,107,0.04,1
