{
    "time_var": 60,
    "max_cap": 9999999999,
    "max_shift_size": 24,
    "max_shift_blocks": 24,
    "hours_in_day": 24,
    "resources": [
        {
            "id": "Joint_W_Afhandelen leads_0timetable",
            "constraints": {
                "global_constraints": {
                    "max_weekly_cap": 73.0,
                    "max_daily_cap": 13.0,
                    "max_consecutive_cap": 13.0,
                    "max_shifts_day": 24,
                    "max_shifts_week": 73.0,
                    "is_human": true
                },
                "daily_start_times": {
                    "monday": "09:00:00",
                    "tuesday": "09:00:00",
                    "wednesday": "09:00:00",
                    "thursday": "09:00:00",
                    "friday": "09:00:00",
                    "saturday": "09:00:00",
                    "sunday": null
                },
                "never_work_masks": {
                    "monday": 8388609,
                    "tuesday": 8388609,
                    "wednesday": 8388609,
                    "thursday": 8388609,
                    "friday": 8388609,
                    "saturday": 8388609,
                    "sunday": 16777215
                },
                "always_work_masks": {
                    "monday": 0,
                    "tuesday": 0,
                    "wednesday": 0,
                    "thursday": 0,
                    "friday": 0,
                    "saturday": 0,
                    "sunday": 0
                }
            }
        },
        {
            "id": "Joint_W_Nabellen offertes_0timetable",
            "constraints": {
                "global_constraints": {
                    "max_weekly_cap": 77.0,
                    "max_daily_cap": 14.0,
                    "max_consecutive_cap": 14.0,
                    "max_shifts_day": 24,
                    "max_shifts_week": 77.0,
                    "is_human": true
                },
                "daily_start_times": {
                    "monday": "09:00:00",
                    "tuesday": "09:00:00",
                    "wednesday": "09:00:00",
                    "thursday": "09:00:00",
                    "friday": "09:00:00",
                    "saturday": "09:00:00",
                    "sunday": "09:00:00"
                },
                "never_work_masks": {
                    "monday": 8388609,
                    "tuesday": 8388609,
                    "wednesday": 8388609,
                    "thursday": 8388609,
                    "friday": 8388609,
                    "saturday": 8388609,
                    "sunday": 8388609
                },
                "always_work_masks": {
                    "monday": 0,
                    "tuesday": 0,
                    "wednesday": 0,
                    "thursday": 0,
                    "friday": 0,
                    "saturday": 0,
                    "sunday": 0
                }
            }
        },
        {
            "id": "Joint_W_Valideren aanvraag_0timetable",
            "constraints": {
                "global_constraints": {
                    "max_weekly_cap": 82.0,
                    "max_daily_cap": 14.0,
                    "max_consecutive_cap": 14.0,
                    "max_shifts_day": 24,
                    "max_shifts_week": 82.0,
                    "is_human": true
                },
                "daily_start_times": {
                    "monday": "08:00:00",
                    "tuesday": "08:00:00",
                    "wednesday": "08:00:00",
                    "thursday": "08:00:00",
                    "friday": "08:00:00",
                    "saturday": "08:00:00",
                    "sunday": "08:00:00"
                },
                "never_work_masks": {
                    "monday": 8388609,
                    "tuesday": 8388609,
                    "wednesday": 8388609,
                    "thursday": 8388609,
                    "friday": 8388609,
                    "saturday": 8388609,
                    "sunday": 8388609
                },
                "always_work_masks": {
                    "monday": 0,
                    "tuesday": 0,
                    "wednesday": 0,
                    "thursday": 0,
                    "friday": 0,
                    "saturday": 0,
                    "sunday": 0
                }
            }
        },
        {
            "id": "Joint_W_Nabellen incomplete dossiers_0timetable",
            "constraints": {
                "global_constraints": {
                    "max_weekly_cap": 85.0,
                    "max_daily_cap": 15.0,
                    "max_consecutive_cap": 15.0,
                    "max_shifts_day": 24,
                    "max_shifts_week": 85.0,
                    "is_human": true
                },
                "daily_start_times": {
                    "monday": "08:00:00",
                    "tuesday": "08:00:00",
                    "wednesday": "08:00:00",
                    "thursday": "08:00:00",
                    "friday": "08:00:00",
                    "saturday": "08:00:00",
                    "sunday": "08:00:00"
                },
                "never_work_masks": {
                    "monday": 8388609,
                    "tuesday": 8388609,
                    "wednesday": 8388609,
                    "thursday": 8388609,
                    "friday": 8388609,
                    "saturday": 8388609,
                    "sunday": 8388609
                },
                "always_work_masks": {
                    "monday": 0,
                    "tuesday": 0,
                    "wednesday": 0,
                    "thursday": 0,
                    "friday": 0,
                    "saturday": 0,
                    "sunday": 0
                }
            }
        },
        {
            "id": "10188.0timetable",
            "constraints": {
                "global_constraints": {
                    "max_weekly_cap": 30.0,
                    "max_daily_cap": 9.0,
                    "max_consecutive_cap": 9.0,
                    "max_shifts_day": 24,
                    "max_shifts_week": 30.0,
                    "is_human": true
                },
                "daily_start_times": {
                    "monday": "09:00:00",
                    "tuesday": "09:00:00",
                    "wednesday": "09:00:00",
                    "thursday": "09:00:00",
                    "friday": "09:00:00",
                    "saturday": null,
                    "sunday": null
                },
                "never_work_masks": {
                    "monday": 8388609,
                    "tuesday": 8388609,
                    "wednesday": 8388609,
                    "thursday": 8388609,
                    "friday": 8388609,
                    "saturday": 16777215,
                    "sunday": 16777215
                },
                "always_work_masks": {
                    "monday": 0,
                    "tuesday": 0,
                    "wednesday": 0,
                    "thursday": 0,
                    "friday": 0,
                    "saturday": 0,
                    "sunday": 0
                }
            }
        },
        {
            "id": "Joint_W_Completeren aanvraag_0_COPY0d08b7d670_COPYb537881b54timetable",
            "constraints": {
                "global_constraints": {
                    "max_weekly_cap": 77.0,
                    "max_daily_cap": 14.0,
                    "max_consecutive_cap": 14.0,
                    "max_shifts_day": 24,
                    "max_shifts_week": 77.0,
                    "is_human": true
                },
                "daily_start_times": {
                    "monday": "09:00:00",
                    "tuesday": "09:00:00",
                    "wednesday": "09:00:00",
                    "thursday": "09:00:00",
                    "friday": "09:00:00",
                    "saturday": "09:00:00",
                    "sunday": "09:00:00"
                },
                "never_work_masks": {
                    "monday": 8388609,
                    "tuesday": 8388609,
                    "wednesday": 8388609,
                    "thursday": 8388609,
                    "friday": 8388609,
                    "saturday": 8388609,
                    "sunday": 8388609
                },
                "always_work_masks": {
                    "monday": 0,
                    "tuesday": 0,
                    "wednesday": 0,
                    "thursday": 0,
                    "friday": 0,
                    "saturday": 0,
                    "sunday": 0
                }
            }
        },
        {
            "id": "Joint_W_Valideren aanvraag_0_COPY01c71a1e28timetable",
            "constraints": {
                "global_constraints": {
                    "max_weekly_cap": 82.0,
                    "max_daily_cap": 14.0,
                    "max_consecutive_cap": 14.0,
                    "max_shifts_day": 24,
                    "max_shifts_week": 82.0,
                    "is_human": true
                },
                "daily_start_times": {
                    "monday": "08:00:00",
                    "tuesday": "08:00:00",
                    "wednesday": "08:00:00",
                    "thursday": "08:00:00",
                    "friday": "08:00:00",
                    "saturday": "08:00:00",
                    "sunday": "08:00:00"
                },
                "never_work_masks": {
                    "monday": 8388609,
                    "tuesday": 8388609,
                    "wednesday": 8388609,
                    "thursday": 8388609,
                    "friday": 8388609,
                    "saturday": 8388609,
                    "sunday": 8388609
                },
                "always_work_masks": {
                    "monday": 0,
                    "tuesday": 0,
                    "wednesday": 0,
                    "thursday": 0,
                    "friday": 0,
                    "saturday": 0,
                    "sunday": 0
                }
            }
        },
        {
            "id": "Joint_W_Completeren aanvraag_0_COPY0d08b7d670_COPYb537881b54_COPY0aa75ae07btimetable",
            "constraints": {
                "global_constraints": {
                    "max_weekly_cap": 77.0,
                    "max_daily_cap": 14.0,
                    "max_consecutive_cap": 14.0,
                    "max_shifts_day": 24,
                    "max_shifts_week": 77.0,
                    "is_human": true
                },
                "daily_start_times": {
                    "monday": "09:00:00",
                    "tuesday": "09:00:00",
                    "wednesday": "09:00:00",
                    "thursday": "09:00:00",
                    "friday": "09:00:00",
                    "saturday": "09:00:00",
                    "sunday": "09:00:00"
                },
                "never_work_masks": {
                    "monday": 8388609,
                    "tuesday": 8388609,
                    "wednesday": 8388609,
                    "thursday": 8388609,
                    "friday": 8388609,
                    "saturday": 8388609,
                    "sunday": 8388609
                },
                "always_work_masks": {
                    "monday": 0,
                    "tuesday": 0,
                    "wednesday": 0,
                    "thursday": 0,
                    "friday": 0,
                    "saturday": 0,
                    "sunday": 0
                }
            }
        },
        {
            "id": "Joint_W_Completeren aanvraag_0_COPY0d08b7d670_COPYb537881b54_COPY0aa75ae07b_COPY114d1ca58ctimetable",
            "constraints": {
                "global_constraints": {
                    "max_weekly_cap": 77.0,
                    "max_daily_cap": 14.0,
                    "max_consecutive_cap": 14.0,
                    "max_shifts_day": 24,
                    "max_shifts_week": 77.0,
                    "is_human": true
                },
                "daily_start_times": {
                    "monday": "09:00:00",
                    "tuesday": "09:00:00",
                    "wednesday": "09:00:00",
                    "thursday": "09:00:00",
                    "friday": "09:00:00",
                    "saturday": "09:00:00",
                    "sunday": "09:00:00"
                },
                "never_work_masks": {
                    "monday": 8388609,
                    "tuesday": 8388609,
                    "wednesday": 8388609,
                    "thursday": 8388609,
                    "friday": 8388609,
                    "saturday": 8388609,
                    "sunday": 8388609
                },
                "always_work_masks": {
                    "monday": 0,
                    "tuesday": 0,
                    "wednesday": 0,
                    "thursday": 0,
                    "friday": 0,
                    "saturday": 0,
                    "sunday": 0
                }
            }
        },
        {
            "id": "Joint_W_Completeren aanvraag_0_COPY0d08b7d670_COPYb537881b54_COPYb795789818timetable",
            "constraints": {
                "global_constraints": {
                    "max_weekly_cap": 77.0,
                    "max_daily_cap": 14.0,
                    "max_consecutive_cap": 14.0,
                    "max_shifts_day": 24,
                    "max_shifts_week": 77.0,
                    "is_human": true
                },
                "daily_start_times": {
                    "monday": "09:00:00",
                    "tuesday": "09:00:00",
                    "wednesday": "09:00:00",
                    "thursday": "09:00:00",
                    "friday": "09:00:00",
                    "saturday": "09:00:00",
                    "sunday": "09:00:00"
                },
                "never_work_masks": {
                    "monday": 8388609,
                    "tuesday": 8388609,
                    "wednesday": 8388609,
                    "thursday": 8388609,
                    "friday": 8388609,
                    "saturday": 8388609,
                    "sunday": 8388609
                },
                "always_work_masks": {
                    "monday": 0,
                    "tuesday": 0,
                    "wednesday": 0,
                    "thursday": 0,
                    "friday": 0,
                    "saturday": 0,
                    "sunday": 0
                }
            }
        },
        {
            "id": "Joint_W_Nabellen incomplete dossiers_0_COPY21015953e4timetable",
            "constraints": {
                "global_constraints": {
                    "max_weekly_cap": 85.0,
                    "max_daily_cap": 15.0,
                    "max_consecutive_cap": 15.0,
                    "max_shifts_day": 24,
                    "max_shifts_week": 85.0,
                    "is_human": true
                },
                "daily_start_times": {
                    "monday": "08:00:00",
                    "tuesday": "08:00:00",
                    "wednesday": "08:00:00",
                    "thursday": "08:00:00",
                    "friday": "08:00:00",
                    "saturday": "08:00:00",
                    "sunday": "08:00:00"
                },
                "never_work_masks": {
                    "monday": 8388609,
                    "tuesday": 8388609,
                    "wednesday": 8388609,
                    "thursday": 8388609,
                    "friday": 8388609,
                    "saturday": 8388609,
                    "sunday": 8388609
                },
                "always_work_masks": {
                    "monday": 0,
                    "tuesday": 0,
                    "wednesday": 0,
                    "thursday": 0,
                    "friday": 0,
                    "saturday": 0,
                    "sunday": 0
                }
            }
        }
    ]
}