{
    "time_var": 60,
    "max_cap": 9999999999,
    "max_shift_size": 24,
    "max_shift_blocks": 24,
    "hours_in_day": 24,
    "resources": [
        {
            "id": "Joint_W_Complete application_0timetable",
            "constraints": {
                "global_constraints": {
                    "max_weekly_cap": 89.0,
                    "max_daily_cap": 16.0,
                    "max_consecutive_cap": 16.0,
                    "max_shifts_day": 24,
                    "max_shifts_week": 89.0,
                    "is_human": true
                },
                "daily_start_times": {
                    "monday": "05:00:00",
                    "tuesday": "05:00:00",
                    "wednesday": "05:00:00",
                    "thursday": "05:00:00",
                    "friday": "05:00:00",
                    "saturday": "05:00:00",
                    "sunday": "05:00:00"
                },
                "never_work_masks": {
                    "monday": 8388609,
                    "tuesday": 8388609,
                    "wednesday": 8388609,
                    "thursday": 8388609,
                    "friday": 8388609,
                    "saturday": 8388609,
                    "sunday": 8388609
                },
                "always_work_masks": {
                    "monday": 0,
                    "tuesday": 0,
                    "wednesday": 0,
                    "thursday": 0,
                    "friday": 0,
                    "saturday": 0,
                    "sunday": 0
                }
            }
        },
        {
            "id": "Joint_W_Complete application_3timetable",
            "constraints": {
                "global_constraints": {
                    "max_weekly_cap": 77.0,
                    "max_daily_cap": 13.0,
                    "max_consecutive_cap": 13.0,
                    "max_shifts_day": 24,
                    "max_shifts_week": 77.0,
                    "is_human": true
                },
                "daily_start_times": {
                    "monday": "07:00:00",
                    "tuesday": "07:00:00",
                    "wednesday": "07:00:00",
                    "thursday": "07:00:00",
                    "friday": "07:00:00",
                    "saturday": "07:00:00",
                    "sunday": "07:00:00"
                },
                "never_work_masks": {
                    "monday": 8388609,
                    "tuesday": 8388609,
                    "wednesday": 8388609,
                    "thursday": 8388609,
                    "friday": 8388609,
                    "saturday": 8388609,
                    "sunday": 8388609
                },
                "always_work_masks": {
                    "monday": 0,
                    "tuesday": 0,
                    "wednesday": 0,
                    "thursday": 0,
                    "friday": 0,
                    "saturday": 0,
                    "sunday": 0
                }
            }
        },
        {
            "id": "Joint_W_Handle leads_0timetable",
            "constraints": {
                "global_constraints": {
                    "max_weekly_cap": 84.0,
                    "max_daily_cap": 15.0,
                    "max_consecutive_cap": 15.0,
                    "max_shifts_day": 24,
                    "max_shifts_week": 84.0,
                    "is_human": true
                },
                "daily_start_times": {
                    "monday": "05:00:00",
                    "tuesday": "05:00:00",
                    "wednesday": "05:00:00",
                    "thursday": "05:00:00",
                    "friday": "05:00:00",
                    "saturday": "05:00:00",
                    "sunday": "05:00:00"
                },
                "never_work_masks": {
                    "monday": 8388609,
                    "tuesday": 8388609,
                    "wednesday": 8388609,
                    "thursday": 8388609,
                    "friday": 8388609,
                    "saturday": 8388609,
                    "sunday": 8388609
                },
                "always_work_masks": {
                    "monday": 0,
                    "tuesday": 0,
                    "wednesday": 0,
                    "thursday": 0,
                    "friday": 0,
                    "saturday": 0,
                    "sunday": 0
                }
            }
        },
        {
            "id": "Joint_W_Personal Loan collection_0timetable",
            "constraints": {
                "global_constraints": {
                    "max_weekly_cap": 8.0,
                    "max_daily_cap": 2.0,
                    "max_consecutive_cap": 1.0,
                    "max_shifts_day": 24,
                    "max_shifts_week": 8.0,
                    "is_human": true
                },
                "daily_start_times": {
                    "monday": "07:00:00",
                    "tuesday": "07:00:00",
                    "wednesday": "07:00:00",
                    "thursday": "07:00:00",
                    "friday": null,
                    "saturday": "07:00:00",
                    "sunday": null
                },
                "never_work_masks": {
                    "monday": 8388609,
                    "tuesday": 8388609,
                    "wednesday": 8388609,
                    "thursday": 8388609,
                    "friday": 16777215,
                    "saturday": 8388609,
                    "sunday": 16777215
                },
                "always_work_masks": {
                    "monday": 0,
                    "tuesday": 0,
                    "wednesday": 0,
                    "thursday": 0,
                    "friday": 0,
                    "saturday": 0,
                    "sunday": 0
                }
            }
        },
        {
            "id": "Joint_W_Call after offers_1_COPY29e7490c12_COPY6bff6b7b78timetable",
            "constraints": {
                "global_constraints": {
                    "max_weekly_cap": 81.0,
                    "max_daily_cap": 15.0,
                    "max_consecutive_cap": 15.0,
                    "max_shifts_day": 24,
                    "max_shifts_week": 81.0,
                    "is_human": true
                },
                "daily_start_times": {
                    "monday": "06:00:00",
                    "tuesday": "06:00:00",
                    "wednesday": "06:00:00",
                    "thursday": "06:00:00",
                    "friday": "06:00:00",
                    "saturday": "06:00:00",
                    "sunday": "06:00:00"
                },
                "never_work_masks": {
                    "monday": 8388609,
                    "tuesday": 8388609,
                    "wednesday": 8388609,
                    "thursday": 8388609,
                    "friday": 8388609,
                    "saturday": 8388609,
                    "sunday": 8388609
                },
                "always_work_masks": {
                    "monday": 0,
                    "tuesday": 0,
                    "wednesday": 0,
                    "thursday": 0,
                    "friday": 0,
                    "saturday": 0,
                    "sunday": 0
                }
            }
        },
        {
            "id": "Joint_W_Call incomplete files_0_COPYfac3059983timetable",
            "constraints": {
                "global_constraints": {
                    "max_weekly_cap": 102.0,
                    "max_daily_cap": 16.0,
                    "max_consecutive_cap": 16.0,
                    "max_shifts_day": 24,
                    "max_shifts_week": 102.0,
                    "is_human": true
                },
                "daily_start_times": {
                    "monday": "05:00:00",
                    "tuesday": "05:00:00",
                    "wednesday": "05:00:00",
                    "thursday": "05:00:00",
                    "friday": "05:00:00",
                    "saturday": "05:00:00",
                    "sunday": "05:00:00"
                },
                "never_work_masks": {
                    "monday": 8388609,
                    "tuesday": 8388609,
                    "wednesday": 8388609,
                    "thursday": 8388609,
                    "friday": 8388609,
                    "saturday": 8388609,
                    "sunday": 8388609
                },
                "always_work_masks": {
                    "monday": 0,
                    "tuesday": 0,
                    "wednesday": 0,
                    "thursday": 0,
                    "friday": 0,
                    "saturday": 0,
                    "sunday": 0
                }
            }
        },
        {
            "id": "Joint_W_Assess potential fraud_1_COPY3748aba570timetable",
            "constraints": {
                "global_constraints": {
                    "max_weekly_cap": 46.0,
                    "max_daily_cap": 11.0,
                    "max_consecutive_cap": 11.0,
                    "max_shifts_day": 24,
                    "max_shifts_week": 46.0,
                    "is_human": true
                },
                "daily_start_times": {
                    "monday": "05:00:00",
                    "tuesday": "05:00:00",
                    "wednesday": "05:00:00",
                    "thursday": "05:00:00",
                    "friday": "05:00:00",
                    "saturday": null,
                    "sunday": null
                },
                "never_work_masks": {
                    "monday": 8388609,
                    "tuesday": 8388609,
                    "wednesday": 8388609,
                    "thursday": 8388609,
                    "friday": 8388609,
                    "saturday": 16777215,
                    "sunday": 16777215
                },
                "always_work_masks": {
                    "monday": 0,
                    "tuesday": 0,
                    "wednesday": 0,
                    "thursday": 0,
                    "friday": 0,
                    "saturday": 0,
                    "sunday": 0
                }
            }
        },
        {
            "id": "Joint_W_Call after offers_2_COPY18d9cc08a4timetable",
            "constraints": {
                "global_constraints": {
                    "max_weekly_cap": 78.0,
                    "max_daily_cap": 13.0,
                    "max_consecutive_cap": 13.0,
                    "max_shifts_day": 24,
                    "max_shifts_week": 78.0,
                    "is_human": true
                },
                "daily_start_times": {
                    "monday": "07:00:00",
                    "tuesday": "07:00:00",
                    "wednesday": "07:00:00",
                    "thursday": "07:00:00",
                    "friday": "07:00:00",
                    "saturday": "07:00:00",
                    "sunday": "07:00:00"
                },
                "never_work_masks": {
                    "monday": 8388609,
                    "tuesday": 8388609,
                    "wednesday": 8388609,
                    "thursday": 8388609,
                    "friday": 8388609,
                    "saturday": 8388609,
                    "sunday": 8388609
                },
                "always_work_masks": {
                    "monday": 0,
                    "tuesday": 0,
                    "wednesday": 0,
                    "thursday": 0,
                    "friday": 0,
                    "saturday": 0,
                    "sunday": 0
                }
            }
        },
        {
            "id": "Joint_W_Call after offers_1_COPY29e7490c12_COPY6bff6b7b78_COPY355afb9bb5timetable",
            "constraints": {
                "global_constraints": {
                    "max_weekly_cap": 81.0,
                    "max_daily_cap": 15.0,
                    "max_consecutive_cap": 15.0,
                    "max_shifts_day": 24,
                    "max_shifts_week": 81.0,
                    "is_human": true
                },
                "daily_start_times": {
                    "monday": "06:00:00",
                    "tuesday": "06:00:00",
                    "wednesday": "06:00:00",
                    "thursday": "06:00:00",
                    "friday": "06:00:00",
                    "saturday": "06:00:00",
                    "sunday": "06:00:00"
                },
                "never_work_masks": {
                    "monday": 8388609,
                    "tuesday": 8388609,
                    "wednesday": 8388609,
                    "thursday": 8388609,
                    "friday": 8388609,
                    "saturday": 8388609,
                    "sunday": 8388609
                },
                "always_work_masks": {
                    "monday": 0,
                    "tuesday": 0,
                    "wednesday": 0,
                    "thursday": 0,
                    "friday": 0,
                    "saturday": 0,
                    "sunday": 0
                }
            }
        },
        {
            "id": "Joint_W_Call after offers_1_COPY29e7490c12_COPY6bff6b7b78_COPY9e6b4b4885timetable",
            "constraints": {
                "global_constraints": {
                    "max_weekly_cap": 81.0,
                    "max_daily_cap": 15.0,
                    "max_consecutive_cap": 15.0,
                    "max_shifts_day": 24,
                    "max_shifts_week": 81.0,
                    "is_human": true
                },
                "daily_start_times": {
                    "monday": "06:00:00",
                    "tuesday": "06:00:00",
                    "wednesday": "06:00:00",
                    "thursday": "06:00:00",
                    "friday": "06:00:00",
                    "saturday": "06:00:00",
                    "sunday": "06:00:00"
                },
                "never_work_masks": {
                    "monday": 8388609,
                    "tuesday": 8388609,
                    "wednesday": 8388609,
                    "thursday": 8388609,
                    "friday": 8388609,
                    "saturday": 8388609,
                    "sunday": 8388609
                },
                "always_work_masks": {
                    "monday": 0,
                    "tuesday": 0,
                    "wednesday": 0,
                    "thursday": 0,
                    "friday": 0,
                    "saturday": 0,
                    "sunday": 0
                }
            }
        },
        {
            "id": "Joint_W_Validate application_0_COPYe7848a75df_COPY298fa8e08etimetable",
            "constraints": {
                "global_constraints": {
                    "max_weekly_cap": 101.0,
                    "max_daily_cap": 16.0,
                    "max_consecutive_cap": 16.0,
                    "max_shifts_day": 24,
                    "max_shifts_week": 101.0,
                    "is_human": true
                },
                "daily_start_times": {
                    "monday": "04:00:00",
                    "tuesday": "04:00:00",
                    "wednesday": "04:00:00",
                    "thursday": "04:00:00",
                    "friday": "04:00:00",
                    "saturday": "04:00:00",
                    "sunday": "04:00:00"
                },
                "never_work_masks": {
                    "monday": 8388609,
                    "tuesday": 8388609,
                    "wednesday": 8388609,
                    "thursday": 8388609,
                    "friday": 8388609,
                    "saturday": 8388609,
                    "sunday": 8388609
                },
                "always_work_masks": {
                    "monday": 0,
                    "tuesday": 0,
                    "wednesday": 0,
                    "thursday": 0,
                    "friday": 0,
                    "saturday": 0,
                    "sunday": 0
                }
            }
        },
        {
            "id": "Joint_W_Shortened completion_0_COPYbb1caf3525timetable",
            "constraints": {
                "global_constraints": {
                    "max_weekly_cap": 29.0,
                    "max_daily_cap": 8.0,
                    "max_consecutive_cap": 7.0,
                    "max_shifts_day": 24,
                    "max_shifts_week": 29.0,
                    "is_human": true
                },
                "daily_start_times": {
                    "monday": "07:00:00",
                    "tuesday": "07:00:00",
                    "wednesday": "07:00:00",
                    "thursday": "07:00:00",
                    "friday": "07:00:00",
                    "saturday": "07:00:00",
                    "sunday": null
                },
                "never_work_masks": {
                    "monday": 8388609,
                    "tuesday": 8388609,
                    "wednesday": 8388609,
                    "thursday": 8388609,
                    "friday": 8388609,
                    "saturday": 8388609,
                    "sunday": 16777215
                },
                "always_work_masks": {
                    "monday": 0,
                    "tuesday": 0,
                    "wednesday": 0,
                    "thursday": 0,
                    "friday": 0,
                    "saturday": 0,
                    "sunday": 0
                }
            }
        },
        {
            "id": "Joint_W_Call after offers_1_COPY29e7490c12_COPY6bff6b7b78_COPY8a61d33046timetable",
            "constraints": {
                "global_constraints": {
                    "max_weekly_cap": 81.0,
                    "max_daily_cap": 15.0,
                    "max_consecutive_cap": 15.0,
                    "max_shifts_day": 24,
                    "max_shifts_week": 81.0,
                    "is_human": true
                },
                "daily_start_times": {
                    "monday": "06:00:00",
                    "tuesday": "06:00:00",
                    "wednesday": "06:00:00",
                    "thursday": "06:00:00",
                    "friday": "06:00:00",
                    "saturday": "06:00:00",
                    "sunday": "06:00:00"
                },
                "never_work_masks": {
                    "monday": 8388609,
                    "tuesday": 8388609,
                    "wednesday": 8388609,
                    "thursday": 8388609,
                    "friday": 8388609,
                    "saturday": 8388609,
                    "sunday": 8388609
                },
                "always_work_masks": {
                    "monday": 0,
                    "tuesday": 0,
                    "wednesday": 0,
                    "thursday": 0,
                    "friday": 0,
                    "saturday": 0,
                    "sunday": 0
                }
            }
        },
        {
            "id": "Joint_W_Complete application_0_COPY173c975c81timetable",
            "constraints": {
                "global_constraints": {
                    "max_weekly_cap": 89.0,
                    "max_daily_cap": 16.0,
                    "max_consecutive_cap": 16.0,
                    "max_shifts_day": 24,
                    "max_shifts_week": 89.0,
                    "is_human": true
                },
                "daily_start_times": {
                    "monday": "05:00:00",
                    "tuesday": "05:00:00",
                    "wednesday": "05:00:00",
                    "thursday": "05:00:00",
                    "friday": "05:00:00",
                    "saturday": "05:00:00",
                    "sunday": "05:00:00"
                },
                "never_work_masks": {
                    "monday": 8388609,
                    "tuesday": 8388609,
                    "wednesday": 8388609,
                    "thursday": 8388609,
                    "friday": 8388609,
                    "saturday": 8388609,
                    "sunday": 8388609
                },
                "always_work_masks": {
                    "monday": 0,
                    "tuesday": 0,
                    "wednesday": 0,
                    "thursday": 0,
                    "friday": 0,
                    "saturday": 0,
                    "sunday": 0
                }
            }
        }
    ]
}