{
    "time_var": 60,
    "max_cap": 9999999999,
    "max_shift_size": 24,
    "max_shift_blocks": 24,
    "hours_in_day": 24,
    "resources": [
        {
            "id": "Miu Hanwantimetable",
            "constraints": {
                "global_constraints": {
                    "max_weekly_cap": 121.0,
                    "max_daily_cap": 21.0,
                    "max_consecutive_cap": 13.0,
                    "max_shifts_day": 24,
                    "max_shifts_week": 121.0,
                    "is_human": true
                },
                "daily_start_times": {
                    "monday": "00:00:00",
                    "tuesday": "00:00:00",
                    "wednesday": "00:00:00",
                    "thursday": "00:00:00",
                    "friday": "00:00:00",
                    "saturday": "00:00:00",
                    "sunday": "00:00:00"
                },
                "never_work_masks": {
                    "monday": 8388609,
                    "tuesday": 8388609,
                    "wednesday": 8388609,
                    "thursday": 8388609,
                    "friday": 8388609,
                    "saturday": 8388609,
                    "sunday": 8388609
                },
                "always_work_masks": {
                    "monday": 0,
                    "tuesday": 0,
                    "wednesday": 0,
                    "thursday": 0,
                    "friday": 0,
                    "saturday": 0,
                    "sunday": 0
                }
            }
        },
        {
            "id": "Karel de Groottimetable",
            "constraints": {
                "global_constraints": {
                    "max_weekly_cap": 151.0,
                    "max_daily_cap": 23.0,
                    "max_consecutive_cap": 23.0,
                    "max_shifts_day": 24,
                    "max_shifts_week": 151.0,
                    "is_human": true
                },
                "daily_start_times": {
                    "monday": "00:00:00",
                    "tuesday": "00:00:00",
                    "wednesday": "00:00:00",
                    "thursday": "00:00:00",
                    "friday": "00:00:00",
                    "saturday": "00:00:00",
                    "sunday": "00:00:00"
                },
                "never_work_masks": {
                    "monday": 8388609,
                    "tuesday": 8388609,
                    "wednesday": 8388609,
                    "thursday": 8388609,
                    "friday": 8388609,
                    "saturday": 8388609,
                    "sunday": 8388609
                },
                "always_work_masks": {
                    "monday": 0,
                    "tuesday": 0,
                    "wednesday": 0,
                    "thursday": 0,
                    "friday": 0,
                    "saturday": 0,
                    "sunday": 0
                }
            }
        },
        {
            "id": "Magdalena Preduttatimetable",
            "constraints": {
                "global_constraints": {
                    "max_weekly_cap": 143.0,
                    "max_daily_cap": 22.0,
                    "max_consecutive_cap": 20.0,
                    "max_shifts_day": 24,
                    "max_shifts_week": 143.0,
                    "is_human": true
                },
                "daily_start_times": {
                    "monday": "00:00:00",
                    "tuesday": "00:00:00",
                    "wednesday": "00:00:00",
                    "thursday": "00:00:00",
                    "friday": "00:00:00",
                    "saturday": "00:00:00",
                    "sunday": "00:00:00"
                },
                "never_work_masks": {
                    "monday": 8388609,
                    "tuesday": 8388609,
                    "wednesday": 8388609,
                    "thursday": 8388609,
                    "friday": 8388609,
                    "saturday": 8388609,
                    "sunday": 8388609
                },
                "always_work_masks": {
                    "monday": 0,
                    "tuesday": 0,
                    "wednesday": 0,
                    "thursday": 0,
                    "friday": 0,
                    "saturday": 0,
                    "sunday": 0
                }
            }
        },
        {
            "id": "Sean Manneytimetable",
            "constraints": {
                "global_constraints": {
                    "max_weekly_cap": 91.0,
                    "max_daily_cap": 14.0,
                    "max_consecutive_cap": 8.0,
                    "max_shifts_day": 24,
                    "max_shifts_week": 91.0,
                    "is_human": true
                },
                "daily_start_times": {
                    "monday": "00:00:00",
                    "tuesday": "00:00:00",
                    "wednesday": "00:00:00",
                    "thursday": "00:00:00",
                    "friday": "00:00:00",
                    "saturday": "00:00:00",
                    "sunday": "00:00:00"
                },
                "never_work_masks": {
                    "monday": 8388609,
                    "tuesday": 8388609,
                    "wednesday": 8388609,
                    "thursday": 8388609,
                    "friday": 8388609,
                    "saturday": 8388609,
                    "sunday": 8388609
                },
                "always_work_masks": {
                    "monday": 0,
                    "tuesday": 0,
                    "wednesday": 0,
                    "thursday": 0,
                    "friday": 0,
                    "saturday": 0,
                    "sunday": 0
                }
            }
        },
        {
            "id": "Karen Clarenstimetable",
            "constraints": {
                "global_constraints": {
                    "max_weekly_cap": 84.0,
                    "max_daily_cap": 15.0,
                    "max_consecutive_cap": 6.0,
                    "max_shifts_day": 24,
                    "max_shifts_week": 84.0,
                    "is_human": true
                },
                "daily_start_times": {
                    "monday": "00:00:00",
                    "tuesday": "00:00:00",
                    "wednesday": "00:00:00",
                    "thursday": "00:00:00",
                    "friday": "00:00:00",
                    "saturday": "00:00:00",
                    "sunday": "00:00:00"
                },
                "never_work_masks": {
                    "monday": 8388609,
                    "tuesday": 8388609,
                    "wednesday": 8388609,
                    "thursday": 8388609,
                    "friday": 8388609,
                    "saturday": 8388609,
                    "sunday": 8388609
                },
                "always_work_masks": {
                    "monday": 0,
                    "tuesday": 0,
                    "wednesday": 0,
                    "thursday": 0,
                    "friday": 0,
                    "saturday": 0,
                    "sunday": 0
                }
            }
        },
        {
            "id": "Esmeralda Claytimetable",
            "constraints": {
                "global_constraints": {
                    "max_weekly_cap": 76.0,
                    "max_daily_cap": 12.0,
                    "max_consecutive_cap": 7.0,
                    "max_shifts_day": 24,
                    "max_shifts_week": 76.0,
                    "is_human": true
                },
                "daily_start_times": {
                    "monday": "00:00:00",
                    "tuesday": "00:00:00",
                    "wednesday": "00:00:00",
                    "thursday": "00:00:00",
                    "friday": "00:00:00",
                    "saturday": "00:00:00",
                    "sunday": "00:00:00"
                },
                "never_work_masks": {
                    "monday": 8388609,
                    "tuesday": 8388609,
                    "wednesday": 8388609,
                    "thursday": 8388609,
                    "friday": 8388609,
                    "saturday": 8388609,
                    "sunday": 8388609
                },
                "always_work_masks": {
                    "monday": 0,
                    "tuesday": 0,
                    "wednesday": 0,
                    "thursday": 0,
                    "friday": 0,
                    "saturday": 0,
                    "sunday": 0
                }
            }
        },
        {
            "id": "Karalda Nimwadatimetable",
            "constraints": {
                "global_constraints": {
                    "max_weekly_cap": 108.0,
                    "max_daily_cap": 19.0,
                    "max_consecutive_cap": 15.0,
                    "max_shifts_day": 24,
                    "max_shifts_week": 108.0,
                    "is_human": true
                },
                "daily_start_times": {
                    "monday": "00:00:00",
                    "tuesday": "00:00:00",
                    "wednesday": "00:00:00",
                    "thursday": "00:00:00",
                    "friday": "00:00:00",
                    "saturday": "00:00:00",
                    "sunday": "00:00:00"
                },
                "never_work_masks": {
                    "monday": 8388609,
                    "tuesday": 8388609,
                    "wednesday": 8388609,
                    "thursday": 8388609,
                    "friday": 8388609,
                    "saturday": 8388609,
                    "sunday": 8388609
                },
                "always_work_masks": {
                    "monday": 0,
                    "tuesday": 0,
                    "wednesday": 0,
                    "thursday": 0,
                    "friday": 0,
                    "saturday": 0,
                    "sunday": 0
                }
            }
        },
        {
            "id": "Maris Freemantimetable",
            "constraints": {
                "global_constraints": {
                    "max_weekly_cap": 95.0,
                    "max_daily_cap": 17.0,
                    "max_consecutive_cap": 8.0,
                    "max_shifts_day": 24,
                    "max_shifts_week": 95.0,
                    "is_human": true
                },
                "daily_start_times": {
                    "monday": "00:00:00",
                    "tuesday": "00:00:00",
                    "wednesday": "00:00:00",
                    "thursday": "00:00:00",
                    "friday": "00:00:00",
                    "saturday": "00:00:00",
                    "sunday": "00:00:00"
                },
                "never_work_masks": {
                    "monday": 8388609,
                    "tuesday": 8388609,
                    "wednesday": 8388609,
                    "thursday": 8388609,
                    "friday": 8388609,
                    "saturday": 8388609,
                    "sunday": 8388609
                },
                "always_work_masks": {
                    "monday": 0,
                    "tuesday": 0,
                    "wednesday": 0,
                    "thursday": 0,
                    "friday": 0,
                    "saturday": 0,
                    "sunday": 0
                }
            }
        }
    ]
}