{
    "time_var": 60,
    "max_cap": 9999999999,
    "max_shift_size": 24,
    "max_shift_blocks": 24,
    "hours_in_day": 24,
    "resources": [
        {
            "id": "Starttimetable",
            "constraints": {
                "global_constraints": {
                    "max_weekly_cap": 61.0,
                    "max_daily_cap": 15.0,
                    "max_consecutive_cap": 7.0,
                    "max_shifts_day": 24,
                    "max_shifts_week": 61.0,
                    "is_human": true
                },
                "daily_start_times": {
                    "monday": "01:00:00",
                    "tuesday": "01:00:00",
                    "wednesday": "01:00:00",
                    "thursday": "01:00:00",
                    "friday": "01:00:00",
                    "saturday": null,
                    "sunday": "01:00:00"
                },
                "never_work_masks": {
                    "monday": 8388609,
                    "tuesday": 8388609,
                    "wednesday": 8388609,
                    "thursday": 8388609,
                    "friday": 8388609,
                    "saturday": 16777215,
                    "sunday": 8388609
                },
                "always_work_masks": {
                    "monday": 0,
                    "tuesday": 0,
                    "wednesday": 0,
                    "thursday": 0,
                    "friday": 0,
                    "saturday": 0,
                    "sunday": 0
                }
            }
        },
        {
            "id": "Joint_Turning & Milling Q.C._1timetable",
            "constraints": {
                "global_constraints": {
                    "max_weekly_cap": 63.0,
                    "max_daily_cap": 13.0,
                    "max_consecutive_cap": 11.0,
                    "max_shifts_day": 24,
                    "max_shifts_week": 63.0,
                    "is_human": true
                },
                "daily_start_times": {
                    "monday": "05:00:00",
                    "tuesday": "05:00:00",
                    "wednesday": "05:00:00",
                    "thursday": "05:00:00",
                    "friday": "05:00:00",
                    "saturday": null,
                    "sunday": "05:00:00"
                },
                "never_work_masks": {
                    "monday": 8388609,
                    "tuesday": 8388609,
                    "wednesday": 8388609,
                    "thursday": 8388609,
                    "friday": 8388609,
                    "saturday": 16777215,
                    "sunday": 8388609
                },
                "always_work_masks": {
                    "monday": 0,
                    "tuesday": 0,
                    "wednesday": 0,
                    "thursday": 0,
                    "friday": 0,
                    "saturday": 0,
                    "sunday": 0
                }
            }
        },
        {
            "id": "Joint_Turning & Milling Q.C._2timetable",
            "constraints": {
                "global_constraints": {
                    "max_weekly_cap": 45.0,
                    "max_daily_cap": 11.0,
                    "max_consecutive_cap": 6.0,
                    "max_shifts_day": 24,
                    "max_shifts_week": 45.0,
                    "is_human": true
                },
                "daily_start_times": {
                    "monday": "05:00:00",
                    "tuesday": "05:00:00",
                    "wednesday": "05:00:00",
                    "thursday": "05:00:00",
                    "friday": "05:00:00",
                    "saturday": null,
                    "sunday": "05:00:00"
                },
                "never_work_masks": {
                    "monday": 8388609,
                    "tuesday": 8388609,
                    "wednesday": 8388609,
                    "thursday": 8388609,
                    "friday": 8388609,
                    "saturday": 16777215,
                    "sunday": 8388609
                },
                "always_work_masks": {
                    "monday": 0,
                    "tuesday": 0,
                    "wednesday": 0,
                    "thursday": 0,
                    "friday": 0,
                    "saturday": 0,
                    "sunday": 0
                }
            }
        },
        {
            "id": "ID0998timetable",
            "constraints": {
                "global_constraints": {
                    "max_weekly_cap": 55.0,
                    "max_daily_cap": 10.0,
                    "max_consecutive_cap": 9.0,
                    "max_shifts_day": 24,
                    "max_shifts_week": 55.0,
                    "is_human": true
                },
                "daily_start_times": {
                    "monday": "05:00:00",
                    "tuesday": "05:00:00",
                    "wednesday": "05:00:00",
                    "thursday": "05:00:00",
                    "friday": "05:00:00",
                    "saturday": null,
                    "sunday": "05:00:00"
                },
                "never_work_masks": {
                    "monday": 8388609,
                    "tuesday": 8388609,
                    "wednesday": 8388609,
                    "thursday": 8388609,
                    "friday": 8388609,
                    "saturday": 16777215,
                    "sunday": 8388609
                },
                "always_work_masks": {
                    "monday": 0,
                    "tuesday": 0,
                    "wednesday": 0,
                    "thursday": 0,
                    "friday": 0,
                    "saturday": 0,
                    "sunday": 0
                }
            }
        },
        {
            "id": "Joint_Final Inspection Q.C._0timetable",
            "constraints": {
                "global_constraints": {
                    "max_weekly_cap": 56.0,
                    "max_daily_cap": 11.0,
                    "max_consecutive_cap": 11.0,
                    "max_shifts_day": 24,
                    "max_shifts_week": 56.0,
                    "is_human": true
                },
                "daily_start_times": {
                    "monday": "11:00:00",
                    "tuesday": "11:00:00",
                    "wednesday": "11:00:00",
                    "thursday": "11:00:00",
                    "friday": "11:00:00",
                    "saturday": null,
                    "sunday": "11:00:00"
                },
                "never_work_masks": {
                    "monday": 8388609,
                    "tuesday": 8388609,
                    "wednesday": 8388609,
                    "thursday": 8388609,
                    "friday": 8388609,
                    "saturday": 16777215,
                    "sunday": 8388609
                },
                "always_work_masks": {
                    "monday": 0,
                    "tuesday": 0,
                    "wednesday": 0,
                    "thursday": 0,
                    "friday": 0,
                    "saturday": 0,
                    "sunday": 0
                }
            }
        },
        {
            "id": "Joint_Final Inspection Q.C._2timetable",
            "constraints": {
                "global_constraints": {
                    "max_weekly_cap": 42.0,
                    "max_daily_cap": 9.0,
                    "max_consecutive_cap": 7.0,
                    "max_shifts_day": 24,
                    "max_shifts_week": 42.0,
                    "is_human": true
                },
                "daily_start_times": {
                    "monday": "12:00:00",
                    "tuesday": "12:00:00",
                    "wednesday": "12:00:00",
                    "thursday": "12:00:00",
                    "friday": "12:00:00",
                    "saturday": null,
                    "sunday": "12:00:00"
                },
                "never_work_masks": {
                    "monday": 8388609,
                    "tuesday": 8388609,
                    "wednesday": 8388609,
                    "thursday": 8388609,
                    "friday": 8388609,
                    "saturday": 16777215,
                    "sunday": 8388609
                },
                "always_work_masks": {
                    "monday": 0,
                    "tuesday": 0,
                    "wednesday": 0,
                    "thursday": 0,
                    "friday": 0,
                    "saturday": 0,
                    "sunday": 0
                }
            }
        },
        {
            "id": "ID4820timetable",
            "constraints": {
                "global_constraints": {
                    "max_weekly_cap": 12.0,
                    "max_daily_cap": 2.0,
                    "max_consecutive_cap": 2.0,
                    "max_shifts_day": 24,
                    "max_shifts_week": 12.0,
                    "is_human": true
                },
                "daily_start_times": {
                    "monday": "05:00:00",
                    "tuesday": "05:00:00",
                    "wednesday": "05:00:00",
                    "thursday": "05:00:00",
                    "friday": "05:00:00",
                    "saturday": null,
                    "sunday": "05:00:00"
                },
                "never_work_masks": {
                    "monday": 8388609,
                    "tuesday": 8388609,
                    "wednesday": 8388609,
                    "thursday": 8388609,
                    "friday": 8388609,
                    "saturday": 16777215,
                    "sunday": 8388609
                },
                "always_work_masks": {
                    "monday": 0,
                    "tuesday": 0,
                    "wednesday": 0,
                    "thursday": 0,
                    "friday": 0,
                    "saturday": 0,
                    "sunday": 0
                }
            }
        },
        {
            "id": "Joint_Packing_0timetable",
            "constraints": {
                "global_constraints": {
                    "max_weekly_cap": 12.0,
                    "max_daily_cap": 4.0,
                    "max_consecutive_cap": 2.0,
                    "max_shifts_day": 24,
                    "max_shifts_week": 12.0,
                    "is_human": true
                },
                "daily_start_times": {
                    "monday": "05:00:00",
                    "tuesday": "05:00:00",
                    "wednesday": null,
                    "thursday": "05:00:00",
                    "friday": "05:00:00",
                    "saturday": null,
                    "sunday": "05:00:00"
                },
                "never_work_masks": {
                    "monday": 8388609,
                    "tuesday": 8388609,
                    "wednesday": 16777215,
                    "thursday": 8388609,
                    "friday": 8388609,
                    "saturday": 16777215,
                    "sunday": 8388609
                },
                "always_work_masks": {
                    "monday": 0,
                    "tuesday": 0,
                    "wednesday": 0,
                    "thursday": 0,
                    "friday": 0,
                    "saturday": 0,
                    "sunday": 0
                }
            }
        },
        {
            "id": "Endtimetable",
            "constraints": {
                "global_constraints": {
                    "max_weekly_cap": 48.0,
                    "max_daily_cap": 11.0,
                    "max_consecutive_cap": 10.0,
                    "max_shifts_day": 24,
                    "max_shifts_week": 48.0,
                    "is_human": true
                },
                "daily_start_times": {
                    "monday": "06:00:00",
                    "tuesday": "06:00:00",
                    "wednesday": "06:00:00",
                    "thursday": "06:00:00",
                    "friday": "06:00:00",
                    "saturday": "06:00:00",
                    "sunday": "06:00:00"
                },
                "never_work_masks": {
                    "monday": 8388609,
                    "tuesday": 8388609,
                    "wednesday": 8388609,
                    "thursday": 8388609,
                    "friday": 8388609,
                    "saturday": 8388609,
                    "sunday": 8388609
                },
                "always_work_masks": {
                    "monday": 0,
                    "tuesday": 0,
                    "wednesday": 0,
                    "thursday": 0,
                    "friday": 0,
                    "saturday": 0,
                    "sunday": 0
                }
            }
        },
        {
            "id": "Joint_Turning Q.C._0timetable",
            "constraints": {
                "global_constraints": {
                    "max_weekly_cap": 39.0,
                    "max_daily_cap": 8.0,
                    "max_consecutive_cap": 6.0,
                    "max_shifts_day": 24,
                    "max_shifts_week": 39.0,
                    "is_human": true
                },
                "daily_start_times": {
                    "monday": "05:00:00",
                    "tuesday": "05:00:00",
                    "wednesday": "05:00:00",
                    "thursday": "05:00:00",
                    "friday": "05:00:00",
                    "saturday": null,
                    "sunday": "05:00:00"
                },
                "never_work_masks": {
                    "monday": 8388609,
                    "tuesday": 8388609,
                    "wednesday": 8388609,
                    "thursday": 8388609,
                    "friday": 8388609,
                    "saturday": 16777215,
                    "sunday": 8388609
                },
                "always_work_masks": {
                    "monday": 0,
                    "tuesday": 0,
                    "wednesday": 0,
                    "thursday": 0,
                    "friday": 0,
                    "saturday": 0,
                    "sunday": 0
                }
            }
        },
        {
            "id": "Joint_Grinding Rework_0timetable",
            "constraints": {
                "global_constraints": {
                    "max_weekly_cap": 61.0,
                    "max_daily_cap": 13.0,
                    "max_consecutive_cap": 9.0,
                    "max_shifts_day": 24,
                    "max_shifts_week": 61.0,
                    "is_human": true
                },
                "daily_start_times": {
                    "monday": "01:00:00",
                    "tuesday": "01:00:00",
                    "wednesday": "01:00:00",
                    "thursday": "01:00:00",
                    "friday": "01:00:00",
                    "saturday": null,
                    "sunday": "01:00:00"
                },
                "never_work_masks": {
                    "monday": 8388609,
                    "tuesday": 8388609,
                    "wednesday": 8388609,
                    "thursday": 8388609,
                    "friday": 8388609,
                    "saturday": 16777215,
                    "sunday": 8388609
                },
                "always_work_masks": {
                    "monday": 0,
                    "tuesday": 0,
                    "wednesday": 0,
                    "thursday": 0,
                    "friday": 0,
                    "saturday": 0,
                    "sunday": 0
                }
            }
        },
        {
            "id": "Joint_Setup_0timetable",
            "constraints": {
                "global_constraints": {
                    "max_weekly_cap": 1.0,
                    "max_daily_cap": 1.0,
                    "max_consecutive_cap": 1.0,
                    "max_shifts_day": 24,
                    "max_shifts_week": 1.0,
                    "is_human": true
                },
                "daily_start_times": {
                    "monday": "01:00:00",
                    "tuesday": null,
                    "wednesday": "01:00:00",
                    "thursday": null,
                    "friday": null,
                    "saturday": null,
                    "sunday": null
                },
                "never_work_masks": {
                    "monday": 8388609,
                    "tuesday": 16777215,
                    "wednesday": 8388609,
                    "thursday": 16777215,
                    "friday": 16777215,
                    "saturday": 16777215,
                    "sunday": 16777215
                },
                "always_work_masks": {
                    "monday": 0,
                    "tuesday": 0,
                    "wednesday": 0,
                    "thursday": 0,
                    "friday": 0,
                    "saturday": 0,
                    "sunday": 0
                }
            }
        },
        {
            "id": "Joint_Turning_0timetable",
            "constraints": {
                "global_constraints": {
                    "max_weekly_cap": 74.0,
                    "max_daily_cap": 15.0,
                    "max_consecutive_cap": 7.0,
                    "max_shifts_day": 24,
                    "max_shifts_week": 74.0,
                    "is_human": true
                },
                "daily_start_times": {
                    "monday": "01:00:00",
                    "tuesday": "01:00:00",
                    "wednesday": "01:00:00",
                    "thursday": "01:00:00",
                    "friday": "01:00:00",
                    "saturday": "01:00:00",
                    "sunday": "01:00:00"
                },
                "never_work_masks": {
                    "monday": 8388609,
                    "tuesday": 8388609,
                    "wednesday": 8388609,
                    "thursday": 8388609,
                    "friday": 8388609,
                    "saturday": 8388609,
                    "sunday": 8388609
                },
                "always_work_masks": {
                    "monday": 0,
                    "tuesday": 0,
                    "wednesday": 0,
                    "thursday": 0,
                    "friday": 0,
                    "saturday": 0,
                    "sunday": 0
                }
            }
        },
        {
            "id": "Joint_SETUP     Turning & Milling_0timetable",
            "constraints": {
                "global_constraints": {
                    "max_weekly_cap": 6.0,
                    "max_daily_cap": 4.0,
                    "max_consecutive_cap": 1.0,
                    "max_shifts_day": 24,
                    "max_shifts_week": 6.0,
                    "is_human": true
                },
                "daily_start_times": {
                    "monday": null,
                    "tuesday": null,
                    "wednesday": "06:00:00",
                    "thursday": "06:00:00",
                    "friday": null,
                    "saturday": null,
                    "sunday": null
                },
                "never_work_masks": {
                    "monday": 16777215,
                    "tuesday": 16777215,
                    "wednesday": 8388609,
                    "thursday": 8388609,
                    "friday": 16777215,
                    "saturday": 16777215,
                    "sunday": 16777215
                },
                "always_work_masks": {
                    "monday": 0,
                    "tuesday": 0,
                    "wednesday": 0,
                    "thursday": 0,
                    "friday": 0,
                    "saturday": 0,
                    "sunday": 0
                }
            }
        },
        {
            "id": "Joint_Final Inspection_0timetable",
            "constraints": {
                "global_constraints": {
                    "max_weekly_cap": 2.0,
                    "max_daily_cap": 2.0,
                    "max_consecutive_cap": 1.0,
                    "max_shifts_day": 24,
                    "max_shifts_week": 2.0,
                    "is_human": true
                },
                "daily_start_times": {
                    "monday": null,
                    "tuesday": null,
                    "wednesday": null,
                    "thursday": "14:00:00",
                    "friday": null,
                    "saturday": null,
                    "sunday": null
                },
                "never_work_masks": {
                    "monday": 16777215,
                    "tuesday": 16777215,
                    "wednesday": 16777215,
                    "thursday": 8388609,
                    "friday": 16777215,
                    "saturday": 16777215,
                    "sunday": 16777215
                },
                "always_work_masks": {
                    "monday": 0,
                    "tuesday": 0,
                    "wednesday": 0,
                    "thursday": 0,
                    "friday": 0,
                    "saturday": 0,
                    "sunday": 0
                }
            }
        },
        {
            "id": "ID3641timetable",
            "constraints": {
                "global_constraints": {
                    "max_weekly_cap": 3.0,
                    "max_daily_cap": 3.0,
                    "max_consecutive_cap": 2.0,
                    "max_shifts_day": 24,
                    "max_shifts_week": 3.0,
                    "is_human": true
                },
                "daily_start_times": {
                    "monday": null,
                    "tuesday": null,
                    "wednesday": "13:00:00",
                    "thursday": null,
                    "friday": null,
                    "saturday": null,
                    "sunday": null
                },
                "never_work_masks": {
                    "monday": 16777215,
                    "tuesday": 16777215,
                    "wednesday": 8388609,
                    "thursday": 16777215,
                    "friday": 16777215,
                    "saturday": 16777215,
                    "sunday": 16777215
                },
                "always_work_masks": {
                    "monday": 0,
                    "tuesday": 0,
                    "wednesday": 0,
                    "thursday": 0,
                    "friday": 0,
                    "saturday": 0,
                    "sunday": 0
                }
            }
        },
        {
            "id": "Joint_Milling Q.C._0timetable",
            "constraints": {
                "global_constraints": {
                    "max_weekly_cap": 2.0,
                    "max_daily_cap": 2.0,
                    "max_consecutive_cap": 2.0,
                    "max_shifts_day": 24,
                    "max_shifts_week": 2.0,
                    "is_human": true
                },
                "daily_start_times": {
                    "monday": null,
                    "tuesday": null,
                    "wednesday": null,
                    "thursday": null,
                    "friday": null,
                    "saturday": null,
                    "sunday": "05:00:00"
                },
                "never_work_masks": {
                    "monday": 16777215,
                    "tuesday": 16777215,
                    "wednesday": 16777215,
                    "thursday": 16777215,
                    "friday": 16777215,
                    "saturday": 16777215,
                    "sunday": 8388609
                },
                "always_work_masks": {
                    "monday": 0,
                    "tuesday": 0,
                    "wednesday": 0,
                    "thursday": 0,
                    "friday": 0,
                    "saturday": 0,
                    "sunday": 0
                }
            }
        },
        {
            "id": "Joint_Milling_0timetable",
            "constraints": {
                "global_constraints": {
                    "max_weekly_cap": 30.0,
                    "max_daily_cap": 8.0,
                    "max_consecutive_cap": 3.0,
                    "max_shifts_day": 24,
                    "max_shifts_week": 30.0,
                    "is_human": true
                },
                "daily_start_times": {
                    "monday": "01:00:00",
                    "tuesday": "01:00:00",
                    "wednesday": "01:00:00",
                    "thursday": "01:00:00",
                    "friday": "01:00:00",
                    "saturday": null,
                    "sunday": "01:00:00"
                },
                "never_work_masks": {
                    "monday": 8388609,
                    "tuesday": 8388609,
                    "wednesday": 8388609,
                    "thursday": 8388609,
                    "friday": 8388609,
                    "saturday": 16777215,
                    "sunday": 8388609
                },
                "always_work_masks": {
                    "monday": 0,
                    "tuesday": 0,
                    "wednesday": 0,
                    "thursday": 0,
                    "friday": 0,
                    "saturday": 0,
                    "sunday": 0
                }
            }
        },
        {
            "id": "Joint_Fix_0timetable",
            "constraints": {
                "global_constraints": {
                    "max_weekly_cap": 7.0,
                    "max_daily_cap": 5.0,
                    "max_consecutive_cap": 2.0,
                    "max_shifts_day": 24,
                    "max_shifts_week": 7.0,
                    "is_human": true
                },
                "daily_start_times": {
                    "monday": "04:00:00",
                    "tuesday": "04:00:00",
                    "wednesday": null,
                    "thursday": null,
                    "friday": null,
                    "saturday": null,
                    "sunday": null
                },
                "never_work_masks": {
                    "monday": 8388609,
                    "tuesday": 8388609,
                    "wednesday": 16777215,
                    "thursday": 16777215,
                    "friday": 16777215,
                    "saturday": 16777215,
                    "sunday": 16777215
                },
                "always_work_masks": {
                    "monday": 0,
                    "tuesday": 0,
                    "wednesday": 0,
                    "thursday": 0,
                    "friday": 0,
                    "saturday": 0,
                    "sunday": 0
                }
            }
        },
        {
            "id": "Joint_Round  Q.C._0timetable",
            "constraints": {
                "global_constraints": {
                    "max_weekly_cap": 2.0,
                    "max_daily_cap": 2.0,
                    "max_consecutive_cap": 2.0,
                    "max_shifts_day": 24,
                    "max_shifts_week": 2.0,
                    "is_human": true
                },
                "daily_start_times": {
                    "monday": null,
                    "tuesday": null,
                    "wednesday": null,
                    "thursday": "13:00:00",
                    "friday": null,
                    "saturday": null,
                    "sunday": null
                },
                "never_work_masks": {
                    "monday": 16777215,
                    "tuesday": 16777215,
                    "wednesday": 16777215,
                    "thursday": 8388609,
                    "friday": 16777215,
                    "saturday": 16777215,
                    "sunday": 16777215
                },
                "always_work_masks": {
                    "monday": 0,
                    "tuesday": 0,
                    "wednesday": 0,
                    "thursday": 0,
                    "friday": 0,
                    "saturday": 0,
                    "sunday": 0
                }
            }
        },
        {
            "id": "ID3998timetable",
            "constraints": {
                "global_constraints": {
                    "max_weekly_cap": 3.0,
                    "max_daily_cap": 2.0,
                    "max_consecutive_cap": 1.0,
                    "max_shifts_day": 24,
                    "max_shifts_week": 3.0,
                    "is_human": true
                },
                "daily_start_times": {
                    "monday": "12:00:00",
                    "tuesday": null,
                    "wednesday": null,
                    "thursday": "12:00:00",
                    "friday": null,
                    "saturday": null,
                    "sunday": null
                },
                "never_work_masks": {
                    "monday": 8388609,
                    "tuesday": 16777215,
                    "wednesday": 16777215,
                    "thursday": 8388609,
                    "friday": 16777215,
                    "saturday": 16777215,
                    "sunday": 16777215
                },
                "always_work_masks": {
                    "monday": 0,
                    "tuesday": 0,
                    "wednesday": 0,
                    "thursday": 0,
                    "friday": 0,
                    "saturday": 0,
                    "sunday": 0
                }
            }
        },
        {
            "id": "Joint_Turning Rework_0timetable",
            "constraints": {
                "global_constraints": {
                    "max_weekly_cap": 5.0,
                    "max_daily_cap": 3.0,
                    "max_consecutive_cap": 2.0,
                    "max_shifts_day": 24,
                    "max_shifts_week": 5.0,
                    "is_human": true
                },
                "daily_start_times": {
                    "monday": "12:00:00",
                    "tuesday": null,
                    "wednesday": null,
                    "thursday": "12:00:00",
                    "friday": null,
                    "saturday": null,
                    "sunday": null
                },
                "never_work_masks": {
                    "monday": 8388609,
                    "tuesday": 16777215,
                    "wednesday": 16777215,
                    "thursday": 8388609,
                    "friday": 16777215,
                    "saturday": 16777215,
                    "sunday": 16777215
                },
                "always_work_masks": {
                    "monday": 0,
                    "tuesday": 0,
                    "wednesday": 0,
                    "thursday": 0,
                    "friday": 0,
                    "saturday": 0,
                    "sunday": 0
                }
            }
        },
        {
            "id": "ID4851timetable",
            "constraints": {
                "global_constraints": {
                    "max_weekly_cap": 4.0,
                    "max_daily_cap": 2.0,
                    "max_consecutive_cap": 1.0,
                    "max_shifts_day": 24,
                    "max_shifts_week": 4.0,
                    "is_human": true
                },
                "daily_start_times": {
                    "monday": null,
                    "tuesday": "01:00:00",
                    "wednesday": "01:00:00",
                    "thursday": null,
                    "friday": null,
                    "saturday": null,
                    "sunday": null
                },
                "never_work_masks": {
                    "monday": 16777215,
                    "tuesday": 8388609,
                    "wednesday": 8388609,
                    "thursday": 16777215,
                    "friday": 16777215,
                    "saturday": 16777215,
                    "sunday": 16777215
                },
                "always_work_masks": {
                    "monday": 0,
                    "tuesday": 0,
                    "wednesday": 0,
                    "thursday": 0,
                    "friday": 0,
                    "saturday": 0,
                    "sunday": 0
                }
            }
        },
        {
            "id": "Joint_Turn & Mill. & Screw Assem_0timetable",
            "constraints": {
                "global_constraints": {
                    "max_weekly_cap": 41.0,
                    "max_daily_cap": 10.0,
                    "max_consecutive_cap": 4.0,
                    "max_shifts_day": 24,
                    "max_shifts_week": 41.0,
                    "is_human": true
                },
                "daily_start_times": {
                    "monday": "01:00:00",
                    "tuesday": "01:00:00",
                    "wednesday": "01:00:00",
                    "thursday": "01:00:00",
                    "friday": "01:00:00",
                    "saturday": null,
                    "sunday": "01:00:00"
                },
                "never_work_masks": {
                    "monday": 8388609,
                    "tuesday": 8388609,
                    "wednesday": 8388609,
                    "thursday": 8388609,
                    "friday": 8388609,
                    "saturday": 16777215,
                    "sunday": 8388609
                },
                "always_work_masks": {
                    "monday": 0,
                    "tuesday": 0,
                    "wednesday": 0,
                    "thursday": 0,
                    "friday": 0,
                    "saturday": 0,
                    "sunday": 0
                }
            }
        },
        {
            "id": "Joint_Nitration Q.C._0timetable",
            "constraints": {
                "global_constraints": {
                    "max_weekly_cap": 5.0,
                    "max_daily_cap": 4.0,
                    "max_consecutive_cap": 4.0,
                    "max_shifts_day": 24,
                    "max_shifts_week": 5.0,
                    "is_human": true
                },
                "daily_start_times": {
                    "monday": "15:00:00",
                    "tuesday": null,
                    "wednesday": null,
                    "thursday": "15:00:00",
                    "friday": null,
                    "saturday": null,
                    "sunday": null
                },
                "never_work_masks": {
                    "monday": 8388609,
                    "tuesday": 16777215,
                    "wednesday": 16777215,
                    "thursday": 8388609,
                    "friday": 16777215,
                    "saturday": 16777215,
                    "sunday": 16777215
                },
                "always_work_masks": {
                    "monday": 0,
                    "tuesday": 0,
                    "wednesday": 0,
                    "thursday": 0,
                    "friday": 0,
                    "saturday": 0,
                    "sunday": 0
                }
            }
        },
        {
            "id": "ID4820_COPYbfbb040249timetable",
            "constraints": {
                "global_constraints": {
                    "max_weekly_cap": 12.0,
                    "max_daily_cap": 2.0,
                    "max_consecutive_cap": 2.0,
                    "max_shifts_day": 24,
                    "max_shifts_week": 12.0,
                    "is_human": true
                },
                "daily_start_times": {
                    "monday": "05:00:00",
                    "tuesday": "05:00:00",
                    "wednesday": "05:00:00",
                    "thursday": "05:00:00",
                    "friday": "05:00:00",
                    "saturday": null,
                    "sunday": "05:00:00"
                },
                "never_work_masks": {
                    "monday": 8388609,
                    "tuesday": 8388609,
                    "wednesday": 8388609,
                    "thursday": 8388609,
                    "friday": 8388609,
                    "saturday": 16777215,
                    "sunday": 8388609
                },
                "always_work_masks": {
                    "monday": 0,
                    "tuesday": 0,
                    "wednesday": 0,
                    "thursday": 0,
                    "friday": 0,
                    "saturday": 0,
                    "sunday": 0
                }
            }
        },
        {
            "id": "Joint_Turning & Milling_0_COPYf4b285cfdatimetable",
            "constraints": {
                "global_constraints": {
                    "max_weekly_cap": 115.0,
                    "max_daily_cap": 19.0,
                    "max_consecutive_cap": 12.0,
                    "max_shifts_day": 24,
                    "max_shifts_week": 115.0,
                    "is_human": true
                },
                "daily_start_times": {
                    "monday": "01:00:00",
                    "tuesday": "01:00:00",
                    "wednesday": "01:00:00",
                    "thursday": "01:00:00",
                    "friday": "01:00:00",
                    "saturday": "01:00:00",
                    "sunday": "01:00:00"
                },
                "never_work_masks": {
                    "monday": 8388609,
                    "tuesday": 8388609,
                    "wednesday": 8388609,
                    "thursday": 8388609,
                    "friday": 8388609,
                    "saturday": 8388609,
                    "sunday": 8388609
                },
                "always_work_masks": {
                    "monday": 0,
                    "tuesday": 0,
                    "wednesday": 0,
                    "thursday": 0,
                    "friday": 0,
                    "saturday": 0,
                    "sunday": 0
                }
            }
        },
        {
            "id": "Joint_Packing_0_COPYd11c9abe58timetable",
            "constraints": {
                "global_constraints": {
                    "max_weekly_cap": 12.0,
                    "max_daily_cap": 4.0,
                    "max_consecutive_cap": 2.0,
                    "max_shifts_day": 24,
                    "max_shifts_week": 12.0,
                    "is_human": true
                },
                "daily_start_times": {
                    "monday": "05:00:00",
                    "tuesday": "05:00:00",
                    "wednesday": null,
                    "thursday": "05:00:00",
                    "friday": "05:00:00",
                    "saturday": null,
                    "sunday": "05:00:00"
                },
                "never_work_masks": {
                    "monday": 8388609,
                    "tuesday": 8388609,
                    "wednesday": 16777215,
                    "thursday": 8388609,
                    "friday": 8388609,
                    "saturday": 16777215,
                    "sunday": 8388609
                },
                "always_work_masks": {
                    "monday": 0,
                    "tuesday": 0,
                    "wednesday": 0,
                    "thursday": 0,
                    "friday": 0,
                    "saturday": 0,
                    "sunday": 0
                }
            }
        },
        {
            "id": "Joint_Turning & Milling_0_COPYf4b285cfda_COPYb73982a524timetable",
            "constraints": {
                "global_constraints": {
                    "max_weekly_cap": 115.0,
                    "max_daily_cap": 19.0,
                    "max_consecutive_cap": 12.0,
                    "max_shifts_day": 24,
                    "max_shifts_week": 115.0,
                    "is_human": true
                },
                "daily_start_times": {
                    "monday": "01:00:00",
                    "tuesday": "01:00:00",
                    "wednesday": "01:00:00",
                    "thursday": "01:00:00",
                    "friday": "01:00:00",
                    "saturday": "01:00:00",
                    "sunday": "01:00:00"
                },
                "never_work_masks": {
                    "monday": 8388609,
                    "tuesday": 8388609,
                    "wednesday": 8388609,
                    "thursday": 8388609,
                    "friday": 8388609,
                    "saturday": 8388609,
                    "sunday": 8388609
                },
                "always_work_masks": {
                    "monday": 0,
                    "tuesday": 0,
                    "wednesday": 0,
                    "thursday": 0,
                    "friday": 0,
                    "saturday": 0,
                    "sunday": 0
                }
            }
        },
        {
            "id": "Joint_Round Grinding_0_COPYc7a32f4193_COPYfcbfab0cfdtimetable",
            "constraints": {
                "global_constraints": {
                    "max_weekly_cap": 110.0,
                    "max_daily_cap": 21.0,
                    "max_consecutive_cap": 21.0,
                    "max_shifts_day": 24,
                    "max_shifts_week": 110.0,
                    "is_human": true
                },
                "daily_start_times": {
                    "monday": "01:00:00",
                    "tuesday": "01:00:00",
                    "wednesday": "01:00:00",
                    "thursday": "01:00:00",
                    "friday": "01:00:00",
                    "saturday": "01:00:00",
                    "sunday": "01:00:00"
                },
                "never_work_masks": {
                    "monday": 8388609,
                    "tuesday": 8388609,
                    "wednesday": 8388609,
                    "thursday": 8388609,
                    "friday": 8388609,
                    "saturday": 8388609,
                    "sunday": 8388609
                },
                "always_work_masks": {
                    "monday": 0,
                    "tuesday": 0,
                    "wednesday": 0,
                    "thursday": 0,
                    "friday": 0,
                    "saturday": 0,
                    "sunday": 0
                }
            }
        },
        {
            "id": "Joint_Round Grinding_0_COPYc7a32f4193_COPY651e1afb42timetable",
            "constraints": {
                "global_constraints": {
                    "max_weekly_cap": 110.0,
                    "max_daily_cap": 21.0,
                    "max_consecutive_cap": 21.0,
                    "max_shifts_day": 24,
                    "max_shifts_week": 110.0,
                    "is_human": true
                },
                "daily_start_times": {
                    "monday": "01:00:00",
                    "tuesday": "01:00:00",
                    "wednesday": "01:00:00",
                    "thursday": "01:00:00",
                    "friday": "01:00:00",
                    "saturday": "01:00:00",
                    "sunday": "01:00:00"
                },
                "never_work_masks": {
                    "monday": 8388609,
                    "tuesday": 8388609,
                    "wednesday": 8388609,
                    "thursday": 8388609,
                    "friday": 8388609,
                    "saturday": 8388609,
                    "sunday": 8388609
                },
                "always_work_masks": {
                    "monday": 0,
                    "tuesday": 0,
                    "wednesday": 0,
                    "thursday": 0,
                    "friday": 0,
                    "saturday": 0,
                    "sunday": 0
                }
            }
        },
        {
            "id": "ID4820_COPYbfbb040249_COPY1b62e55340timetable",
            "constraints": {
                "global_constraints": {
                    "max_weekly_cap": 12.0,
                    "max_daily_cap": 2.0,
                    "max_consecutive_cap": 2.0,
                    "max_shifts_day": 24,
                    "max_shifts_week": 12.0,
                    "is_human": true
                },
                "daily_start_times": {
                    "monday": "05:00:00",
                    "tuesday": "05:00:00",
                    "wednesday": "05:00:00",
                    "thursday": "05:00:00",
                    "friday": "05:00:00",
                    "saturday": null,
                    "sunday": "05:00:00"
                },
                "never_work_masks": {
                    "monday": 8388609,
                    "tuesday": 8388609,
                    "wednesday": 8388609,
                    "thursday": 8388609,
                    "friday": 8388609,
                    "saturday": 16777215,
                    "sunday": 8388609
                },
                "always_work_masks": {
                    "monday": 0,
                    "tuesday": 0,
                    "wednesday": 0,
                    "thursday": 0,
                    "friday": 0,
                    "saturday": 0,
                    "sunday": 0
                }
            }
        },
        {
            "id": "Joint_Turning & Milling_0_COPYf4b285cfda_COPYbcdf3457c5timetable",
            "constraints": {
                "global_constraints": {
                    "max_weekly_cap": 115.0,
                    "max_daily_cap": 19.0,
                    "max_consecutive_cap": 12.0,
                    "max_shifts_day": 24,
                    "max_shifts_week": 115.0,
                    "is_human": true
                },
                "daily_start_times": {
                    "monday": "01:00:00",
                    "tuesday": "01:00:00",
                    "wednesday": "01:00:00",
                    "thursday": "01:00:00",
                    "friday": "01:00:00",
                    "saturday": "01:00:00",
                    "sunday": "01:00:00"
                },
                "never_work_masks": {
                    "monday": 8388609,
                    "tuesday": 8388609,
                    "wednesday": 8388609,
                    "thursday": 8388609,
                    "friday": 8388609,
                    "saturday": 8388609,
                    "sunday": 8388609
                },
                "always_work_masks": {
                    "monday": 0,
                    "tuesday": 0,
                    "wednesday": 0,
                    "thursday": 0,
                    "friday": 0,
                    "saturday": 0,
                    "sunday": 0
                }
            }
        },
        {
            "id": "Joint_Final Inspection Q.C._0_COPYcb2b796a3ftimetable",
            "constraints": {
                "global_constraints": {
                    "max_weekly_cap": 56.0,
                    "max_daily_cap": 11.0,
                    "max_consecutive_cap": 11.0,
                    "max_shifts_day": 24,
                    "max_shifts_week": 56.0,
                    "is_human": true
                },
                "daily_start_times": {
                    "monday": "11:00:00",
                    "tuesday": "11:00:00",
                    "wednesday": "11:00:00",
                    "thursday": "11:00:00",
                    "friday": "11:00:00",
                    "saturday": null,
                    "sunday": "11:00:00"
                },
                "never_work_masks": {
                    "monday": 8388609,
                    "tuesday": 8388609,
                    "wednesday": 8388609,
                    "thursday": 8388609,
                    "friday": 8388609,
                    "saturday": 16777215,
                    "sunday": 8388609
                },
                "always_work_masks": {
                    "monday": 0,
                    "tuesday": 0,
                    "wednesday": 0,
                    "thursday": 0,
                    "friday": 0,
                    "saturday": 0,
                    "sunday": 0
                }
            }
        },
        {
            "id": "Joint_Turning & Milling_0_COPYf4b285cfda_COPY7cc8df5a5dtimetable",
            "constraints": {
                "global_constraints": {
                    "max_weekly_cap": 115.0,
                    "max_daily_cap": 19.0,
                    "max_consecutive_cap": 12.0,
                    "max_shifts_day": 24,
                    "max_shifts_week": 115.0,
                    "is_human": true
                },
                "daily_start_times": {
                    "monday": "01:00:00",
                    "tuesday": "01:00:00",
                    "wednesday": "01:00:00",
                    "thursday": "01:00:00",
                    "friday": "01:00:00",
                    "saturday": "01:00:00",
                    "sunday": "01:00:00"
                },
                "never_work_masks": {
                    "monday": 8388609,
                    "tuesday": 8388609,
                    "wednesday": 8388609,
                    "thursday": 8388609,
                    "friday": 8388609,
                    "saturday": 8388609,
                    "sunday": 8388609
                },
                "always_work_masks": {
                    "monday": 0,
                    "tuesday": 0,
                    "wednesday": 0,
                    "thursday": 0,
                    "friday": 0,
                    "saturday": 0,
                    "sunday": 0
                }
            }
        },
        {
            "id": "Joint_Round Grinding_0_COPYc7a32f4193_COPY651e1afb42_COPY7659f5a666timetable",
            "constraints": {
                "global_constraints": {
                    "max_weekly_cap": 110.0,
                    "max_daily_cap": 21.0,
                    "max_consecutive_cap": 21.0,
                    "max_shifts_day": 24,
                    "max_shifts_week": 110.0,
                    "is_human": true
                },
                "daily_start_times": {
                    "monday": "01:00:00",
                    "tuesday": "01:00:00",
                    "wednesday": "01:00:00",
                    "thursday": "01:00:00",
                    "friday": "01:00:00",
                    "saturday": "01:00:00",
                    "sunday": "01:00:00"
                },
                "never_work_masks": {
                    "monday": 8388609,
                    "tuesday": 8388609,
                    "wednesday": 8388609,
                    "thursday": 8388609,
                    "friday": 8388609,
                    "saturday": 8388609,
                    "sunday": 8388609
                },
                "always_work_masks": {
                    "monday": 0,
                    "tuesday": 0,
                    "wednesday": 0,
                    "thursday": 0,
                    "friday": 0,
                    "saturday": 0,
                    "sunday": 0
                }
            }
        },
        {
            "id": "Joint_Turning & Milling_0_COPYf4b285cfda_COPY7cc8df5a5d_COPY840a91cff4timetable",
            "constraints": {
                "global_constraints": {
                    "max_weekly_cap": 115.0,
                    "max_daily_cap": 19.0,
                    "max_consecutive_cap": 12.0,
                    "max_shifts_day": 24,
                    "max_shifts_week": 115.0,
                    "is_human": true
                },
                "daily_start_times": {
                    "monday": "01:00:00",
                    "tuesday": "01:00:00",
                    "wednesday": "01:00:00",
                    "thursday": "01:00:00",
                    "friday": "01:00:00",
                    "saturday": "01:00:00",
                    "sunday": "01:00:00"
                },
                "never_work_masks": {
                    "monday": 8388609,
                    "tuesday": 8388609,
                    "wednesday": 8388609,
                    "thursday": 8388609,
                    "friday": 8388609,
                    "saturday": 8388609,
                    "sunday": 8388609
                },
                "always_work_masks": {
                    "monday": 0,
                    "tuesday": 0,
                    "wednesday": 0,
                    "thursday": 0,
                    "friday": 0,
                    "saturday": 0,
                    "sunday": 0
                }
            }
        },
        {
            "id": "Joint_Turning & Milling_0_COPYf4b285cfda_COPYbcdf3457c5_COPYfa7ea6ab08timetable",
            "constraints": {
                "global_constraints": {
                    "max_weekly_cap": 115.0,
                    "max_daily_cap": 19.0,
                    "max_consecutive_cap": 12.0,
                    "max_shifts_day": 24,
                    "max_shifts_week": 115.0,
                    "is_human": true
                },
                "daily_start_times": {
                    "monday": "01:00:00",
                    "tuesday": "01:00:00",
                    "wednesday": "01:00:00",
                    "thursday": "01:00:00",
                    "friday": "01:00:00",
                    "saturday": "01:00:00",
                    "sunday": "01:00:00"
                },
                "never_work_masks": {
                    "monday": 8388609,
                    "tuesday": 8388609,
                    "wednesday": 8388609,
                    "thursday": 8388609,
                    "friday": 8388609,
                    "saturday": 8388609,
                    "sunday": 8388609
                },
                "always_work_masks": {
                    "monday": 0,
                    "tuesday": 0,
                    "wednesday": 0,
                    "thursday": 0,
                    "friday": 0,
                    "saturday": 0,
                    "sunday": 0
                }
            }
        },
        {
            "id": "Joint_Round Grinding_0_COPYc7a32f4193_COPYfcbfab0cfd_COPYc9e41a1f82timetable",
            "constraints": {
                "global_constraints": {
                    "max_weekly_cap": 110.0,
                    "max_daily_cap": 21.0,
                    "max_consecutive_cap": 21.0,
                    "max_shifts_day": 24,
                    "max_shifts_week": 110.0,
                    "is_human": true
                },
                "daily_start_times": {
                    "monday": "01:00:00",
                    "tuesday": "01:00:00",
                    "wednesday": "01:00:00",
                    "thursday": "01:00:00",
                    "friday": "01:00:00",
                    "saturday": "01:00:00",
                    "sunday": "01:00:00"
                },
                "never_work_masks": {
                    "monday": 8388609,
                    "tuesday": 8388609,
                    "wednesday": 8388609,
                    "thursday": 8388609,
                    "friday": 8388609,
                    "saturday": 8388609,
                    "sunday": 8388609
                },
                "always_work_masks": {
                    "monday": 0,
                    "tuesday": 0,
                    "wednesday": 0,
                    "thursday": 0,
                    "friday": 0,
                    "saturday": 0,
                    "sunday": 0
                }
            }
        },
        {
            "id": "Joint_Final Inspection Q.C._0_COPYcecc6f5295timetable",
            "constraints": {
                "global_constraints": {
                    "max_weekly_cap": 56.0,
                    "max_daily_cap": 11.0,
                    "max_consecutive_cap": 11.0,
                    "max_shifts_day": 24,
                    "max_shifts_week": 56.0,
                    "is_human": true
                },
                "daily_start_times": {
                    "monday": "11:00:00",
                    "tuesday": "11:00:00",
                    "wednesday": "11:00:00",
                    "thursday": "11:00:00",
                    "friday": "11:00:00",
                    "saturday": null,
                    "sunday": "11:00:00"
                },
                "never_work_masks": {
                    "monday": 8388609,
                    "tuesday": 8388609,
                    "wednesday": 8388609,
                    "thursday": 8388609,
                    "friday": 8388609,
                    "saturday": 16777215,
                    "sunday": 8388609
                },
                "always_work_masks": {
                    "monday": 0,
                    "tuesday": 0,
                    "wednesday": 0,
                    "thursday": 0,
                    "friday": 0,
                    "saturday": 0,
                    "sunday": 0
                }
            }
        },
        {
            "id": "Joint_Round Grinding_0_COPYc7a32f4193_COPY651e1afb42_COPY7659f5a666_COPYab275f580dtimetable",
            "constraints": {
                "global_constraints": {
                    "max_weekly_cap": 110.0,
                    "max_daily_cap": 21.0,
                    "max_consecutive_cap": 21.0,
                    "max_shifts_day": 24,
                    "max_shifts_week": 110.0,
                    "is_human": true
                },
                "daily_start_times": {
                    "monday": "01:00:00",
                    "tuesday": "01:00:00",
                    "wednesday": "01:00:00",
                    "thursday": "01:00:00",
                    "friday": "01:00:00",
                    "saturday": "01:00:00",
                    "sunday": "01:00:00"
                },
                "never_work_masks": {
                    "monday": 8388609,
                    "tuesday": 8388609,
                    "wednesday": 8388609,
                    "thursday": 8388609,
                    "friday": 8388609,
                    "saturday": 8388609,
                    "sunday": 8388609
                },
                "always_work_masks": {
                    "monday": 0,
                    "tuesday": 0,
                    "wednesday": 0,
                    "thursday": 0,
                    "friday": 0,
                    "saturday": 0,
                    "sunday": 0
                }
            }
        },
        {
            "id": "Joint_Round Grinding_0_COPYc7a32f4193_COPYfcbfab0cfd_COPYc9e41a1f82_COPY18c4623446timetable",
            "constraints": {
                "global_constraints": {
                    "max_weekly_cap": 110.0,
                    "max_daily_cap": 21.0,
                    "max_consecutive_cap": 21.0,
                    "max_shifts_day": 24,
                    "max_shifts_week": 110.0,
                    "is_human": true
                },
                "daily_start_times": {
                    "monday": "01:00:00",
                    "tuesday": "01:00:00",
                    "wednesday": "01:00:00",
                    "thursday": "01:00:00",
                    "friday": "01:00:00",
                    "saturday": "01:00:00",
                    "sunday": "01:00:00"
                },
                "never_work_masks": {
                    "monday": 8388609,
                    "tuesday": 8388609,
                    "wednesday": 8388609,
                    "thursday": 8388609,
                    "friday": 8388609,
                    "saturday": 8388609,
                    "sunday": 8388609
                },
                "always_work_masks": {
                    "monday": 0,
                    "tuesday": 0,
                    "wednesday": 0,
                    "thursday": 0,
                    "friday": 0,
                    "saturday": 0,
                    "sunday": 0
                }
            }
        },
        {
            "id": "ID4820_COPYbfbb040249_COPY1b62e55340_COPY76b7d907cctimetable",
            "constraints": {
                "global_constraints": {
                    "max_weekly_cap": 12.0,
                    "max_daily_cap": 2.0,
                    "max_consecutive_cap": 2.0,
                    "max_shifts_day": 24,
                    "max_shifts_week": 12.0,
                    "is_human": true
                },
                "daily_start_times": {
                    "monday": "05:00:00",
                    "tuesday": "05:00:00",
                    "wednesday": "05:00:00",
                    "thursday": "05:00:00",
                    "friday": "05:00:00",
                    "saturday": null,
                    "sunday": "05:00:00"
                },
                "never_work_masks": {
                    "monday": 8388609,
                    "tuesday": 8388609,
                    "wednesday": 8388609,
                    "thursday": 8388609,
                    "friday": 8388609,
                    "saturday": 16777215,
                    "sunday": 8388609
                },
                "always_work_masks": {
                    "monday": 0,
                    "tuesday": 0,
                    "wednesday": 0,
                    "thursday": 0,
                    "friday": 0,
                    "saturday": 0,
                    "sunday": 0
                }
            }
        },
        {
            "id": "Joint_Round Grinding_0_COPYc7a32f4193_COPY651e1afb42_COPY625036f792timetable",
            "constraints": {
                "global_constraints": {
                    "max_weekly_cap": 110.0,
                    "max_daily_cap": 21.0,
                    "max_consecutive_cap": 21.0,
                    "max_shifts_day": 24,
                    "max_shifts_week": 110.0,
                    "is_human": true
                },
                "daily_start_times": {
                    "monday": "01:00:00",
                    "tuesday": "01:00:00",
                    "wednesday": "01:00:00",
                    "thursday": "01:00:00",
                    "friday": "01:00:00",
                    "saturday": "01:00:00",
                    "sunday": "01:00:00"
                },
                "never_work_masks": {
                    "monday": 8388609,
                    "tuesday": 8388609,
                    "wednesday": 8388609,
                    "thursday": 8388609,
                    "friday": 8388609,
                    "saturday": 8388609,
                    "sunday": 8388609
                },
                "always_work_masks": {
                    "monday": 0,
                    "tuesday": 0,
                    "wednesday": 0,
                    "thursday": 0,
                    "friday": 0,
                    "saturday": 0,
                    "sunday": 0
                }
            }
        },
        {
            "id": "Joint_Turning & Milling_0_COPYf4b285cfda_COPY7cc8df5a5d_COPY840a91cff4_COPYbdf9e39adctimetable",
            "constraints": {
                "global_constraints": {
                    "max_weekly_cap": 115.0,
                    "max_daily_cap": 19.0,
                    "max_consecutive_cap": 12.0,
                    "max_shifts_day": 24,
                    "max_shifts_week": 115.0,
                    "is_human": true
                },
                "daily_start_times": {
                    "monday": "01:00:00",
                    "tuesday": "01:00:00",
                    "wednesday": "01:00:00",
                    "thursday": "01:00:00",
                    "friday": "01:00:00",
                    "saturday": "01:00:00",
                    "sunday": "01:00:00"
                },
                "never_work_masks": {
                    "monday": 8388609,
                    "tuesday": 8388609,
                    "wednesday": 8388609,
                    "thursday": 8388609,
                    "friday": 8388609,
                    "saturday": 8388609,
                    "sunday": 8388609
                },
                "always_work_masks": {
                    "monday": 0,
                    "tuesday": 0,
                    "wednesday": 0,
                    "thursday": 0,
                    "friday": 0,
                    "saturday": 0,
                    "sunday": 0
                }
            }
        },
        {
            "id": "Joint_Packing_0_COPY9852cd3cdctimetable",
            "constraints": {
                "global_constraints": {
                    "max_weekly_cap": 12.0,
                    "max_daily_cap": 4.0,
                    "max_consecutive_cap": 2.0,
                    "max_shifts_day": 24,
                    "max_shifts_week": 12.0,
                    "is_human": true
                },
                "daily_start_times": {
                    "monday": "05:00:00",
                    "tuesday": "05:00:00",
                    "wednesday": null,
                    "thursday": "05:00:00",
                    "friday": "05:00:00",
                    "saturday": null,
                    "sunday": "05:00:00"
                },
                "never_work_masks": {
                    "monday": 8388609,
                    "tuesday": 8388609,
                    "wednesday": 16777215,
                    "thursday": 8388609,
                    "friday": 8388609,
                    "saturday": 16777215,
                    "sunday": 8388609
                },
                "always_work_masks": {
                    "monday": 0,
                    "tuesday": 0,
                    "wednesday": 0,
                    "thursday": 0,
                    "friday": 0,
                    "saturday": 0,
                    "sunday": 0
                }
            }
        }
    ]
}